customer_id,signup_date,churned_at,plan,country,monthly_revenue,status,acquisition_channel
CUST-00001,2026-01-20 00:00:00+00:00,,Basic,AU,31.52,active,referral
CUST-00002,2024-10-04 00:00:00+00:00,,Basic,DE,27.65,active,sales
CUST-00003,2024-12-26 00:00:00+00:00,,Basic,CA,16.34,active,referral
CUST-00004,2025-05-24 00:00:00+00:00,2026-04-04 00:00:00+00:00,Basic,AU,29.08,churned,partner
CUST-00005,2025-05-28 00:00:00+00:00,,Pro,US,70.2,active,partner
CUST-00006,2024-08-07 00:00:00+00:00,,Basic,GB,15.12,active,organic
CUST-00007,2026-01-22 00:00:00+00:00,,Basic,IN,30.09,active,organic
CUST-00008,2024-11-26 00:00:00+00:00,2026-04-01 00:00:00+00:00,Enterprise,DE,202.9,churned,referral
CUST-00009,2025-11-03 00:00:00+00:00,,Basic,IN,33.21,active,paid_search
CUST-00010,2026-01-17 00:00:00+00:00,2026-03-31 00:00:00+00:00,Basic,CA,33.54,churned,paid_search
CUST-00011,2025-03-24 00:00:00+00:00,2026-04-05 00:00:00+00:00,Pro,IN,63.54,churned,organic
CUST-00012,2024-05-18 00:00:00+00:00,,Basic,DE,18.11,active,referral
CUST-00013,2024-10-31 00:00:00+00:00,,Basic,US,44.79,active,referral
CUST-00014,2024-10-13 00:00:00+00:00,,Basic,CA,20.62,active,partner
CUST-00015,2024-11-12 00:00:00+00:00,,Enterprise,CA,203.89,active,partner
CUST-00016,2024-09-26 00:00:00+00:00,,Basic,AU,23.5,active,paid_search
CUST-00017,2025-04-02 00:00:00+00:00,,Basic,GB,29.64,active,organic
CUST-00018,2025-12-24 00:00:00+00:00,,Basic,US,23.93,active,paid_search
CUST-00019,2024-08-20 00:00:00+00:00,2026-03-28 00:00:00+00:00,Basic,AU,33.49,churned,referral
CUST-00020,2025-05-16 00:00:00+00:00,,Pro,GB,80.09,active,referral
CUST-00021,2025-04-11 00:00:00+00:00,,Basic,CA,25.41,active,organic
CUST-00022,2025-07-10 00:00:00+00:00,2026-04-05 00:00:00+00:00,Pro,AU,70.6,churned,organic
CUST-00023,2025-11-17 00:00:00+00:00,,Pro,DE,81.14,active,organic
CUST-00024,2024-06-21 00:00:00+00:00,,Pro,CA,69.3,active,sales
CUST-00025,2024-09-29 00:00:00+00:00,,Basic,AU,32.42,active,partner
CUST-00026,2025-01-02 00:00:00+00:00,2026-04-06 00:00:00+00:00,Enterprise,GB,220.01,churned,referral
CUST-00027,2025-06-18 00:00:00+00:00,,Pro,US,89.8,active,partner
CUST-00028,2024-09-01 00:00:00+00:00,2026-03-30 00:00:00+00:00,Basic,US,34.75,churned,referral
CUST-00029,2025-03-11 00:00:00+00:00,2026-04-03 00:00:00+00:00,Pro,GB,78.32,churned,partner
CUST-00030,2025-05-21 00:00:00+00:00,,Enterprise,DE,183.49,active,organic
CUST-00031,2025-05-16 00:00:00+00:00,,Basic,US,18.42,active,sales
CUST-00032,2025-10-17 00:00:00+00:00,,Enterprise,US,209.26,active,referral
CUST-00033,2026-01-18 00:00:00+00:00,,Basic,AU,22.68,active,referral
CUST-00034,2025-03-05 00:00:00+00:00,,Pro,AU,73.41,active,sales
CUST-00035,2024-07-18 00:00:00+00:00,,Enterprise,US,197.67,active,organic
CUST-00036,2026-02-06 00:00:00+00:00,,Basic,DE,20.5,active,paid_search
CUST-00037,2024-08-07 00:00:00+00:00,,Pro,US,69.19,active,partner
CUST-00038,2024-08-28 00:00:00+00:00,,Basic,AU,28.6,active,organic
CUST-00039,2025-09-13 00:00:00+00:00,,Pro,CA,71.87,active,partner
CUST-00040,2025-01-11 00:00:00+00:00,2026-04-13 00:00:00+00:00,Pro,CA,73.07,churned,organic
CUST-00041,2025-11-28 00:00:00+00:00,,Basic,DE,22.75,active,organic
CUST-00042,2024-10-15 00:00:00+00:00,2026-03-29 00:00:00+00:00,Basic,DE,33.18,churned,organic
CUST-00043,2024-11-24 00:00:00+00:00,2026-04-01 00:00:00+00:00,Basic,CA,27.14,churned,organic
CUST-00044,2025-07-21 00:00:00+00:00,,Basic,DE,27.57,active,referral
CUST-00045,2026-02-04 00:00:00+00:00,,Basic,GB,33.78,active,partner
CUST-00046,2024-05-22 00:00:00+00:00,2026-04-13 00:00:00+00:00,Basic,AU,27.86,churned,partner
CUST-00047,2025-05-19 00:00:00+00:00,,Basic,DE,26.77,active,paid_search
CUST-00048,2024-07-14 00:00:00+00:00,2026-03-26 00:00:00+00:00,Basic,CA,32.76,churned,partner
CUST-00049,2024-12-10 00:00:00+00:00,,Pro,DE,84.35,active,paid_search
CUST-00050,2024-10-01 00:00:00+00:00,2026-04-10 00:00:00+00:00,Pro,CA,77.82,churned,organic
CUST-00051,2024-10-14 00:00:00+00:00,2026-04-05 00:00:00+00:00,Pro,US,79.64,churned,partner
CUST-00052,2025-11-08 00:00:00+00:00,2026-03-28 00:00:00+00:00,Basic,US,22.75,churned,paid_search
CUST-00053,2025-07-14 00:00:00+00:00,2026-04-16 00:00:00+00:00,Enterprise,US,192.11,churned,organic
CUST-00054,2025-05-04 00:00:00+00:00,2026-04-07 00:00:00+00:00,Pro,DE,85.15,churned,organic
CUST-00055,2025-04-13 00:00:00+00:00,,Basic,AU,32.56,active,sales
CUST-00056,2026-02-20 00:00:00+00:00,,Basic,IN,32.64,active,sales
CUST-00057,2025-03-10 00:00:00+00:00,,Pro,US,81.25,active,paid_search
CUST-00058,2025-12-06 00:00:00+00:00,,Basic,CA,29.37,active,referral
CUST-00059,2024-10-26 00:00:00+00:00,,Pro,AU,84.57,active,referral
CUST-00060,2024-12-06 00:00:00+00:00,,Enterprise,DE,206.48,active,organic
CUST-00061,2024-06-24 00:00:00+00:00,,Basic,GB,36.29,active,partner
CUST-00062,2024-10-25 00:00:00+00:00,,Basic,GB,28.19,active,referral
CUST-00063,2025-07-13 00:00:00+00:00,,Enterprise,US,210.1,active,organic
CUST-00064,2024-05-24 00:00:00+00:00,,Pro,IN,80.83,active,paid_search
CUST-00065,2025-06-12 00:00:00+00:00,,Basic,CA,34.06,active,organic
CUST-00066,2025-08-10 00:00:00+00:00,,Enterprise,GB,201.26,active,organic
CUST-00067,2024-07-06 00:00:00+00:00,,Enterprise,AU,200.98,active,organic
CUST-00068,2025-07-10 00:00:00+00:00,,Pro,AU,73.11,active,organic
CUST-00069,2026-01-29 00:00:00+00:00,2026-04-11 00:00:00+00:00,Pro,IN,84.61,churned,paid_search
CUST-00070,2025-05-03 00:00:00+00:00,2026-03-29 00:00:00+00:00,Basic,IN,51.76,churned,sales
CUST-00071,2024-09-19 00:00:00+00:00,,Basic,AU,26.0,active,paid_search
CUST-00072,2025-11-12 00:00:00+00:00,2026-04-20 00:00:00+00:00,Pro,US,79.57,churned,referral
CUST-00073,2025-05-07 00:00:00+00:00,2026-03-27 00:00:00+00:00,Basic,GB,25.43,churned,referral
CUST-00074,2025-12-23 00:00:00+00:00,2026-03-29 00:00:00+00:00,Pro,CA,75.1,churned,referral
CUST-00075,2024-12-04 00:00:00+00:00,,Pro,AU,91.36,active,sales
CUST-00076,2025-04-28 00:00:00+00:00,2026-03-27 00:00:00+00:00,Basic,AU,23.62,churned,paid_search
CUST-00077,2025-08-07 00:00:00+00:00,,Pro,US,75.21,active,organic
CUST-00078,2025-10-17 00:00:00+00:00,,Basic,IN,16.3,active,paid_search
CUST-00079,2025-02-26 00:00:00+00:00,2026-04-12 00:00:00+00:00,Enterprise,IN,192.94,churned,partner
CUST-00080,2024-12-15 00:00:00+00:00,,Basic,IN,15.33,active,referral
CUST-00081,2024-06-12 00:00:00+00:00,,Pro,IN,84.05,active,sales
CUST-00082,2025-05-25 00:00:00+00:00,,Pro,CA,101.4,active,organic
CUST-00083,2025-12-02 00:00:00+00:00,,Basic,US,26.07,active,organic
CUST-00084,2024-08-25 00:00:00+00:00,,Pro,AU,65.67,active,sales
CUST-00085,2025-01-12 00:00:00+00:00,,Pro,DE,86.2,active,referral
CUST-00086,2024-11-24 00:00:00+00:00,,Pro,DE,73.18,active,referral
CUST-00087,2026-01-14 00:00:00+00:00,2026-04-13 00:00:00+00:00,Pro,IN,89.39,churned,partner
CUST-00088,2025-08-19 00:00:00+00:00,,Enterprise,IN,196.74,active,partner
CUST-00089,2024-10-09 00:00:00+00:00,,Basic,DE,23.95,active,organic
CUST-00090,2024-08-25 00:00:00+00:00,,Pro,IN,77.58,active,referral
CUST-00091,2025-05-26 00:00:00+00:00,,Basic,AU,35.06,active,organic
CUST-00092,2024-09-13 00:00:00+00:00,,Pro,US,77.18,active,sales
CUST-00093,2024-08-19 00:00:00+00:00,2026-03-23 00:00:00+00:00,Pro,US,75.03,churned,paid_search
CUST-00094,2025-06-28 00:00:00+00:00,2026-03-25 00:00:00+00:00,Basic,AU,27.41,churned,partner
CUST-00095,2024-07-11 00:00:00+00:00,,Basic,DE,18.83,active,organic
CUST-00096,2025-09-05 00:00:00+00:00,2026-03-27 00:00:00+00:00,Enterprise,US,202.18,churned,referral
CUST-00097,2025-10-08 00:00:00+00:00,2026-03-28 00:00:00+00:00,Basic,CA,14.71,churned,referral
CUST-00098,2024-12-07 00:00:00+00:00,2026-04-04 00:00:00+00:00,Pro,US,75.45,churned,sales
CUST-00099,2025-01-07 00:00:00+00:00,,Basic,CA,35.08,active,referral
CUST-00100,2025-12-16 00:00:00+00:00,,Enterprise,AU,201.42,active,organic
CUST-00101,2024-08-25 00:00:00+00:00,,Basic,CA,33.72,active,organic
CUST-00102,2025-11-05 00:00:00+00:00,,Basic,CA,28.48,active,sales
CUST-00103,2024-09-13 00:00:00+00:00,,Enterprise,IN,208.36,active,partner
CUST-00104,2026-03-17 00:00:00+00:00,2026-04-14 00:00:00+00:00,Enterprise,AU,206.4,churned,paid_search
CUST-00105,2024-09-19 00:00:00+00:00,,Basic,IN,32.57,active,sales
CUST-00106,2024-09-26 00:00:00+00:00,,Basic,GB,36.42,active,referral
CUST-00107,2024-09-30 00:00:00+00:00,,Pro,IN,85.0,active,paid_search
CUST-00108,2024-12-19 00:00:00+00:00,2026-04-08 00:00:00+00:00,Enterprise,GB,195.48,churned,referral
CUST-00109,2025-05-01 00:00:00+00:00,2026-04-20 00:00:00+00:00,Basic,CA,18.25,churned,referral
CUST-00110,2024-11-21 00:00:00+00:00,,Pro,GB,82.36,active,referral
CUST-00111,2025-09-12 00:00:00+00:00,,Pro,US,83.37,active,sales
CUST-00112,2024-09-30 00:00:00+00:00,,Pro,IN,87.72,active,partner
CUST-00113,2025-03-04 00:00:00+00:00,,Pro,AU,71.51,active,partner
CUST-00114,2025-05-10 00:00:00+00:00,,Pro,DE,71.75,active,referral
CUST-00115,2025-04-08 00:00:00+00:00,2026-04-09 00:00:00+00:00,Basic,DE,32.68,churned,paid_search
CUST-00116,2025-02-23 00:00:00+00:00,,Enterprise,GB,198.43,active,paid_search
CUST-00117,2026-02-25 00:00:00+00:00,,Enterprise,IN,183.91,active,sales
CUST-00118,2025-12-16 00:00:00+00:00,2026-04-08 00:00:00+00:00,Pro,DE,82.0,churned,organic
CUST-00119,2025-10-04 00:00:00+00:00,,Basic,DE,14.18,active,partner
CUST-00120,2026-01-02 00:00:00+00:00,2026-04-04 00:00:00+00:00,Basic,CA,21.44,churned,organic
CUST-00121,2025-05-23 00:00:00+00:00,,Pro,DE,89.81,active,organic
CUST-00122,2024-12-16 00:00:00+00:00,,Basic,CA,43.6,active,partner
CUST-00123,2024-12-26 00:00:00+00:00,,Enterprise,AU,189.27,active,sales
CUST-00124,2025-05-01 00:00:00+00:00,2026-03-27 00:00:00+00:00,Basic,US,26.36,churned,partner
CUST-00125,2024-08-09 00:00:00+00:00,2026-04-08 00:00:00+00:00,Pro,GB,79.34,churned,paid_search
CUST-00126,2025-02-25 00:00:00+00:00,,Enterprise,GB,213.25,active,organic
CUST-00127,2026-01-27 00:00:00+00:00,,Basic,US,25.06,active,paid_search
CUST-00128,2024-10-11 00:00:00+00:00,,Basic,IN,25.18,active,sales
CUST-00129,2025-02-19 00:00:00+00:00,,Pro,AU,91.39,active,organic
CUST-00130,2025-01-09 00:00:00+00:00,,Pro,GB,76.0,active,organic
CUST-00131,2025-02-25 00:00:00+00:00,2026-03-28 00:00:00+00:00,Basic,US,34.78,churned,paid_search
CUST-00132,2025-03-06 00:00:00+00:00,,Pro,IN,67.18,active,partner
CUST-00133,2026-01-19 00:00:00+00:00,,Enterprise,IN,197.63,active,sales
CUST-00134,2025-03-02 00:00:00+00:00,2026-03-24 00:00:00+00:00,Basic,IN,15.72,churned,partner
CUST-00135,2024-09-20 00:00:00+00:00,,Basic,US,20.56,active,referral
CUST-00136,2025-08-25 00:00:00+00:00,2026-03-23 00:00:00+00:00,Basic,AU,35.71,churned,paid_search
CUST-00137,2025-01-31 00:00:00+00:00,,Basic,AU,28.6,active,paid_search
CUST-00138,2026-03-01 00:00:00+00:00,,Basic,GB,26.45,active,referral
CUST-00139,2025-07-26 00:00:00+00:00,,Basic,DE,23.01,active,paid_search
CUST-00140,2025-05-25 00:00:00+00:00,2026-03-30 00:00:00+00:00,Pro,CA,77.23,churned,partner
CUST-00141,2024-05-13 00:00:00+00:00,,Basic,CA,31.41,active,organic
CUST-00142,2025-10-25 00:00:00+00:00,2026-03-27 00:00:00+00:00,Enterprise,US,206.86,churned,paid_search
CUST-00143,2025-09-13 00:00:00+00:00,,Basic,CA,8.0,active,partner
CUST-00144,2025-06-14 00:00:00+00:00,2026-04-17 00:00:00+00:00,Basic,US,22.35,churned,sales
CUST-00145,2024-05-07 00:00:00+00:00,,Pro,US,80.27,active,paid_search
CUST-00146,2024-08-11 00:00:00+00:00,,Enterprise,GB,198.21,active,sales
CUST-00147,2026-02-27 00:00:00+00:00,,Basic,AU,32.23,active,partner
CUST-00148,2025-10-12 00:00:00+00:00,2026-04-01 00:00:00+00:00,Basic,US,31.14,churned,referral
CUST-00149,2024-09-02 00:00:00+00:00,2026-04-06 00:00:00+00:00,Basic,IN,26.56,churned,paid_search
CUST-00150,2026-02-10 00:00:00+00:00,,Pro,IN,74.79,active,sales
CUST-00151,2024-08-09 00:00:00+00:00,2026-04-18 00:00:00+00:00,Basic,GB,27.04,churned,paid_search
CUST-00152,2025-09-09 00:00:00+00:00,2026-04-01 00:00:00+00:00,Basic,CA,38.19,churned,sales
CUST-00153,2024-06-27 00:00:00+00:00,,Basic,IN,23.14,active,referral
CUST-00154,2025-09-01 00:00:00+00:00,,Basic,IN,28.5,active,organic
CUST-00155,2025-05-27 00:00:00+00:00,,Enterprise,US,200.47,active,paid_search
CUST-00156,2024-12-21 00:00:00+00:00,,Pro,IN,91.48,active,referral
CUST-00157,2025-12-25 00:00:00+00:00,,Basic,US,26.6,active,paid_search
CUST-00158,2025-03-03 00:00:00+00:00,,Basic,DE,36.67,active,referral
CUST-00159,2025-04-08 00:00:00+00:00,2026-03-27 00:00:00+00:00,Basic,GB,38.86,churned,referral
CUST-00160,2024-09-28 00:00:00+00:00,2026-04-14 00:00:00+00:00,Basic,GB,28.49,churned,organic
CUST-00161,2024-05-04 00:00:00+00:00,,Pro,AU,77.31,active,organic
CUST-00162,2024-12-19 00:00:00+00:00,,Enterprise,DE,196.37,active,organic
CUST-00163,2025-06-13 00:00:00+00:00,,Enterprise,US,196.95,active,organic
CUST-00164,2025-06-15 00:00:00+00:00,,Enterprise,GB,205.83,active,paid_search
CUST-00165,2025-06-07 00:00:00+00:00,2026-04-05 00:00:00+00:00,Enterprise,IN,200.85,churned,organic
CUST-00166,2024-09-07 00:00:00+00:00,,Enterprise,AU,200.88,active,referral
CUST-00167,2025-08-13 00:00:00+00:00,,Basic,IN,20.0,active,organic
CUST-00168,2025-11-27 00:00:00+00:00,,Basic,US,21.26,active,referral
CUST-00169,2025-08-04 00:00:00+00:00,,Basic,AU,46.15,active,sales
CUST-00170,2026-03-07 00:00:00+00:00,2026-04-09 00:00:00+00:00,Pro,GB,77.58,churned,referral
CUST-00171,2026-01-08 00:00:00+00:00,,Basic,US,22.8,active,partner
CUST-00172,2026-01-19 00:00:00+00:00,2026-04-03 00:00:00+00:00,Pro,AU,90.45,churned,organic
CUST-00173,2024-10-06 00:00:00+00:00,,Pro,IN,81.25,active,sales
CUST-00174,2024-11-09 00:00:00+00:00,,Pro,CA,83.63,active,organic
CUST-00175,2024-11-27 00:00:00+00:00,,Basic,AU,27.9,active,partner
CUST-00176,2025-05-08 00:00:00+00:00,,Basic,GB,26.45,active,partner
CUST-00177,2024-11-13 00:00:00+00:00,,Basic,DE,27.64,active,referral
CUST-00178,2025-12-01 00:00:00+00:00,2026-03-24 00:00:00+00:00,Enterprise,DE,187.94,churned,partner
CUST-00179,2024-07-09 00:00:00+00:00,,Pro,DE,78.3,active,referral
CUST-00180,2025-04-11 00:00:00+00:00,,Pro,US,81.37,active,sales
CUST-00181,2024-06-13 00:00:00+00:00,2026-04-17 00:00:00+00:00,Basic,IN,43.8,churned,organic
CUST-00182,2025-12-07 00:00:00+00:00,,Basic,IN,29.69,active,sales
CUST-00183,2025-04-13 00:00:00+00:00,2026-04-06 00:00:00+00:00,Basic,AU,10.33,churned,paid_search
CUST-00184,2024-11-27 00:00:00+00:00,2026-04-19 00:00:00+00:00,Pro,US,78.25,churned,sales
CUST-00185,2025-04-15 00:00:00+00:00,,Pro,DE,100.92,active,paid_search
CUST-00186,2025-05-19 00:00:00+00:00,2026-04-10 00:00:00+00:00,Basic,AU,35.93,churned,sales
CUST-00187,2025-11-28 00:00:00+00:00,,Enterprise,CA,192.51,active,organic
CUST-00188,2025-07-03 00:00:00+00:00,2026-04-01 00:00:00+00:00,Basic,IN,33.73,churned,sales
CUST-00189,2025-10-09 00:00:00+00:00,,Enterprise,US,193.06,active,paid_search
CUST-00190,2025-08-26 00:00:00+00:00,,Basic,AU,18.17,active,partner
CUST-00191,2024-12-06 00:00:00+00:00,2026-04-13 00:00:00+00:00,Basic,US,26.21,churned,sales
CUST-00192,2025-01-12 00:00:00+00:00,,Pro,US,79.73,active,paid_search
CUST-00193,2025-01-28 00:00:00+00:00,,Basic,CA,14.02,active,organic
CUST-00194,2025-07-16 00:00:00+00:00,2026-03-26 00:00:00+00:00,Basic,CA,19.81,churned,paid_search
CUST-00195,2024-05-29 00:00:00+00:00,2026-04-15 00:00:00+00:00,Basic,AU,29.08,churned,organic
CUST-00196,2026-01-21 00:00:00+00:00,2026-03-28 00:00:00+00:00,Basic,CA,25.73,churned,organic
CUST-00197,2025-07-29 00:00:00+00:00,,Pro,US,82.16,active,referral
CUST-00198,2025-12-31 00:00:00+00:00,,Enterprise,US,189.28,active,organic
CUST-00199,2025-08-01 00:00:00+00:00,,Enterprise,IN,204.71,active,paid_search
CUST-00200,2024-05-28 00:00:00+00:00,,Basic,US,19.53,active,paid_search
CUST-00201,2025-07-13 00:00:00+00:00,,Pro,CA,92.14,active,sales
CUST-00202,2024-07-04 00:00:00+00:00,,Basic,US,15.27,active,sales
CUST-00203,2025-04-15 00:00:00+00:00,,Basic,DE,20.26,active,organic
CUST-00204,2024-11-25 00:00:00+00:00,,Basic,CA,32.34,active,paid_search
CUST-00205,2025-05-11 00:00:00+00:00,,Enterprise,AU,212.31,active,paid_search
CUST-00206,2025-09-20 00:00:00+00:00,,Enterprise,IN,201.52,active,sales
CUST-00207,2024-10-11 00:00:00+00:00,,Pro,GB,83.5,active,referral
CUST-00208,2024-05-23 00:00:00+00:00,,Pro,DE,79.14,active,referral
CUST-00209,2025-09-22 00:00:00+00:00,2026-04-11 00:00:00+00:00,Basic,AU,20.79,churned,organic
CUST-00210,2024-10-01 00:00:00+00:00,,Pro,GB,75.08,active,referral
CUST-00211,2025-09-23 00:00:00+00:00,,Pro,IN,69.3,active,paid_search
CUST-00212,2024-11-13 00:00:00+00:00,2026-04-15 00:00:00+00:00,Basic,AU,18.77,churned,referral
CUST-00213,2024-09-24 00:00:00+00:00,,Basic,CA,32.21,active,partner
CUST-00214,2025-05-16 00:00:00+00:00,2026-04-20 00:00:00+00:00,Basic,GB,20.01,churned,organic
CUST-00215,2024-10-30 00:00:00+00:00,2026-04-03 00:00:00+00:00,Enterprise,US,201.56,churned,referral
CUST-00216,2025-09-16 00:00:00+00:00,2026-04-07 00:00:00+00:00,Basic,DE,18.59,churned,referral
CUST-00217,2026-01-27 00:00:00+00:00,2026-03-31 00:00:00+00:00,Enterprise,CA,201.37,churned,partner
CUST-00218,2026-01-15 00:00:00+00:00,2026-03-27 00:00:00+00:00,Basic,CA,25.09,churned,paid_search
CUST-00219,2025-05-18 00:00:00+00:00,2026-04-02 00:00:00+00:00,Pro,GB,90.25,churned,paid_search
CUST-00220,2024-07-08 00:00:00+00:00,,Basic,US,31.59,active,sales
CUST-00221,2025-12-24 00:00:00+00:00,,Basic,DE,38.89,active,organic
CUST-00222,2025-05-12 00:00:00+00:00,,Basic,AU,22.95,active,organic
CUST-00223,2024-11-22 00:00:00+00:00,,Basic,CA,29.45,active,referral
CUST-00224,2025-11-03 00:00:00+00:00,,Enterprise,US,191.15,active,organic
CUST-00225,2024-11-10 00:00:00+00:00,,Basic,IN,25.69,active,organic
CUST-00226,2025-08-23 00:00:00+00:00,2026-04-14 00:00:00+00:00,Pro,GB,76.9,churned,referral
CUST-00227,2024-09-11 00:00:00+00:00,,Basic,US,23.19,active,partner
CUST-00228,2025-02-16 00:00:00+00:00,,Basic,CA,19.28,active,referral
CUST-00229,2025-03-10 00:00:00+00:00,2026-04-02 00:00:00+00:00,Pro,US,67.69,churned,paid_search
CUST-00230,2025-11-21 00:00:00+00:00,2026-03-27 00:00:00+00:00,Basic,DE,10.28,churned,partner
CUST-00231,2025-05-07 00:00:00+00:00,2026-04-12 00:00:00+00:00,Enterprise,CA,190.55,churned,partner
CUST-00232,2024-08-08 00:00:00+00:00,,Pro,AU,84.02,active,referral
CUST-00233,2026-03-09 00:00:00+00:00,,Pro,AU,66.21,active,paid_search
CUST-00234,2024-10-15 00:00:00+00:00,,Basic,IN,18.06,active,paid_search
CUST-00235,2025-04-16 00:00:00+00:00,,Basic,AU,43.33,active,referral
CUST-00236,2024-11-11 00:00:00+00:00,,Enterprise,GB,193.91,active,referral
CUST-00237,2024-12-20 00:00:00+00:00,,Basic,US,31.57,active,sales
CUST-00238,2025-05-28 00:00:00+00:00,,Basic,GB,34.14,active,organic
CUST-00239,2025-08-22 00:00:00+00:00,2026-04-20 00:00:00+00:00,Basic,GB,34.3,churned,sales
CUST-00240,2025-01-14 00:00:00+00:00,,Pro,DE,66.82,active,organic
CUST-00241,2025-12-16 00:00:00+00:00,2026-04-04 00:00:00+00:00,Pro,IN,77.15,churned,referral
CUST-00242,2025-02-12 00:00:00+00:00,2026-04-16 00:00:00+00:00,Pro,GB,66.05,churned,paid_search
CUST-00243,2026-01-16 00:00:00+00:00,,Pro,GB,98.57,active,sales
CUST-00244,2024-12-29 00:00:00+00:00,2026-04-09 00:00:00+00:00,Basic,IN,16.24,churned,organic
CUST-00245,2025-01-13 00:00:00+00:00,,Enterprise,AU,190.62,active,sales
CUST-00246,2026-01-23 00:00:00+00:00,,Basic,IN,20.68,active,organic
CUST-00247,2024-10-16 00:00:00+00:00,2026-04-15 00:00:00+00:00,Pro,AU,67.03,churned,referral
CUST-00248,2025-06-09 00:00:00+00:00,,Basic,IN,39.82,active,partner
CUST-00249,2024-09-26 00:00:00+00:00,,Enterprise,CA,218.38,active,paid_search
CUST-00250,2026-02-22 00:00:00+00:00,2026-04-18 00:00:00+00:00,Basic,GB,25.19,churned,paid_search
CUST-00251,2025-11-19 00:00:00+00:00,2026-04-01 00:00:00+00:00,Basic,US,18.44,churned,referral
CUST-00252,2025-04-16 00:00:00+00:00,,Basic,US,11.1,active,paid_search
CUST-00253,2025-11-13 00:00:00+00:00,,Basic,AU,27.05,active,organic
CUST-00254,2025-08-07 00:00:00+00:00,,Basic,CA,26.47,active,partner
CUST-00255,2024-12-22 00:00:00+00:00,,Pro,IN,73.79,active,organic
CUST-00256,2025-12-13 00:00:00+00:00,2026-04-05 00:00:00+00:00,Basic,DE,30.77,churned,paid_search
CUST-00257,2024-12-10 00:00:00+00:00,2026-03-30 00:00:00+00:00,Enterprise,DE,202.16,churned,referral
CUST-00258,2026-01-10 00:00:00+00:00,,Basic,US,31.58,active,referral
CUST-00259,2025-11-22 00:00:00+00:00,2026-03-24 00:00:00+00:00,Pro,GB,76.47,churned,referral
CUST-00260,2025-02-10 00:00:00+00:00,,Basic,AU,20.19,active,sales
CUST-00261,2024-09-21 00:00:00+00:00,,Pro,CA,84.33,active,paid_search
CUST-00262,2025-11-25 00:00:00+00:00,,Pro,CA,79.1,active,partner
CUST-00263,2025-08-28 00:00:00+00:00,2026-04-14 00:00:00+00:00,Basic,US,36.11,churned,organic
CUST-00264,2024-06-22 00:00:00+00:00,2026-03-27 00:00:00+00:00,Enterprise,IN,205.32,churned,sales
CUST-00265,2024-05-09 00:00:00+00:00,,Basic,GB,17.63,active,partner
CUST-00266,2025-02-15 00:00:00+00:00,,Basic,US,17.53,active,paid_search
CUST-00267,2025-05-18 00:00:00+00:00,,Pro,DE,72.96,active,referral
CUST-00268,2025-07-26 00:00:00+00:00,,Pro,US,70.55,active,paid_search
CUST-00269,2025-01-24 00:00:00+00:00,,Basic,US,35.04,active,organic
CUST-00270,2025-02-08 00:00:00+00:00,2026-04-01 00:00:00+00:00,Basic,US,31.81,churned,referral
CUST-00271,2025-08-31 00:00:00+00:00,,Enterprise,IN,207.79,active,partner
CUST-00272,2026-03-07 00:00:00+00:00,,Pro,AU,82.17,active,referral
CUST-00273,2025-12-08 00:00:00+00:00,2026-03-25 00:00:00+00:00,Enterprise,IN,200.67,churned,partner
CUST-00274,2024-05-30 00:00:00+00:00,2026-04-18 00:00:00+00:00,Pro,CA,88.6,churned,sales
CUST-00275,2025-06-07 00:00:00+00:00,,Pro,IN,82.76,active,partner
CUST-00276,2025-04-24 00:00:00+00:00,,Basic,US,29.54,active,paid_search
CUST-00277,2025-05-04 00:00:00+00:00,,Enterprise,GB,210.84,active,paid_search
CUST-00278,2024-09-28 00:00:00+00:00,2026-04-05 00:00:00+00:00,Basic,AU,29.92,churned,referral
CUST-00279,2026-02-06 00:00:00+00:00,2026-04-09 00:00:00+00:00,Pro,US,76.57,churned,paid_search
CUST-00280,2026-01-24 00:00:00+00:00,,Basic,US,22.3,active,organic
CUST-00281,2025-09-13 00:00:00+00:00,,Pro,CA,84.62,active,paid_search
CUST-00282,2025-04-21 00:00:00+00:00,,Pro,DE,88.9,active,organic
CUST-00283,2024-12-14 00:00:00+00:00,,Pro,GB,78.6,active,partner
CUST-00284,2025-04-18 00:00:00+00:00,2026-04-12 00:00:00+00:00,Enterprise,AU,209.46,churned,paid_search
CUST-00285,2025-05-22 00:00:00+00:00,,Basic,CA,13.24,active,partner
CUST-00286,2024-06-13 00:00:00+00:00,,Pro,GB,78.56,active,sales
CUST-00287,2025-12-01 00:00:00+00:00,,Basic,DE,28.68,active,paid_search
CUST-00288,2025-02-21 00:00:00+00:00,,Basic,US,23.18,active,paid_search
CUST-00289,2025-03-13 00:00:00+00:00,2026-03-30 00:00:00+00:00,Basic,IN,48.07,churned,organic
CUST-00290,2025-04-30 00:00:00+00:00,2026-04-13 00:00:00+00:00,Basic,DE,28.47,churned,sales
CUST-00291,2024-09-11 00:00:00+00:00,,Basic,IN,25.74,active,partner
CUST-00292,2025-09-19 00:00:00+00:00,,Pro,CA,79.21,active,referral
CUST-00293,2024-06-02 00:00:00+00:00,2026-03-29 00:00:00+00:00,Pro,CA,62.98,churned,paid_search
CUST-00294,2025-08-06 00:00:00+00:00,,Pro,IN,72.92,active,referral
CUST-00295,2025-03-11 00:00:00+00:00,,Basic,GB,36.87,active,paid_search
CUST-00296,2025-03-28 00:00:00+00:00,,Basic,IN,23.97,active,referral
CUST-00297,2024-08-13 00:00:00+00:00,,Basic,DE,22.37,active,paid_search
CUST-00298,2025-05-24 00:00:00+00:00,2026-04-03 00:00:00+00:00,Pro,US,89.48,churned,sales
CUST-00299,2025-09-07 00:00:00+00:00,,Enterprise,GB,209.72,active,organic
CUST-00300,2026-03-08 00:00:00+00:00,,Basic,DE,33.14,active,paid_search
CUST-00301,2025-07-15 00:00:00+00:00,2026-04-05 00:00:00+00:00,Pro,DE,75.36,churned,organic
CUST-00302,2024-08-29 00:00:00+00:00,,Basic,DE,27.08,active,paid_search
CUST-00303,2026-03-16 00:00:00+00:00,2026-04-03 00:00:00+00:00,Basic,IN,22.57,churned,paid_search
CUST-00304,2024-07-12 00:00:00+00:00,,Basic,AU,21.04,active,partner
CUST-00305,2025-03-13 00:00:00+00:00,2026-04-15 00:00:00+00:00,Basic,AU,20.64,churned,organic
CUST-00306,2025-12-16 00:00:00+00:00,2026-03-30 00:00:00+00:00,Pro,AU,74.06,churned,organic
CUST-00307,2025-08-26 00:00:00+00:00,,Enterprise,GB,190.72,active,sales
CUST-00308,2025-03-05 00:00:00+00:00,,Basic,CA,16.49,active,paid_search
CUST-00309,2025-08-17 00:00:00+00:00,2026-03-25 00:00:00+00:00,Pro,GB,80.76,churned,organic
CUST-00310,2026-01-07 00:00:00+00:00,2026-03-25 00:00:00+00:00,Pro,AU,80.88,churned,paid_search
CUST-00311,2024-12-18 00:00:00+00:00,,Enterprise,IN,212.61,active,partner
CUST-00312,2024-12-14 00:00:00+00:00,2026-03-28 00:00:00+00:00,Pro,IN,73.65,churned,organic
CUST-00313,2025-12-30 00:00:00+00:00,2026-03-24 00:00:00+00:00,Basic,DE,31.37,churned,paid_search
CUST-00314,2025-09-09 00:00:00+00:00,,Pro,DE,81.5,active,paid_search
CUST-00315,2025-10-05 00:00:00+00:00,2026-04-09 00:00:00+00:00,Basic,AU,26.97,churned,sales
CUST-00316,2024-12-22 00:00:00+00:00,,Enterprise,IN,204.95,active,paid_search
CUST-00317,2024-11-04 00:00:00+00:00,2026-04-03 00:00:00+00:00,Basic,CA,35.2,churned,referral
CUST-00318,2024-11-06 00:00:00+00:00,,Pro,IN,81.62,active,sales
CUST-00319,2024-06-13 00:00:00+00:00,,Basic,DE,26.95,active,partner
CUST-00320,2024-10-08 00:00:00+00:00,,Basic,CA,26.14,active,organic
CUST-00321,2025-08-13 00:00:00+00:00,,Enterprise,DE,188.06,active,referral
CUST-00322,2026-01-07 00:00:00+00:00,,Pro,AU,72.55,active,sales
CUST-00323,2025-01-22 00:00:00+00:00,,Basic,CA,24.02,active,paid_search
CUST-00324,2024-06-28 00:00:00+00:00,,Enterprise,CA,190.01,active,sales
CUST-00325,2024-05-19 00:00:00+00:00,2026-04-17 00:00:00+00:00,Enterprise,GB,202.52,churned,sales
CUST-00326,2025-10-15 00:00:00+00:00,,Basic,GB,38.57,active,paid_search
CUST-00327,2025-10-10 00:00:00+00:00,2026-04-08 00:00:00+00:00,Pro,IN,71.74,churned,paid_search
CUST-00328,2026-02-25 00:00:00+00:00,2026-03-25 00:00:00+00:00,Basic,DE,31.27,churned,referral
CUST-00329,2025-12-15 00:00:00+00:00,2026-04-08 00:00:00+00:00,Pro,CA,70.73,churned,paid_search
CUST-00330,2025-03-05 00:00:00+00:00,,Basic,GB,26.56,active,referral
CUST-00331,2025-03-10 00:00:00+00:00,,Basic,GB,23.48,active,paid_search
CUST-00332,2025-07-10 00:00:00+00:00,2026-04-15 00:00:00+00:00,Enterprise,US,203.82,churned,referral
CUST-00333,2025-08-21 00:00:00+00:00,,Enterprise,GB,193.57,active,organic
CUST-00334,2024-08-27 00:00:00+00:00,,Pro,IN,87.09,active,paid_search
CUST-00335,2025-05-09 00:00:00+00:00,2026-04-06 00:00:00+00:00,Enterprise,CA,197.03,churned,paid_search
CUST-00336,2024-09-11 00:00:00+00:00,,Pro,DE,73.8,active,paid_search
CUST-00337,2024-05-27 00:00:00+00:00,2026-03-28 00:00:00+00:00,Pro,US,68.97,churned,partner
CUST-00338,2025-08-16 00:00:00+00:00,,Pro,US,81.03,active,paid_search
CUST-00339,2025-11-03 00:00:00+00:00,,Basic,CA,36.16,active,sales
CUST-00340,2024-06-03 00:00:00+00:00,,Basic,CA,31.19,active,referral
CUST-00341,2025-01-08 00:00:00+00:00,2026-04-16 00:00:00+00:00,Basic,AU,46.91,churned,organic
CUST-00342,2025-09-03 00:00:00+00:00,,Pro,US,90.44,active,sales
CUST-00343,2025-01-17 00:00:00+00:00,2026-04-05 00:00:00+00:00,Basic,US,26.54,churned,referral
CUST-00344,2025-04-01 00:00:00+00:00,2026-03-23 00:00:00+00:00,Basic,IN,26.46,churned,referral
CUST-00345,2024-07-06 00:00:00+00:00,2026-04-09 00:00:00+00:00,Pro,AU,82.76,churned,paid_search
CUST-00346,2025-09-27 00:00:00+00:00,,Basic,AU,22.3,active,referral
CUST-00347,2024-05-07 00:00:00+00:00,,Basic,CA,38.33,active,partner
CUST-00348,2024-06-15 00:00:00+00:00,,Pro,US,81.89,active,sales
CUST-00349,2025-11-18 00:00:00+00:00,2026-04-19 00:00:00+00:00,Enterprise,US,201.05,churned,partner
CUST-00350,2025-11-29 00:00:00+00:00,2026-03-31 00:00:00+00:00,Basic,CA,34.5,churned,referral
CUST-00351,2025-03-20 00:00:00+00:00,2026-04-12 00:00:00+00:00,Basic,CA,42.78,churned,organic
CUST-00352,2026-02-20 00:00:00+00:00,,Basic,AU,30.37,active,paid_search
CUST-00353,2025-08-28 00:00:00+00:00,,Pro,US,78.1,active,paid_search
CUST-00354,2025-05-26 00:00:00+00:00,,Pro,US,91.07,active,sales
CUST-00355,2024-05-23 00:00:00+00:00,,Basic,US,36.74,active,referral
CUST-00356,2024-05-07 00:00:00+00:00,,Pro,AU,76.43,active,organic
CUST-00357,2025-12-08 00:00:00+00:00,,Basic,CA,29.04,active,referral
CUST-00358,2024-07-15 00:00:00+00:00,,Basic,DE,30.56,active,paid_search
CUST-00359,2026-01-19 00:00:00+00:00,,Enterprise,IN,201.89,active,paid_search
CUST-00360,2024-10-22 00:00:00+00:00,2026-04-11 00:00:00+00:00,Basic,AU,18.15,churned,partner
CUST-00361,2024-08-16 00:00:00+00:00,,Basic,US,16.66,active,referral
CUST-00362,2024-07-16 00:00:00+00:00,2026-04-10 00:00:00+00:00,Basic,AU,21.9,churned,sales
CUST-00363,2025-10-19 00:00:00+00:00,,Pro,CA,71.28,active,referral
CUST-00364,2024-07-14 00:00:00+00:00,,Enterprise,AU,193.85,active,organic
CUST-00365,2026-01-01 00:00:00+00:00,,Enterprise,CA,204.08,active,sales
CUST-00366,2025-03-29 00:00:00+00:00,2026-04-01 00:00:00+00:00,Basic,DE,27.65,churned,partner
CUST-00367,2025-05-03 00:00:00+00:00,2026-03-30 00:00:00+00:00,Basic,GB,30.57,churned,sales
CUST-00368,2025-08-17 00:00:00+00:00,2026-04-09 00:00:00+00:00,Pro,IN,69.21,churned,paid_search
CUST-00369,2026-03-07 00:00:00+00:00,,Basic,CA,25.31,active,paid_search
CUST-00370,2024-10-06 00:00:00+00:00,,Enterprise,AU,203.7,active,paid_search
CUST-00371,2025-08-03 00:00:00+00:00,,Pro,IN,83.76,active,sales
CUST-00372,2024-12-21 00:00:00+00:00,2026-03-31 00:00:00+00:00,Basic,CA,23.2,churned,paid_search
CUST-00373,2025-06-12 00:00:00+00:00,2026-04-17 00:00:00+00:00,Pro,US,80.29,churned,sales
CUST-00374,2025-07-08 00:00:00+00:00,,Basic,DE,46.59,active,referral
CUST-00375,2024-07-19 00:00:00+00:00,2026-04-01 00:00:00+00:00,Basic,IN,28.86,churned,paid_search
CUST-00376,2026-01-16 00:00:00+00:00,,Pro,DE,73.45,active,sales
CUST-00377,2024-10-30 00:00:00+00:00,2026-04-18 00:00:00+00:00,Pro,GB,77.61,churned,paid_search
CUST-00378,2024-10-23 00:00:00+00:00,,Pro,GB,79.74,active,paid_search
CUST-00379,2025-07-03 00:00:00+00:00,,Pro,AU,77.79,active,partner
CUST-00380,2025-09-22 00:00:00+00:00,,Enterprise,AU,198.75,active,organic
CUST-00381,2026-03-19 00:00:00+00:00,2026-04-12 00:00:00+00:00,Enterprise,GB,187.45,churned,organic
CUST-00382,2024-06-14 00:00:00+00:00,,Pro,CA,71.3,active,paid_search
CUST-00383,2024-06-07 00:00:00+00:00,,Basic,GB,27.81,active,referral
CUST-00384,2025-10-07 00:00:00+00:00,,Pro,US,77.68,active,paid_search
CUST-00385,2026-02-28 00:00:00+00:00,,Enterprise,US,194.47,active,organic
CUST-00386,2025-12-28 00:00:00+00:00,2026-04-10 00:00:00+00:00,Basic,IN,27.58,churned,partner
CUST-00387,2026-02-04 00:00:00+00:00,2026-04-19 00:00:00+00:00,Basic,AU,29.49,churned,partner
CUST-00388,2024-08-26 00:00:00+00:00,,Basic,DE,36.12,active,referral
CUST-00389,2024-07-15 00:00:00+00:00,,Basic,GB,28.21,active,organic
CUST-00390,2025-12-07 00:00:00+00:00,,Pro,GB,82.19,active,referral
CUST-00391,2024-10-23 00:00:00+00:00,,Basic,CA,24.67,active,referral
CUST-00392,2025-11-19 00:00:00+00:00,,Pro,DE,83.58,active,organic
CUST-00393,2025-07-12 00:00:00+00:00,2026-04-08 00:00:00+00:00,Pro,US,82.01,churned,organic
CUST-00394,2025-02-02 00:00:00+00:00,2026-03-28 00:00:00+00:00,Pro,US,85.93,churned,partner
CUST-00395,2024-11-11 00:00:00+00:00,,Basic,GB,34.71,active,partner
CUST-00396,2024-07-27 00:00:00+00:00,2026-04-01 00:00:00+00:00,Basic,GB,33.71,churned,paid_search
CUST-00397,2026-02-20 00:00:00+00:00,2026-04-11 00:00:00+00:00,Pro,CA,78.21,churned,partner
CUST-00398,2025-11-07 00:00:00+00:00,2026-03-28 00:00:00+00:00,Pro,DE,80.96,churned,paid_search
CUST-00399,2025-09-10 00:00:00+00:00,,Basic,AU,37.51,active,partner
CUST-00400,2025-08-20 00:00:00+00:00,,Enterprise,DE,193.78,active,sales
CUST-00401,2024-05-03 00:00:00+00:00,2026-03-24 00:00:00+00:00,Basic,GB,23.97,churned,partner
CUST-00402,2024-10-02 00:00:00+00:00,,Enterprise,DE,200.45,active,referral
CUST-00403,2025-08-13 00:00:00+00:00,,Basic,DE,32.32,active,organic
CUST-00404,2024-05-21 00:00:00+00:00,,Basic,AU,22.41,active,sales
CUST-00405,2025-04-12 00:00:00+00:00,2026-04-01 00:00:00+00:00,Pro,IN,78.4,churned,sales
CUST-00406,2025-04-11 00:00:00+00:00,,Basic,DE,28.25,active,sales
CUST-00407,2025-05-27 00:00:00+00:00,2026-04-10 00:00:00+00:00,Basic,IN,11.28,churned,referral
CUST-00408,2025-12-13 00:00:00+00:00,,Basic,AU,27.24,active,referral
CUST-00409,2024-06-16 00:00:00+00:00,2026-04-17 00:00:00+00:00,Basic,AU,27.74,churned,partner
CUST-00410,2026-03-13 00:00:00+00:00,2026-03-29 00:00:00+00:00,Pro,DE,77.72,churned,sales
CUST-00411,2025-11-22 00:00:00+00:00,,Basic,CA,40.33,active,sales
CUST-00412,2025-10-15 00:00:00+00:00,,Pro,DE,69.27,active,partner
CUST-00413,2025-09-11 00:00:00+00:00,2026-04-12 00:00:00+00:00,Pro,US,72.4,churned,paid_search
CUST-00414,2025-12-22 00:00:00+00:00,2026-04-06 00:00:00+00:00,Basic,DE,8.1,churned,paid_search
CUST-00415,2026-03-10 00:00:00+00:00,2026-04-06 00:00:00+00:00,Basic,AU,25.15,churned,organic
CUST-00416,2024-12-10 00:00:00+00:00,,Enterprise,US,195.83,active,paid_search
CUST-00417,2024-05-23 00:00:00+00:00,2026-04-20 00:00:00+00:00,Pro,US,74.92,churned,organic
CUST-00418,2025-12-28 00:00:00+00:00,2026-04-11 00:00:00+00:00,Pro,IN,87.86,churned,paid_search
CUST-00419,2025-08-30 00:00:00+00:00,2026-04-06 00:00:00+00:00,Pro,CA,85.88,churned,sales
CUST-00420,2025-04-07 00:00:00+00:00,,Basic,DE,29.62,active,paid_search
CUST-00421,2024-06-21 00:00:00+00:00,,Basic,CA,26.04,active,referral
CUST-00422,2024-11-28 00:00:00+00:00,2026-03-31 00:00:00+00:00,Pro,CA,87.21,churned,organic
CUST-00423,2024-10-10 00:00:00+00:00,2026-03-24 00:00:00+00:00,Basic,DE,28.84,churned,paid_search
CUST-00424,2025-02-15 00:00:00+00:00,2026-03-29 00:00:00+00:00,Pro,AU,72.45,churned,referral
CUST-00425,2025-06-08 00:00:00+00:00,2026-04-05 00:00:00+00:00,Pro,IN,65.27,churned,sales
CUST-00426,2025-11-05 00:00:00+00:00,2026-03-25 00:00:00+00:00,Pro,US,75.47,churned,referral
CUST-00427,2024-08-03 00:00:00+00:00,,Basic,GB,35.04,active,sales
CUST-00428,2024-09-14 00:00:00+00:00,2026-04-15 00:00:00+00:00,Basic,DE,47.21,churned,partner
CUST-00429,2026-03-05 00:00:00+00:00,2026-04-12 00:00:00+00:00,Basic,IN,29.49,churned,referral
CUST-00430,2024-11-14 00:00:00+00:00,2026-03-23 00:00:00+00:00,Basic,IN,22.88,churned,paid_search
CUST-00431,2026-01-23 00:00:00+00:00,,Pro,US,69.52,active,sales
CUST-00432,2024-10-29 00:00:00+00:00,,Basic,AU,33.42,active,referral
CUST-00433,2024-08-30 00:00:00+00:00,,Basic,CA,14.88,active,organic
CUST-00434,2025-12-22 00:00:00+00:00,2026-03-30 00:00:00+00:00,Basic,AU,33.4,churned,organic
CUST-00435,2025-05-27 00:00:00+00:00,2026-03-24 00:00:00+00:00,Basic,GB,35.54,churned,referral
CUST-00436,2025-12-27 00:00:00+00:00,2026-04-11 00:00:00+00:00,Pro,DE,82.49,churned,paid_search
CUST-00437,2025-02-24 00:00:00+00:00,,Basic,CA,27.24,active,sales
CUST-00438,2024-06-20 00:00:00+00:00,,Enterprise,DE,203.52,active,organic
CUST-00439,2026-01-26 00:00:00+00:00,2026-03-31 00:00:00+00:00,Basic,IN,30.37,churned,paid_search
CUST-00440,2025-06-21 00:00:00+00:00,,Pro,GB,72.78,active,organic
CUST-00441,2024-05-20 00:00:00+00:00,2026-04-02 00:00:00+00:00,Basic,AU,43.8,churned,sales
CUST-00442,2025-08-27 00:00:00+00:00,,Basic,GB,26.19,active,organic
CUST-00443,2025-12-21 00:00:00+00:00,2026-03-30 00:00:00+00:00,Enterprise,CA,205.21,churned,partner
CUST-00444,2025-04-19 00:00:00+00:00,,Enterprise,CA,179.65,active,sales
CUST-00445,2025-04-06 00:00:00+00:00,2026-04-11 00:00:00+00:00,Enterprise,US,209.21,churned,paid_search
CUST-00446,2024-12-20 00:00:00+00:00,,Basic,AU,40.75,active,referral
CUST-00447,2025-08-18 00:00:00+00:00,,Basic,GB,29.24,active,organic
CUST-00448,2024-06-01 00:00:00+00:00,,Pro,DE,83.47,active,referral
CUST-00449,2025-03-28 00:00:00+00:00,2026-03-30 00:00:00+00:00,Basic,IN,33.47,churned,paid_search
CUST-00450,2025-09-06 00:00:00+00:00,2026-03-25 00:00:00+00:00,Pro,GB,73.86,churned,paid_search
CUST-00451,2024-05-29 00:00:00+00:00,,Pro,IN,83.38,active,referral
CUST-00452,2024-06-22 00:00:00+00:00,2026-04-19 00:00:00+00:00,Pro,US,72.53,churned,sales
CUST-00453,2025-04-12 00:00:00+00:00,,Pro,AU,74.13,active,sales
CUST-00454,2026-03-05 00:00:00+00:00,,Pro,US,88.02,active,referral
CUST-00455,2025-02-04 00:00:00+00:00,,Basic,GB,36.8,active,partner
CUST-00456,2025-03-04 00:00:00+00:00,,Basic,IN,23.35,active,paid_search
CUST-00457,2025-12-10 00:00:00+00:00,,Pro,US,73.13,active,organic
CUST-00458,2025-01-09 00:00:00+00:00,,Basic,GB,23.84,active,referral
CUST-00459,2024-08-19 00:00:00+00:00,,Basic,CA,34.86,active,organic
CUST-00460,2026-01-08 00:00:00+00:00,,Basic,CA,21.0,active,partner
CUST-00461,2024-11-08 00:00:00+00:00,2026-04-05 00:00:00+00:00,Pro,GB,81.85,churned,paid_search
CUST-00462,2025-12-16 00:00:00+00:00,2026-03-23 00:00:00+00:00,Pro,DE,84.97,churned,partner
CUST-00463,2024-10-22 00:00:00+00:00,,Pro,CA,78.29,active,organic
CUST-00464,2025-06-06 00:00:00+00:00,2026-04-14 00:00:00+00:00,Basic,IN,37.08,churned,paid_search
CUST-00465,2026-03-18 00:00:00+00:00,2026-04-01 00:00:00+00:00,Basic,CA,26.57,churned,paid_search
CUST-00466,2024-05-25 00:00:00+00:00,2026-04-07 00:00:00+00:00,Pro,US,77.29,churned,partner
CUST-00467,2025-11-28 00:00:00+00:00,,Basic,IN,21.18,active,organic
CUST-00468,2025-02-04 00:00:00+00:00,2026-03-25 00:00:00+00:00,Pro,GB,87.14,churned,paid_search
CUST-00469,2025-11-17 00:00:00+00:00,2026-03-28 00:00:00+00:00,Pro,US,72.87,churned,partner
CUST-00470,2024-06-17 00:00:00+00:00,2026-04-03 00:00:00+00:00,Basic,AU,31.8,churned,paid_search
CUST-00471,2024-10-29 00:00:00+00:00,,Basic,CA,28.43,active,paid_search
CUST-00472,2024-09-13 00:00:00+00:00,,Basic,GB,20.58,active,paid_search
CUST-00473,2025-05-28 00:00:00+00:00,2026-04-11 00:00:00+00:00,Enterprise,CA,194.13,churned,partner
CUST-00474,2025-05-04 00:00:00+00:00,,Pro,AU,90.06,active,sales
CUST-00475,2025-01-09 00:00:00+00:00,,Basic,AU,30.61,active,organic
CUST-00476,2024-09-27 00:00:00+00:00,,Enterprise,AU,190.93,active,organic
CUST-00477,2024-08-15 00:00:00+00:00,,Basic,DE,31.44,active,organic
CUST-00478,2026-03-10 00:00:00+00:00,,Basic,US,27.83,active,organic
CUST-00479,2024-12-20 00:00:00+00:00,2026-04-11 00:00:00+00:00,Enterprise,CA,226.63,churned,referral
CUST-00480,2026-01-06 00:00:00+00:00,2026-04-17 00:00:00+00:00,Basic,DE,31.28,churned,organic
CUST-00481,2025-09-05 00:00:00+00:00,2026-04-18 00:00:00+00:00,Basic,CA,25.96,churned,referral
CUST-00482,2024-08-27 00:00:00+00:00,,Pro,CA,90.36,active,sales
CUST-00483,2025-10-01 00:00:00+00:00,,Basic,IN,14.27,active,sales
CUST-00484,2024-09-19 00:00:00+00:00,,Pro,GB,79.75,active,partner
CUST-00485,2025-05-07 00:00:00+00:00,,Basic,IN,44.96,active,referral
CUST-00486,2025-10-13 00:00:00+00:00,,Basic,US,28.07,active,sales
CUST-00487,2025-08-04 00:00:00+00:00,2026-04-14 00:00:00+00:00,Basic,CA,15.13,churned,referral
CUST-00488,2025-03-21 00:00:00+00:00,,Basic,CA,25.83,active,organic
CUST-00489,2024-10-11 00:00:00+00:00,2026-04-18 00:00:00+00:00,Basic,CA,40.64,churned,paid_search
CUST-00490,2025-01-28 00:00:00+00:00,,Basic,CA,32.01,active,paid_search
CUST-00491,2024-06-17 00:00:00+00:00,,Enterprise,DE,192.29,active,sales
CUST-00492,2024-08-01 00:00:00+00:00,,Basic,DE,23.52,active,partner
CUST-00493,2024-10-19 00:00:00+00:00,,Basic,CA,24.52,active,organic
CUST-00494,2025-01-30 00:00:00+00:00,2026-03-27 00:00:00+00:00,Basic,DE,31.89,churned,organic
CUST-00495,2025-09-03 00:00:00+00:00,2026-03-25 00:00:00+00:00,Basic,DE,39.71,churned,organic
CUST-00496,2025-06-11 00:00:00+00:00,,Basic,IN,37.42,active,sales
CUST-00497,2025-12-30 00:00:00+00:00,,Pro,AU,82.65,active,referral
CUST-00498,2025-07-07 00:00:00+00:00,2026-03-26 00:00:00+00:00,Basic,AU,18.35,churned,sales
CUST-00499,2024-06-21 00:00:00+00:00,,Enterprise,AU,188.38,active,organic
CUST-00500,2025-06-02 00:00:00+00:00,,Enterprise,GB,203.27,active,partner
CUST-00501,2026-01-03 00:00:00+00:00,,Basic,IN,18.24,active,paid_search
CUST-00502,2024-12-28 00:00:00+00:00,,Basic,US,27.2,active,sales
CUST-00503,2024-05-27 00:00:00+00:00,,Basic,DE,31.43,active,partner
CUST-00504,2024-08-01 00:00:00+00:00,2026-03-31 00:00:00+00:00,Pro,AU,69.9,churned,partner
CUST-00505,2025-09-14 00:00:00+00:00,2026-04-01 00:00:00+00:00,Basic,AU,20.81,churned,partner
CUST-00506,2025-05-13 00:00:00+00:00,2026-03-30 00:00:00+00:00,Enterprise,CA,198.25,churned,organic
CUST-00507,2025-03-21 00:00:00+00:00,,Pro,GB,83.03,active,sales
CUST-00508,2025-10-02 00:00:00+00:00,2026-04-11 00:00:00+00:00,Pro,AU,87.49,churned,partner
CUST-00509,2025-09-18 00:00:00+00:00,2026-04-15 00:00:00+00:00,Pro,AU,83.86,churned,referral
CUST-00510,2025-10-10 00:00:00+00:00,,Enterprise,IN,199.59,active,paid_search
CUST-00511,2024-05-05 00:00:00+00:00,2026-04-16 00:00:00+00:00,Basic,CA,23.03,churned,organic
CUST-00512,2024-10-24 00:00:00+00:00,,Basic,US,20.43,active,sales
CUST-00513,2024-08-19 00:00:00+00:00,2026-04-01 00:00:00+00:00,Basic,DE,24.91,churned,paid_search
CUST-00514,2024-09-05 00:00:00+00:00,2026-04-01 00:00:00+00:00,Enterprise,CA,202.28,churned,paid_search
CUST-00515,2024-05-30 00:00:00+00:00,2026-03-26 00:00:00+00:00,Pro,DE,81.69,churned,sales
CUST-00516,2026-01-09 00:00:00+00:00,,Pro,CA,62.2,active,organic
CUST-00517,2024-07-22 00:00:00+00:00,,Basic,US,22.71,active,organic
CUST-00518,2026-02-05 00:00:00+00:00,,Enterprise,DE,208.64,active,partner
CUST-00519,2025-04-28 00:00:00+00:00,,Basic,AU,29.63,active,paid_search
CUST-00520,2025-02-05 00:00:00+00:00,,Basic,DE,17.66,active,paid_search
CUST-00521,2025-07-19 00:00:00+00:00,,Enterprise,CA,217.85,active,paid_search
CUST-00522,2025-12-12 00:00:00+00:00,,Basic,GB,28.77,active,paid_search
CUST-00523,2025-11-10 00:00:00+00:00,,Basic,AU,32.07,active,paid_search
CUST-00524,2024-08-30 00:00:00+00:00,,Pro,GB,82.2,active,referral
CUST-00525,2025-08-15 00:00:00+00:00,,Basic,CA,26.06,active,organic
CUST-00526,2025-08-20 00:00:00+00:00,,Basic,US,23.18,active,paid_search
CUST-00527,2024-06-23 00:00:00+00:00,2026-04-16 00:00:00+00:00,Basic,IN,45.97,churned,paid_search
CUST-00528,2025-12-13 00:00:00+00:00,2026-04-08 00:00:00+00:00,Basic,US,37.03,churned,partner
CUST-00529,2024-06-29 00:00:00+00:00,2026-04-14 00:00:00+00:00,Enterprise,AU,205.58,churned,sales
CUST-00530,2024-06-25 00:00:00+00:00,,Pro,IN,83.61,active,organic
CUST-00531,2025-02-02 00:00:00+00:00,2026-03-25 00:00:00+00:00,Basic,IN,20.97,churned,paid_search
CUST-00532,2025-11-28 00:00:00+00:00,2026-04-15 00:00:00+00:00,Basic,CA,39.22,churned,organic
CUST-00533,2025-12-05 00:00:00+00:00,,Basic,GB,22.25,active,partner
CUST-00534,2025-09-07 00:00:00+00:00,2026-03-26 00:00:00+00:00,Pro,US,81.27,churned,paid_search
CUST-00535,2025-02-17 00:00:00+00:00,,Enterprise,US,185.88,active,sales
CUST-00536,2025-12-07 00:00:00+00:00,2026-04-13 00:00:00+00:00,Enterprise,IN,182.67,churned,referral
CUST-00537,2025-05-12 00:00:00+00:00,2026-03-27 00:00:00+00:00,Basic,CA,31.55,churned,organic
CUST-00538,2026-01-02 00:00:00+00:00,2026-03-27 00:00:00+00:00,Basic,DE,22.53,churned,sales
CUST-00539,2025-03-15 00:00:00+00:00,,Basic,CA,13.09,active,organic
CUST-00540,2026-03-08 00:00:00+00:00,,Pro,IN,83.32,active,paid_search
CUST-00541,2024-11-18 00:00:00+00:00,2026-03-31 00:00:00+00:00,Basic,GB,45.96,churned,sales
CUST-00542,2026-02-12 00:00:00+00:00,2026-03-30 00:00:00+00:00,Pro,US,90.12,churned,sales
CUST-00543,2025-11-08 00:00:00+00:00,,Pro,GB,76.94,active,organic
CUST-00544,2025-11-22 00:00:00+00:00,,Basic,DE,29.07,active,partner
CUST-00545,2024-08-26 00:00:00+00:00,,Basic,AU,36.1,active,paid_search
CUST-00546,2026-02-14 00:00:00+00:00,,Basic,GB,37.98,active,referral
CUST-00547,2025-05-30 00:00:00+00:00,,Basic,AU,26.25,active,referral
CUST-00548,2025-02-08 00:00:00+00:00,2026-03-23 00:00:00+00:00,Basic,DE,29.27,churned,referral
CUST-00549,2025-03-31 00:00:00+00:00,2026-04-19 00:00:00+00:00,Pro,IN,81.4,churned,partner
CUST-00550,2024-12-08 00:00:00+00:00,,Basic,CA,33.43,active,referral
CUST-00551,2024-09-14 00:00:00+00:00,,Basic,GB,27.94,active,partner
CUST-00552,2025-06-24 00:00:00+00:00,,Pro,US,78.04,active,sales
CUST-00553,2024-08-28 00:00:00+00:00,,Pro,CA,90.04,active,paid_search
CUST-00554,2025-08-15 00:00:00+00:00,2026-04-18 00:00:00+00:00,Basic,CA,38.68,churned,partner
CUST-00555,2024-05-12 00:00:00+00:00,,Pro,US,82.82,active,partner
CUST-00556,2025-04-08 00:00:00+00:00,,Enterprise,CA,212.75,active,partner
CUST-00557,2024-10-31 00:00:00+00:00,2026-03-25 00:00:00+00:00,Pro,CA,75.91,churned,paid_search
CUST-00558,2024-07-27 00:00:00+00:00,,Pro,AU,91.98,active,organic
CUST-00559,2024-09-22 00:00:00+00:00,,Basic,IN,33.34,active,sales
CUST-00560,2024-08-12 00:00:00+00:00,,Enterprise,DE,225.17,active,paid_search
CUST-00561,2025-03-17 00:00:00+00:00,,Basic,DE,19.46,active,referral
CUST-00562,2026-02-21 00:00:00+00:00,2026-03-29 00:00:00+00:00,Enterprise,DE,193.49,churned,referral
CUST-00563,2025-04-16 00:00:00+00:00,,Pro,DE,82.35,active,partner
CUST-00564,2025-11-17 00:00:00+00:00,2026-04-08 00:00:00+00:00,Basic,DE,32.18,churned,paid_search
CUST-00565,2024-07-17 00:00:00+00:00,2026-04-19 00:00:00+00:00,Basic,DE,44.6,churned,paid_search
CUST-00566,2025-10-10 00:00:00+00:00,,Pro,AU,73.65,active,organic
CUST-00567,2025-10-16 00:00:00+00:00,2026-04-12 00:00:00+00:00,Pro,DE,86.24,churned,paid_search
CUST-00568,2025-10-01 00:00:00+00:00,2026-04-09 00:00:00+00:00,Basic,US,38.3,churned,paid_search
CUST-00569,2025-01-03 00:00:00+00:00,,Pro,US,84.64,active,paid_search
CUST-00570,2025-02-21 00:00:00+00:00,,Enterprise,CA,191.31,active,paid_search
CUST-00571,2024-06-06 00:00:00+00:00,,Basic,CA,40.26,active,sales
CUST-00572,2025-06-08 00:00:00+00:00,,Basic,DE,38.83,active,referral
CUST-00573,2025-09-09 00:00:00+00:00,,Basic,IN,33.8,active,paid_search
CUST-00574,2026-02-17 00:00:00+00:00,,Pro,AU,80.63,active,referral
CUST-00575,2026-03-18 00:00:00+00:00,,Basic,US,30.81,active,paid_search
CUST-00576,2025-07-08 00:00:00+00:00,2026-04-02 00:00:00+00:00,Enterprise,GB,198.37,churned,partner
CUST-00577,2024-06-22 00:00:00+00:00,2026-04-17 00:00:00+00:00,Basic,IN,34.13,churned,paid_search
CUST-00578,2025-03-26 00:00:00+00:00,,Pro,US,79.25,active,paid_search
CUST-00579,2024-07-14 00:00:00+00:00,,Basic,AU,22.21,active,paid_search
CUST-00580,2026-01-11 00:00:00+00:00,,Basic,DE,20.61,active,partner
CUST-00581,2026-01-17 00:00:00+00:00,,Pro,IN,72.98,active,partner
CUST-00582,2024-08-24 00:00:00+00:00,,Basic,DE,30.78,active,organic
CUST-00583,2026-01-08 00:00:00+00:00,,Pro,US,78.78,active,referral
CUST-00584,2026-02-15 00:00:00+00:00,2026-04-12 00:00:00+00:00,Enterprise,GB,200.72,churned,referral
CUST-00585,2025-06-17 00:00:00+00:00,,Enterprise,DE,203.01,active,referral
CUST-00586,2024-06-22 00:00:00+00:00,,Enterprise,GB,193.98,active,partner
CUST-00587,2024-12-02 00:00:00+00:00,,Basic,AU,40.73,active,partner
CUST-00588,2026-01-13 00:00:00+00:00,,Pro,IN,76.86,active,partner
CUST-00589,2024-08-22 00:00:00+00:00,,Enterprise,US,195.53,active,organic
CUST-00590,2024-08-17 00:00:00+00:00,2026-03-30 00:00:00+00:00,Basic,DE,32.86,churned,partner
CUST-00591,2024-09-16 00:00:00+00:00,,Basic,CA,14.31,active,paid_search
CUST-00592,2024-07-08 00:00:00+00:00,2026-04-15 00:00:00+00:00,Pro,GB,72.68,churned,sales
CUST-00593,2025-10-08 00:00:00+00:00,,Basic,US,36.85,active,organic
CUST-00594,2024-05-16 00:00:00+00:00,2026-03-27 00:00:00+00:00,Pro,CA,65.1,churned,referral
CUST-00595,2025-08-13 00:00:00+00:00,,Enterprise,GB,207.94,active,sales
CUST-00596,2024-09-15 00:00:00+00:00,,Pro,IN,91.09,active,partner
CUST-00597,2025-02-16 00:00:00+00:00,2026-04-01 00:00:00+00:00,Basic,DE,26.04,churned,sales
CUST-00598,2024-10-01 00:00:00+00:00,,Basic,IN,31.33,active,partner
CUST-00599,2025-01-13 00:00:00+00:00,,Basic,CA,37.95,active,paid_search
CUST-00600,2025-01-03 00:00:00+00:00,,Basic,IN,25.27,active,paid_search
CUST-00601,2025-01-21 00:00:00+00:00,2026-04-04 00:00:00+00:00,Pro,DE,85.94,churned,paid_search
CUST-00602,2024-10-01 00:00:00+00:00,2026-04-19 00:00:00+00:00,Pro,DE,73.63,churned,sales
CUST-00603,2024-10-29 00:00:00+00:00,,Basic,IN,25.18,active,partner
CUST-00604,2025-12-20 00:00:00+00:00,2026-04-01 00:00:00+00:00,Basic,GB,22.61,churned,organic
CUST-00605,2024-08-30 00:00:00+00:00,,Enterprise,US,201.74,active,partner
CUST-00606,2025-03-18 00:00:00+00:00,,Basic,DE,38.26,active,organic
CUST-00607,2025-08-12 00:00:00+00:00,2026-03-31 00:00:00+00:00,Pro,AU,77.53,churned,sales
CUST-00608,2025-04-02 00:00:00+00:00,2026-04-18 00:00:00+00:00,Basic,CA,18.83,churned,sales
CUST-00609,2024-05-24 00:00:00+00:00,,Pro,IN,70.34,active,paid_search
CUST-00610,2024-08-08 00:00:00+00:00,,Basic,IN,32.16,active,referral
CUST-00611,2024-08-24 00:00:00+00:00,,Pro,DE,93.75,active,organic
CUST-00612,2025-05-07 00:00:00+00:00,,Basic,AU,32.15,active,paid_search
CUST-00613,2024-09-27 00:00:00+00:00,,Pro,CA,75.9,active,sales
CUST-00614,2025-06-30 00:00:00+00:00,,Basic,US,35.13,active,paid_search
CUST-00615,2024-12-04 00:00:00+00:00,2026-04-13 00:00:00+00:00,Basic,IN,27.08,churned,organic
CUST-00616,2025-01-05 00:00:00+00:00,,Pro,IN,75.97,active,paid_search
CUST-00617,2025-10-01 00:00:00+00:00,2026-04-15 00:00:00+00:00,Basic,IN,21.33,churned,partner
CUST-00618,2025-09-20 00:00:00+00:00,2026-03-30 00:00:00+00:00,Basic,GB,40.27,churned,partner
CUST-00619,2026-02-08 00:00:00+00:00,,Basic,CA,8.69,active,organic
CUST-00620,2025-12-16 00:00:00+00:00,2026-04-18 00:00:00+00:00,Basic,US,35.38,churned,paid_search
CUST-00621,2025-05-27 00:00:00+00:00,,Basic,AU,25.29,active,paid_search
CUST-00622,2025-04-27 00:00:00+00:00,,Enterprise,DE,195.72,active,sales
CUST-00623,2025-11-29 00:00:00+00:00,,Basic,DE,42.54,active,sales
CUST-00624,2025-06-08 00:00:00+00:00,2026-04-15 00:00:00+00:00,Pro,AU,73.29,churned,sales
CUST-00625,2025-01-30 00:00:00+00:00,,Enterprise,US,193.56,active,partner
CUST-00626,2025-10-13 00:00:00+00:00,,Basic,AU,27.96,active,partner
CUST-00627,2025-08-01 00:00:00+00:00,,Pro,IN,82.31,active,referral
CUST-00628,2025-07-12 00:00:00+00:00,,Enterprise,DE,195.47,active,referral
CUST-00629,2025-04-08 00:00:00+00:00,2026-04-02 00:00:00+00:00,Pro,AU,66.41,churned,partner
CUST-00630,2025-07-13 00:00:00+00:00,,Basic,DE,22.07,active,organic
CUST-00631,2024-10-30 00:00:00+00:00,,Basic,IN,39.25,active,partner
CUST-00632,2025-08-09 00:00:00+00:00,,Basic,GB,29.6,active,paid_search
CUST-00633,2025-05-27 00:00:00+00:00,,Pro,GB,82.61,active,paid_search
CUST-00634,2025-07-04 00:00:00+00:00,,Enterprise,US,196.91,active,referral
CUST-00635,2025-11-16 00:00:00+00:00,,Enterprise,AU,193.72,active,sales
CUST-00636,2024-12-04 00:00:00+00:00,,Basic,US,42.42,active,paid_search
CUST-00637,2025-10-11 00:00:00+00:00,,Pro,GB,77.49,active,paid_search
CUST-00638,2025-08-30 00:00:00+00:00,,Basic,DE,25.45,active,paid_search
CUST-00639,2024-09-22 00:00:00+00:00,,Enterprise,US,207.77,active,referral
CUST-00640,2024-06-06 00:00:00+00:00,2026-04-02 00:00:00+00:00,Basic,CA,23.22,churned,organic
CUST-00641,2024-12-15 00:00:00+00:00,,Enterprise,GB,194.24,active,organic
CUST-00642,2024-06-28 00:00:00+00:00,2026-03-31 00:00:00+00:00,Pro,US,79.08,churned,paid_search
CUST-00643,2024-08-10 00:00:00+00:00,,Basic,DE,29.0,active,sales
CUST-00644,2025-04-25 00:00:00+00:00,2026-03-25 00:00:00+00:00,Basic,DE,31.08,churned,partner
CUST-00645,2024-10-07 00:00:00+00:00,2026-04-17 00:00:00+00:00,Pro,DE,95.73,churned,referral
CUST-00646,2025-08-08 00:00:00+00:00,2026-04-16 00:00:00+00:00,Basic,AU,31.69,churned,referral
CUST-00647,2025-05-09 00:00:00+00:00,2026-04-02 00:00:00+00:00,Pro,GB,59.98,churned,paid_search
CUST-00648,2025-03-18 00:00:00+00:00,,Enterprise,AU,201.61,active,sales
CUST-00649,2024-05-29 00:00:00+00:00,2026-04-20 00:00:00+00:00,Pro,GB,79.3,churned,partner
CUST-00650,2024-08-14 00:00:00+00:00,,Basic,DE,29.35,active,referral
CUST-00651,2025-04-19 00:00:00+00:00,,Basic,US,30.97,active,organic
CUST-00652,2024-12-27 00:00:00+00:00,2026-04-04 00:00:00+00:00,Basic,DE,28.77,churned,sales
CUST-00653,2025-11-03 00:00:00+00:00,,Enterprise,IN,198.58,active,sales
CUST-00654,2024-09-13 00:00:00+00:00,,Basic,AU,33.9,active,partner
CUST-00655,2025-03-06 00:00:00+00:00,2026-03-28 00:00:00+00:00,Basic,AU,24.66,churned,paid_search
CUST-00656,2025-03-20 00:00:00+00:00,2026-04-07 00:00:00+00:00,Basic,CA,21.42,churned,sales
CUST-00657,2024-10-10 00:00:00+00:00,,Enterprise,CA,223.19,active,sales
CUST-00658,2025-01-10 00:00:00+00:00,,Basic,US,23.27,active,partner
CUST-00659,2026-01-31 00:00:00+00:00,,Enterprise,US,199.8,active,partner
CUST-00660,2025-09-05 00:00:00+00:00,,Pro,CA,67.03,active,organic
CUST-00661,2025-11-21 00:00:00+00:00,2026-03-29 00:00:00+00:00,Pro,GB,79.93,churned,paid_search
CUST-00662,2024-10-31 00:00:00+00:00,2026-03-31 00:00:00+00:00,Enterprise,US,191.53,churned,sales
CUST-00663,2026-02-26 00:00:00+00:00,,Pro,IN,75.46,active,partner
CUST-00664,2025-11-03 00:00:00+00:00,,Enterprise,CA,207.36,active,organic
CUST-00665,2025-02-03 00:00:00+00:00,,Basic,GB,32.78,active,referral
CUST-00666,2024-11-28 00:00:00+00:00,,Pro,US,83.55,active,paid_search
CUST-00667,2025-04-09 00:00:00+00:00,,Pro,AU,64.83,active,paid_search
CUST-00668,2024-08-06 00:00:00+00:00,,Pro,IN,93.7,active,organic
CUST-00669,2024-06-26 00:00:00+00:00,,Enterprise,GB,189.46,active,partner
CUST-00670,2025-12-21 00:00:00+00:00,,Enterprise,US,211.23,active,organic
CUST-00671,2024-06-03 00:00:00+00:00,2026-03-25 00:00:00+00:00,Pro,DE,87.17,churned,paid_search
CUST-00672,2025-01-23 00:00:00+00:00,,Basic,GB,33.62,active,organic
CUST-00673,2025-01-08 00:00:00+00:00,2026-04-07 00:00:00+00:00,Basic,CA,22.16,churned,organic
CUST-00674,2026-01-16 00:00:00+00:00,,Basic,GB,30.21,active,partner
CUST-00675,2025-01-17 00:00:00+00:00,2026-04-11 00:00:00+00:00,Basic,IN,25.23,churned,partner
CUST-00676,2024-11-07 00:00:00+00:00,2026-04-14 00:00:00+00:00,Basic,US,29.23,churned,sales
CUST-00677,2025-02-15 00:00:00+00:00,2026-04-16 00:00:00+00:00,Basic,IN,27.0,churned,sales
CUST-00678,2026-01-23 00:00:00+00:00,2026-04-02 00:00:00+00:00,Basic,GB,12.69,churned,organic
CUST-00679,2025-03-26 00:00:00+00:00,,Pro,US,87.97,active,sales
CUST-00680,2024-06-15 00:00:00+00:00,,Basic,GB,28.35,active,partner
CUST-00681,2024-11-08 00:00:00+00:00,,Enterprise,CA,195.12,active,paid_search
CUST-00682,2025-12-18 00:00:00+00:00,,Pro,AU,74.52,active,organic
CUST-00683,2024-05-29 00:00:00+00:00,,Basic,DE,31.87,active,referral
CUST-00684,2024-05-30 00:00:00+00:00,,Basic,CA,21.85,active,sales
CUST-00685,2025-11-26 00:00:00+00:00,,Basic,AU,10.96,active,organic
CUST-00686,2024-09-16 00:00:00+00:00,,Enterprise,DE,202.26,active,paid_search
CUST-00687,2025-06-15 00:00:00+00:00,,Basic,CA,33.15,active,paid_search
CUST-00688,2025-02-06 00:00:00+00:00,,Pro,US,77.4,active,paid_search
CUST-00689,2025-05-19 00:00:00+00:00,,Enterprise,AU,189.82,active,referral
CUST-00690,2024-09-28 00:00:00+00:00,,Enterprise,IN,199.71,active,partner
CUST-00691,2024-05-04 00:00:00+00:00,,Basic,AU,17.28,active,partner
CUST-00692,2024-09-20 00:00:00+00:00,2026-04-09 00:00:00+00:00,Basic,CA,20.78,churned,referral
CUST-00693,2024-06-18 00:00:00+00:00,,Basic,GB,22.99,active,sales
CUST-00694,2024-06-08 00:00:00+00:00,,Basic,US,35.75,active,referral
CUST-00695,2026-01-19 00:00:00+00:00,,Basic,GB,26.1,active,paid_search
CUST-00696,2025-09-29 00:00:00+00:00,,Pro,GB,75.42,active,partner
CUST-00697,2024-11-09 00:00:00+00:00,2026-04-19 00:00:00+00:00,Enterprise,CA,214.64,churned,sales
CUST-00698,2025-02-08 00:00:00+00:00,,Pro,CA,81.82,active,referral
CUST-00699,2026-02-16 00:00:00+00:00,,Pro,DE,81.71,active,organic
CUST-00700,2026-01-16 00:00:00+00:00,2026-04-08 00:00:00+00:00,Basic,CA,26.04,churned,organic
CUST-00701,2025-03-28 00:00:00+00:00,,Pro,GB,74.23,active,sales
CUST-00702,2025-01-21 00:00:00+00:00,2026-04-08 00:00:00+00:00,Pro,GB,61.51,churned,paid_search
CUST-00703,2025-11-27 00:00:00+00:00,2026-03-27 00:00:00+00:00,Enterprise,CA,206.75,churned,partner
CUST-00704,2025-11-24 00:00:00+00:00,2026-03-30 00:00:00+00:00,Enterprise,AU,202.59,churned,paid_search
CUST-00705,2025-12-23 00:00:00+00:00,,Basic,DE,27.57,active,sales
CUST-00706,2025-02-26 00:00:00+00:00,2026-03-26 00:00:00+00:00,Basic,GB,27.9,churned,paid_search
CUST-00707,2026-03-17 00:00:00+00:00,,Basic,AU,34.89,active,paid_search
CUST-00708,2025-02-21 00:00:00+00:00,2026-04-11 00:00:00+00:00,Basic,AU,16.56,churned,organic
CUST-00709,2025-04-28 00:00:00+00:00,,Enterprise,GB,194.28,active,organic
CUST-00710,2025-05-05 00:00:00+00:00,,Basic,US,19.91,active,partner
CUST-00711,2024-12-09 00:00:00+00:00,,Pro,US,93.17,active,organic
CUST-00712,2025-03-27 00:00:00+00:00,2026-03-31 00:00:00+00:00,Pro,US,86.01,churned,organic
CUST-00713,2024-11-05 00:00:00+00:00,,Basic,GB,11.38,active,partner
CUST-00714,2024-10-11 00:00:00+00:00,,Basic,DE,16.89,active,partner
CUST-00715,2024-06-26 00:00:00+00:00,,Pro,AU,77.94,active,sales
CUST-00716,2024-09-17 00:00:00+00:00,,Pro,IN,75.22,active,partner
CUST-00717,2025-03-30 00:00:00+00:00,,Basic,AU,18.4,active,partner
CUST-00718,2025-04-17 00:00:00+00:00,,Basic,DE,44.56,active,referral
CUST-00719,2025-10-11 00:00:00+00:00,,Pro,US,81.5,active,paid_search
CUST-00720,2025-02-02 00:00:00+00:00,2026-04-01 00:00:00+00:00,Basic,GB,32.8,churned,referral
CUST-00721,2025-12-16 00:00:00+00:00,,Enterprise,IN,193.46,active,sales
CUST-00722,2024-06-18 00:00:00+00:00,,Basic,CA,34.78,active,organic
CUST-00723,2024-08-16 00:00:00+00:00,2026-04-11 00:00:00+00:00,Basic,CA,25.96,churned,paid_search
CUST-00724,2025-12-30 00:00:00+00:00,,Basic,AU,26.73,active,organic
CUST-00725,2024-09-26 00:00:00+00:00,,Pro,DE,83.89,active,organic
CUST-00726,2026-01-01 00:00:00+00:00,,Pro,GB,65.97,active,partner
CUST-00727,2024-11-10 00:00:00+00:00,,Basic,IN,41.78,active,sales
CUST-00728,2026-01-21 00:00:00+00:00,,Enterprise,AU,200.46,active,partner
CUST-00729,2025-04-20 00:00:00+00:00,,Basic,US,39.25,active,paid_search
CUST-00730,2024-12-24 00:00:00+00:00,2026-04-15 00:00:00+00:00,Basic,IN,20.4,churned,organic
CUST-00731,2024-11-05 00:00:00+00:00,2026-03-31 00:00:00+00:00,Basic,US,21.61,churned,referral
CUST-00732,2025-06-07 00:00:00+00:00,,Basic,GB,19.7,active,organic
CUST-00733,2024-06-25 00:00:00+00:00,2026-04-10 00:00:00+00:00,Pro,IN,81.0,churned,partner
CUST-00734,2024-10-04 00:00:00+00:00,,Basic,IN,29.53,active,referral
CUST-00735,2025-10-30 00:00:00+00:00,,Pro,GB,75.28,active,organic
CUST-00736,2024-12-14 00:00:00+00:00,,Basic,CA,20.89,active,referral
CUST-00737,2024-11-03 00:00:00+00:00,,Enterprise,DE,188.87,active,organic
CUST-00738,2025-08-04 00:00:00+00:00,,Basic,AU,28.61,active,paid_search
CUST-00739,2024-10-29 00:00:00+00:00,,Enterprise,CA,195.28,active,organic
CUST-00740,2024-07-11 00:00:00+00:00,2026-04-13 00:00:00+00:00,Basic,CA,23.52,churned,partner
CUST-00741,2024-09-05 00:00:00+00:00,,Basic,GB,41.38,active,paid_search
CUST-00742,2024-10-12 00:00:00+00:00,,Pro,CA,78.34,active,sales
CUST-00743,2025-01-09 00:00:00+00:00,,Pro,CA,89.16,active,partner
CUST-00744,2025-09-17 00:00:00+00:00,2026-04-06 00:00:00+00:00,Pro,CA,74.73,churned,paid_search
CUST-00745,2024-09-20 00:00:00+00:00,2026-03-27 00:00:00+00:00,Basic,GB,30.96,churned,sales
CUST-00746,2025-07-14 00:00:00+00:00,,Pro,IN,78.56,active,sales
CUST-00747,2025-03-20 00:00:00+00:00,,Enterprise,DE,185.42,active,paid_search
CUST-00748,2025-08-18 00:00:00+00:00,,Pro,CA,90.43,active,paid_search
CUST-00749,2025-08-19 00:00:00+00:00,,Basic,CA,27.92,active,organic
CUST-00750,2025-12-04 00:00:00+00:00,,Pro,DE,84.97,active,partner
CUST-00751,2024-05-28 00:00:00+00:00,2026-04-09 00:00:00+00:00,Pro,US,72.98,churned,referral
CUST-00752,2025-12-11 00:00:00+00:00,,Enterprise,GB,197.68,active,partner
CUST-00753,2026-01-22 00:00:00+00:00,,Basic,AU,22.07,active,referral
CUST-00754,2024-06-15 00:00:00+00:00,,Basic,DE,38.89,active,paid_search
CUST-00755,2025-03-05 00:00:00+00:00,2026-04-06 00:00:00+00:00,Pro,GB,81.49,churned,referral
CUST-00756,2025-05-24 00:00:00+00:00,,Pro,GB,81.94,active,sales
CUST-00757,2024-10-30 00:00:00+00:00,2026-04-16 00:00:00+00:00,Pro,US,89.87,churned,partner
CUST-00758,2025-07-01 00:00:00+00:00,,Basic,IN,38.25,active,partner
CUST-00759,2025-12-24 00:00:00+00:00,,Basic,AU,35.12,active,organic
CUST-00760,2024-11-04 00:00:00+00:00,,Pro,IN,67.63,active,sales
CUST-00761,2025-11-21 00:00:00+00:00,,Basic,CA,23.43,active,paid_search
CUST-00762,2025-03-06 00:00:00+00:00,2026-04-07 00:00:00+00:00,Basic,US,20.97,churned,organic
CUST-00763,2024-06-06 00:00:00+00:00,,Pro,DE,84.82,active,paid_search
CUST-00764,2024-06-15 00:00:00+00:00,,Pro,GB,80.37,active,sales
CUST-00765,2025-07-17 00:00:00+00:00,,Enterprise,AU,187.88,active,partner
CUST-00766,2024-09-30 00:00:00+00:00,,Basic,CA,27.49,active,sales
CUST-00767,2025-01-24 00:00:00+00:00,,Basic,DE,17.05,active,referral
CUST-00768,2025-04-26 00:00:00+00:00,,Enterprise,DE,198.57,active,partner
CUST-00769,2025-12-16 00:00:00+00:00,,Basic,AU,15.76,active,partner
CUST-00770,2025-07-06 00:00:00+00:00,2026-04-14 00:00:00+00:00,Basic,DE,33.23,churned,organic
CUST-00771,2024-12-28 00:00:00+00:00,2026-04-12 00:00:00+00:00,Basic,IN,32.02,churned,partner
CUST-00772,2024-05-11 00:00:00+00:00,2026-04-08 00:00:00+00:00,Pro,GB,94.26,churned,referral
CUST-00773,2026-03-19 00:00:00+00:00,2026-04-04 00:00:00+00:00,Enterprise,IN,205.78,churned,sales
CUST-00774,2024-11-12 00:00:00+00:00,,Pro,GB,75.62,active,partner
CUST-00775,2024-08-16 00:00:00+00:00,,Pro,DE,85.54,active,sales
CUST-00776,2024-06-04 00:00:00+00:00,,Basic,IN,17.82,active,sales
CUST-00777,2025-06-03 00:00:00+00:00,,Basic,IN,21.3,active,partner
CUST-00778,2025-12-31 00:00:00+00:00,,Basic,AU,31.67,active,partner
CUST-00779,2025-09-17 00:00:00+00:00,2026-04-02 00:00:00+00:00,Basic,GB,11.73,churned,paid_search
CUST-00780,2024-08-13 00:00:00+00:00,,Basic,IN,28.7,active,organic
CUST-00781,2024-07-25 00:00:00+00:00,2026-03-30 00:00:00+00:00,Basic,AU,20.84,churned,sales
CUST-00782,2025-01-07 00:00:00+00:00,,Basic,AU,29.81,active,paid_search
CUST-00783,2025-12-28 00:00:00+00:00,2026-04-04 00:00:00+00:00,Pro,AU,70.38,churned,organic
CUST-00784,2025-12-28 00:00:00+00:00,,Pro,AU,82.39,active,referral
CUST-00785,2025-04-27 00:00:00+00:00,2026-03-30 00:00:00+00:00,Basic,CA,29.15,churned,organic
CUST-00786,2025-02-10 00:00:00+00:00,,Basic,DE,40.2,active,sales
CUST-00787,2026-02-28 00:00:00+00:00,,Pro,IN,79.05,active,referral
CUST-00788,2024-12-04 00:00:00+00:00,,Pro,CA,72.85,active,paid_search
CUST-00789,2025-03-12 00:00:00+00:00,,Pro,IN,77.02,active,organic
CUST-00790,2026-03-14 00:00:00+00:00,2026-04-08 00:00:00+00:00,Basic,IN,18.25,churned,referral
CUST-00791,2026-01-15 00:00:00+00:00,,Pro,AU,82.25,active,sales
CUST-00792,2025-05-13 00:00:00+00:00,,Basic,CA,33.72,active,sales
CUST-00793,2024-11-09 00:00:00+00:00,,Basic,GB,48.75,active,sales
CUST-00794,2024-08-30 00:00:00+00:00,2026-03-30 00:00:00+00:00,Basic,AU,24.03,churned,paid_search
CUST-00795,2025-05-29 00:00:00+00:00,,Basic,CA,26.86,active,referral
CUST-00796,2025-08-31 00:00:00+00:00,,Basic,AU,24.39,active,paid_search
CUST-00797,2024-05-23 00:00:00+00:00,,Basic,US,30.7,active,paid_search
CUST-00798,2025-05-10 00:00:00+00:00,,Pro,DE,82.05,active,referral
CUST-00799,2025-08-17 00:00:00+00:00,2026-03-29 00:00:00+00:00,Basic,IN,28.57,churned,partner
CUST-00800,2025-05-21 00:00:00+00:00,,Basic,CA,37.69,active,referral
CUST-00801,2026-03-14 00:00:00+00:00,,Basic,US,24.06,active,sales
CUST-00802,2025-08-26 00:00:00+00:00,2026-04-06 00:00:00+00:00,Basic,CA,36.89,churned,paid_search
CUST-00803,2025-04-01 00:00:00+00:00,,Basic,IN,33.31,active,partner
CUST-00804,2024-06-27 00:00:00+00:00,,Basic,GB,28.9,active,sales
CUST-00805,2024-10-29 00:00:00+00:00,2026-04-12 00:00:00+00:00,Basic,IN,26.48,churned,partner
CUST-00806,2024-09-29 00:00:00+00:00,,Pro,AU,98.41,active,partner
CUST-00807,2025-03-12 00:00:00+00:00,2026-04-04 00:00:00+00:00,Enterprise,GB,192.46,churned,partner
CUST-00808,2026-01-05 00:00:00+00:00,,Basic,AU,31.38,active,sales
CUST-00809,2025-06-26 00:00:00+00:00,,Pro,US,73.0,active,paid_search
CUST-00810,2024-05-04 00:00:00+00:00,,Enterprise,GB,213.28,active,sales
CUST-00811,2026-02-20 00:00:00+00:00,2026-03-30 00:00:00+00:00,Enterprise,CA,206.09,churned,sales
CUST-00812,2024-07-24 00:00:00+00:00,,Pro,CA,73.57,active,sales
CUST-00813,2024-12-05 00:00:00+00:00,,Enterprise,IN,203.1,active,partner
CUST-00814,2025-09-08 00:00:00+00:00,,Enterprise,GB,201.06,active,partner
CUST-00815,2024-10-02 00:00:00+00:00,2026-03-23 00:00:00+00:00,Pro,GB,74.87,churned,organic
CUST-00816,2024-08-22 00:00:00+00:00,,Basic,DE,35.07,active,organic
CUST-00817,2026-02-21 00:00:00+00:00,2026-04-16 00:00:00+00:00,Basic,DE,32.11,churned,sales
CUST-00818,2026-01-08 00:00:00+00:00,2026-04-11 00:00:00+00:00,Basic,US,30.73,churned,partner
CUST-00819,2024-12-18 00:00:00+00:00,,Basic,AU,28.66,active,referral
CUST-00820,2024-05-02 00:00:00+00:00,2026-04-15 00:00:00+00:00,Basic,IN,32.45,churned,paid_search
CUST-00821,2026-03-06 00:00:00+00:00,2026-03-23 00:00:00+00:00,Basic,IN,30.84,churned,referral
CUST-00822,2024-12-18 00:00:00+00:00,2026-04-06 00:00:00+00:00,Pro,CA,79.47,churned,referral
CUST-00823,2025-12-18 00:00:00+00:00,,Pro,AU,73.87,active,sales
CUST-00824,2024-12-29 00:00:00+00:00,,Pro,GB,92.55,active,paid_search
CUST-00825,2025-01-16 00:00:00+00:00,2026-04-12 00:00:00+00:00,Basic,CA,20.6,churned,partner
CUST-00826,2026-01-19 00:00:00+00:00,,Basic,GB,32.42,active,partner
CUST-00827,2024-12-08 00:00:00+00:00,,Pro,DE,76.44,active,partner
CUST-00828,2024-07-12 00:00:00+00:00,,Pro,IN,93.08,active,paid_search
CUST-00829,2024-08-04 00:00:00+00:00,,Enterprise,IN,191.77,active,partner
CUST-00830,2026-03-02 00:00:00+00:00,2026-04-15 00:00:00+00:00,Enterprise,GB,193.12,churned,organic
CUST-00831,2025-10-04 00:00:00+00:00,,Enterprise,DE,191.24,active,referral
CUST-00832,2025-10-07 00:00:00+00:00,2026-04-14 00:00:00+00:00,Basic,AU,31.59,churned,organic
CUST-00833,2025-05-14 00:00:00+00:00,,Basic,GB,18.02,active,partner
CUST-00834,2025-12-14 00:00:00+00:00,,Basic,CA,25.17,active,referral
CUST-00835,2024-08-10 00:00:00+00:00,2026-04-07 00:00:00+00:00,Pro,DE,61.78,churned,paid_search
CUST-00836,2024-10-03 00:00:00+00:00,,Enterprise,US,200.92,active,referral
CUST-00837,2024-09-11 00:00:00+00:00,,Basic,AU,25.0,active,referral
CUST-00838,2025-11-06 00:00:00+00:00,,Pro,DE,67.1,active,paid_search
CUST-00839,2026-03-12 00:00:00+00:00,2026-03-23 00:00:00+00:00,Basic,GB,37.68,churned,paid_search
CUST-00840,2024-07-02 00:00:00+00:00,,Basic,GB,18.54,active,sales
CUST-00841,2025-09-04 00:00:00+00:00,2026-04-13 00:00:00+00:00,Basic,IN,35.38,churned,organic
CUST-00842,2024-12-25 00:00:00+00:00,2026-04-08 00:00:00+00:00,Basic,DE,23.39,churned,sales
CUST-00843,2024-07-03 00:00:00+00:00,,Enterprise,DE,211.81,active,partner
CUST-00844,2026-02-26 00:00:00+00:00,2026-04-15 00:00:00+00:00,Basic,GB,35.0,churned,organic
CUST-00845,2026-03-19 00:00:00+00:00,,Pro,IN,70.94,active,organic
CUST-00846,2026-03-19 00:00:00+00:00,,Pro,GB,71.66,active,referral
CUST-00847,2025-12-05 00:00:00+00:00,,Basic,GB,33.84,active,paid_search
CUST-00848,2026-02-15 00:00:00+00:00,,Basic,GB,26.9,active,partner
CUST-00849,2024-09-03 00:00:00+00:00,,Pro,IN,77.65,active,organic
CUST-00850,2025-01-28 00:00:00+00:00,,Basic,DE,39.18,active,paid_search
CUST-00851,2024-05-15 00:00:00+00:00,2026-04-11 00:00:00+00:00,Enterprise,IN,193.01,churned,organic
CUST-00852,2024-09-15 00:00:00+00:00,2026-04-06 00:00:00+00:00,Basic,DE,29.73,churned,partner
CUST-00853,2024-05-27 00:00:00+00:00,,Pro,US,86.64,active,referral
CUST-00854,2025-10-09 00:00:00+00:00,,Pro,GB,85.47,active,paid_search
CUST-00855,2025-09-05 00:00:00+00:00,2026-03-29 00:00:00+00:00,Basic,AU,27.72,churned,sales
CUST-00856,2024-08-13 00:00:00+00:00,2026-04-19 00:00:00+00:00,Basic,AU,26.69,churned,sales
CUST-00857,2025-10-05 00:00:00+00:00,2026-04-06 00:00:00+00:00,Enterprise,AU,185.09,churned,referral
CUST-00858,2026-02-11 00:00:00+00:00,2026-04-09 00:00:00+00:00,Basic,AU,20.55,churned,sales
CUST-00859,2024-12-16 00:00:00+00:00,2026-03-24 00:00:00+00:00,Basic,US,31.55,churned,partner
CUST-00860,2024-09-16 00:00:00+00:00,,Basic,GB,27.9,active,sales
CUST-00861,2024-05-23 00:00:00+00:00,,Basic,DE,29.6,active,referral
CUST-00862,2024-06-20 00:00:00+00:00,2026-04-13 00:00:00+00:00,Pro,AU,87.31,churned,partner
CUST-00863,2025-12-30 00:00:00+00:00,,Pro,DE,69.5,active,paid_search
CUST-00864,2024-10-06 00:00:00+00:00,,Basic,CA,27.11,active,partner
CUST-00865,2024-08-16 00:00:00+00:00,2026-04-13 00:00:00+00:00,Pro,IN,80.51,churned,sales
CUST-00866,2024-11-26 00:00:00+00:00,,Basic,US,23.37,active,sales
CUST-00867,2024-09-03 00:00:00+00:00,2026-04-14 00:00:00+00:00,Basic,US,40.45,churned,partner
CUST-00868,2024-08-21 00:00:00+00:00,2026-04-04 00:00:00+00:00,Pro,DE,86.27,churned,organic
CUST-00869,2025-05-18 00:00:00+00:00,,Enterprise,DE,201.32,active,referral
CUST-00870,2026-02-23 00:00:00+00:00,,Basic,IN,43.35,active,paid_search
CUST-00871,2025-05-12 00:00:00+00:00,,Basic,AU,17.01,active,paid_search
CUST-00872,2025-11-03 00:00:00+00:00,2026-04-18 00:00:00+00:00,Pro,AU,78.94,churned,partner
CUST-00873,2026-01-03 00:00:00+00:00,,Pro,GB,81.93,active,sales
CUST-00874,2025-12-26 00:00:00+00:00,2026-04-07 00:00:00+00:00,Basic,IN,21.68,churned,organic
CUST-00875,2024-11-26 00:00:00+00:00,,Basic,AU,31.41,active,partner
CUST-00876,2025-04-08 00:00:00+00:00,,Pro,AU,70.15,active,organic
CUST-00877,2025-03-15 00:00:00+00:00,,Basic,IN,34.52,active,partner
CUST-00878,2024-10-24 00:00:00+00:00,,Basic,IN,37.46,active,paid_search
CUST-00879,2025-03-09 00:00:00+00:00,,Basic,GB,31.18,active,partner
CUST-00880,2025-01-12 00:00:00+00:00,2026-04-01 00:00:00+00:00,Basic,DE,14.18,churned,partner
CUST-00881,2026-01-22 00:00:00+00:00,2026-04-05 00:00:00+00:00,Basic,US,21.27,churned,organic
CUST-00882,2024-08-12 00:00:00+00:00,,Enterprise,CA,203.52,active,organic
CUST-00883,2025-05-17 00:00:00+00:00,,Pro,GB,79.17,active,referral
CUST-00884,2025-12-05 00:00:00+00:00,,Pro,GB,57.45,active,paid_search
CUST-00885,2024-09-07 00:00:00+00:00,,Enterprise,US,208.94,active,paid_search
CUST-00886,2024-11-01 00:00:00+00:00,,Basic,CA,30.09,active,paid_search
CUST-00887,2026-02-14 00:00:00+00:00,,Basic,IN,22.45,active,sales
CUST-00888,2025-11-09 00:00:00+00:00,,Enterprise,CA,206.96,active,organic
CUST-00889,2026-03-12 00:00:00+00:00,,Basic,GB,23.58,active,paid_search
CUST-00890,2025-09-17 00:00:00+00:00,,Pro,CA,73.49,active,sales
CUST-00891,2026-01-13 00:00:00+00:00,,Pro,IN,81.87,active,paid_search
CUST-00892,2024-11-18 00:00:00+00:00,2026-04-20 00:00:00+00:00,Basic,US,43.25,churned,organic
CUST-00893,2025-03-27 00:00:00+00:00,2026-03-24 00:00:00+00:00,Basic,AU,41.99,churned,paid_search
CUST-00894,2024-05-15 00:00:00+00:00,,Basic,AU,31.88,active,referral
CUST-00895,2024-10-21 00:00:00+00:00,,Basic,DE,32.7,active,referral
CUST-00896,2025-01-25 00:00:00+00:00,2026-04-19 00:00:00+00:00,Basic,US,35.33,churned,referral
CUST-00897,2025-04-05 00:00:00+00:00,2026-04-11 00:00:00+00:00,Basic,CA,18.94,churned,organic
CUST-00898,2026-02-13 00:00:00+00:00,2026-04-04 00:00:00+00:00,Pro,GB,84.15,churned,organic
CUST-00899,2026-02-02 00:00:00+00:00,,Enterprise,CA,193.13,active,sales
CUST-00900,2025-01-21 00:00:00+00:00,,Pro,CA,81.55,active,sales
CUST-00901,2026-03-19 00:00:00+00:00,,Basic,CA,27.18,active,paid_search
CUST-00902,2026-02-21 00:00:00+00:00,,Basic,AU,33.01,active,referral
CUST-00903,2025-10-22 00:00:00+00:00,,Basic,AU,29.94,active,sales
CUST-00904,2024-07-20 00:00:00+00:00,2026-03-24 00:00:00+00:00,Basic,DE,4.42,churned,partner
CUST-00905,2025-05-10 00:00:00+00:00,2026-03-31 00:00:00+00:00,Enterprise,US,200.43,churned,referral
CUST-00906,2024-11-18 00:00:00+00:00,2026-03-23 00:00:00+00:00,Basic,GB,34.14,churned,paid_search
CUST-00907,2025-06-12 00:00:00+00:00,,Basic,AU,32.57,active,paid_search
CUST-00908,2025-11-23 00:00:00+00:00,,Pro,AU,78.18,active,paid_search
CUST-00909,2025-07-09 00:00:00+00:00,2026-03-24 00:00:00+00:00,Basic,DE,42.14,churned,paid_search
CUST-00910,2026-01-18 00:00:00+00:00,,Basic,AU,31.49,active,sales
CUST-00911,2024-10-07 00:00:00+00:00,,Basic,US,32.5,active,referral
CUST-00912,2025-11-16 00:00:00+00:00,2026-03-26 00:00:00+00:00,Pro,GB,87.36,churned,referral
CUST-00913,2025-07-06 00:00:00+00:00,2026-04-07 00:00:00+00:00,Pro,DE,81.9,churned,organic
CUST-00914,2024-05-15 00:00:00+00:00,2026-04-01 00:00:00+00:00,Basic,CA,21.82,churned,sales
CUST-00915,2025-02-07 00:00:00+00:00,,Enterprise,IN,179.49,active,paid_search
CUST-00916,2025-05-10 00:00:00+00:00,,Enterprise,IN,195.18,active,sales
CUST-00917,2025-03-13 00:00:00+00:00,,Pro,GB,85.09,active,paid_search
CUST-00918,2024-09-27 00:00:00+00:00,,Basic,IN,26.18,active,paid_search
CUST-00919,2025-09-28 00:00:00+00:00,,Basic,DE,35.41,active,paid_search
CUST-00920,2025-01-07 00:00:00+00:00,,Enterprise,DE,200.19,active,referral
CUST-00921,2024-07-28 00:00:00+00:00,,Basic,AU,39.3,active,organic
CUST-00922,2025-02-21 00:00:00+00:00,2026-03-30 00:00:00+00:00,Pro,CA,76.64,churned,partner
CUST-00923,2025-05-18 00:00:00+00:00,,Pro,US,82.74,active,partner
CUST-00924,2025-12-12 00:00:00+00:00,,Basic,IN,33.05,active,referral
CUST-00925,2025-10-02 00:00:00+00:00,,Pro,IN,91.01,active,organic
CUST-00926,2024-06-08 00:00:00+00:00,,Enterprise,IN,185.35,active,paid_search
CUST-00927,2025-03-14 00:00:00+00:00,2026-03-28 00:00:00+00:00,Pro,AU,75.33,churned,organic
CUST-00928,2025-08-27 00:00:00+00:00,,Basic,US,35.79,active,organic
CUST-00929,2025-06-07 00:00:00+00:00,2026-03-28 00:00:00+00:00,Enterprise,US,211.37,churned,referral
CUST-00930,2025-02-17 00:00:00+00:00,,Pro,CA,80.92,active,referral
CUST-00931,2025-03-17 00:00:00+00:00,,Pro,CA,76.66,active,paid_search
CUST-00932,2024-11-25 00:00:00+00:00,,Pro,IN,85.06,active,referral
CUST-00933,2025-09-26 00:00:00+00:00,2026-04-06 00:00:00+00:00,Pro,IN,85.95,churned,paid_search
CUST-00934,2024-12-30 00:00:00+00:00,2026-04-02 00:00:00+00:00,Basic,DE,26.12,churned,referral
CUST-00935,2025-05-21 00:00:00+00:00,,Basic,DE,31.64,active,organic
CUST-00936,2024-06-11 00:00:00+00:00,,Basic,CA,38.44,active,organic
CUST-00937,2025-12-04 00:00:00+00:00,,Pro,GB,94.12,active,partner
CUST-00938,2025-12-10 00:00:00+00:00,,Pro,US,84.94,active,organic
CUST-00939,2025-05-08 00:00:00+00:00,,Pro,GB,79.35,active,referral
CUST-00940,2025-04-06 00:00:00+00:00,,Basic,DE,28.57,active,sales
CUST-00941,2024-12-01 00:00:00+00:00,,Pro,DE,83.46,active,sales
CUST-00942,2025-06-17 00:00:00+00:00,,Enterprise,DE,198.07,active,partner
CUST-00943,2024-06-30 00:00:00+00:00,,Basic,CA,30.52,active,partner
CUST-00944,2025-04-29 00:00:00+00:00,2026-03-24 00:00:00+00:00,Pro,AU,70.54,churned,partner
CUST-00945,2025-12-23 00:00:00+00:00,,Pro,IN,89.38,active,referral
CUST-00946,2025-12-30 00:00:00+00:00,,Pro,GB,69.88,active,partner
CUST-00947,2024-05-20 00:00:00+00:00,2026-04-09 00:00:00+00:00,Basic,AU,25.54,churned,partner
CUST-00948,2025-12-20 00:00:00+00:00,,Pro,GB,79.78,active,partner
CUST-00949,2024-06-06 00:00:00+00:00,,Enterprise,GB,214.93,active,organic
CUST-00950,2025-09-12 00:00:00+00:00,,Pro,IN,75.62,active,partner
CUST-00951,2026-01-17 00:00:00+00:00,,Enterprise,IN,193.67,active,referral
CUST-00952,2025-08-24 00:00:00+00:00,,Enterprise,AU,194.59,active,partner
CUST-00953,2025-01-22 00:00:00+00:00,,Basic,CA,42.27,active,sales
CUST-00954,2025-05-31 00:00:00+00:00,,Pro,AU,56.5,active,sales
CUST-00955,2024-09-26 00:00:00+00:00,,Basic,IN,20.98,active,partner
CUST-00956,2025-01-25 00:00:00+00:00,,Enterprise,US,220.85,active,sales
CUST-00957,2025-06-19 00:00:00+00:00,2026-04-10 00:00:00+00:00,Basic,US,33.73,churned,paid_search
CUST-00958,2025-01-09 00:00:00+00:00,,Basic,GB,20.15,active,sales
CUST-00959,2024-05-21 00:00:00+00:00,2026-04-09 00:00:00+00:00,Enterprise,DE,198.66,churned,organic
CUST-00960,2025-06-11 00:00:00+00:00,,Basic,CA,29.54,active,partner
CUST-00961,2025-12-07 00:00:00+00:00,,Pro,CA,85.77,active,organic
CUST-00962,2025-06-13 00:00:00+00:00,,Basic,US,43.72,active,partner
CUST-00963,2024-08-20 00:00:00+00:00,,Enterprise,AU,202.11,active,organic
CUST-00964,2025-10-23 00:00:00+00:00,,Enterprise,IN,194.68,active,referral
CUST-00965,2024-06-06 00:00:00+00:00,2026-04-01 00:00:00+00:00,Basic,IN,35.3,churned,paid_search
CUST-00966,2025-02-10 00:00:00+00:00,,Pro,DE,73.41,active,sales
CUST-00967,2025-01-31 00:00:00+00:00,2026-04-18 00:00:00+00:00,Basic,US,20.73,churned,sales
CUST-00968,2025-08-16 00:00:00+00:00,,Pro,GB,64.92,active,partner
CUST-00969,2024-06-25 00:00:00+00:00,,Pro,DE,66.48,active,partner
CUST-00970,2026-02-26 00:00:00+00:00,2026-03-25 00:00:00+00:00,Pro,IN,71.83,churned,referral
CUST-00971,2025-08-28 00:00:00+00:00,2026-04-05 00:00:00+00:00,Basic,DE,19.58,churned,paid_search
CUST-00972,2025-06-07 00:00:00+00:00,2026-04-06 00:00:00+00:00,Basic,GB,31.51,churned,referral
CUST-00973,2025-04-27 00:00:00+00:00,,Pro,AU,69.4,active,organic
CUST-00974,2025-04-29 00:00:00+00:00,,Pro,IN,53.85,active,referral
CUST-00975,2025-12-10 00:00:00+00:00,,Basic,US,20.65,active,organic
CUST-00976,2025-10-18 00:00:00+00:00,,Basic,DE,25.23,active,referral
CUST-00977,2026-01-16 00:00:00+00:00,,Basic,IN,24.16,active,referral
CUST-00978,2025-02-21 00:00:00+00:00,,Enterprise,AU,211.16,active,organic
CUST-00979,2025-07-23 00:00:00+00:00,2026-04-13 00:00:00+00:00,Basic,US,24.09,churned,referral
CUST-00980,2025-02-25 00:00:00+00:00,,Basic,DE,36.05,active,partner
CUST-00981,2025-02-09 00:00:00+00:00,2026-03-25 00:00:00+00:00,Enterprise,CA,198.85,churned,organic
CUST-00982,2024-11-23 00:00:00+00:00,,Basic,US,28.66,active,partner
CUST-00983,2025-03-10 00:00:00+00:00,,Pro,IN,72.32,active,sales
CUST-00984,2024-12-30 00:00:00+00:00,2026-04-07 00:00:00+00:00,Basic,CA,28.53,churned,paid_search
CUST-00985,2025-02-10 00:00:00+00:00,,Enterprise,DE,192.88,active,sales
CUST-00986,2024-12-27 00:00:00+00:00,2026-03-30 00:00:00+00:00,Pro,IN,80.36,churned,sales
CUST-00987,2025-01-21 00:00:00+00:00,,Enterprise,IN,197.11,active,partner
CUST-00988,2025-08-16 00:00:00+00:00,2026-04-06 00:00:00+00:00,Basic,AU,21.44,churned,referral
CUST-00989,2025-10-04 00:00:00+00:00,,Pro,CA,86.94,active,organic
CUST-00990,2024-09-25 00:00:00+00:00,2026-03-28 00:00:00+00:00,Pro,GB,82.41,churned,paid_search
CUST-00991,2025-07-29 00:00:00+00:00,,Basic,GB,25.42,active,partner
CUST-00992,2025-03-09 00:00:00+00:00,,Basic,AU,30.16,active,sales
CUST-00993,2025-11-07 00:00:00+00:00,,Basic,IN,28.33,active,organic
CUST-00994,2025-05-29 00:00:00+00:00,2026-04-15 00:00:00+00:00,Enterprise,IN,192.06,churned,referral
CUST-00995,2025-03-22 00:00:00+00:00,2026-04-16 00:00:00+00:00,Pro,AU,79.56,churned,referral
CUST-00996,2025-01-15 00:00:00+00:00,,Pro,IN,74.03,active,referral
CUST-00997,2025-03-24 00:00:00+00:00,,Pro,AU,71.44,active,organic
CUST-00998,2025-07-17 00:00:00+00:00,2026-03-31 00:00:00+00:00,Pro,GB,66.02,churned,organic
CUST-00999,2024-05-28 00:00:00+00:00,2026-03-25 00:00:00+00:00,Basic,CA,26.13,churned,partner
CUST-01000,2025-04-03 00:00:00+00:00,,Basic,US,33.54,active,sales
CUST-01001,2024-09-11 00:00:00+00:00,2026-03-23 00:00:00+00:00,Pro,CA,73.44,churned,sales
CUST-01002,2024-10-30 00:00:00+00:00,,Basic,IN,49.17,active,partner
CUST-01003,2025-03-02 00:00:00+00:00,,Enterprise,US,206.09,active,sales
CUST-01004,2024-07-19 00:00:00+00:00,,Pro,AU,89.43,active,partner
CUST-01005,2025-12-24 00:00:00+00:00,2026-04-17 00:00:00+00:00,Basic,DE,35.36,churned,organic
CUST-01006,2024-06-25 00:00:00+00:00,,Pro,CA,93.82,active,paid_search
CUST-01007,2024-08-13 00:00:00+00:00,,Basic,US,22.7,active,referral
CUST-01008,2025-04-09 00:00:00+00:00,,Enterprise,US,178.51,active,referral
CUST-01009,2024-11-01 00:00:00+00:00,2026-04-20 00:00:00+00:00,Enterprise,DE,195.43,churned,sales
CUST-01010,2025-03-29 00:00:00+00:00,,Enterprise,CA,203.47,active,referral
CUST-01011,2025-09-18 00:00:00+00:00,,Basic,GB,30.21,active,paid_search
CUST-01012,2024-09-17 00:00:00+00:00,2026-03-26 00:00:00+00:00,Basic,AU,31.2,churned,partner
CUST-01013,2025-10-04 00:00:00+00:00,2026-04-08 00:00:00+00:00,Basic,CA,39.57,churned,referral
CUST-01014,2025-08-18 00:00:00+00:00,,Basic,CA,32.06,active,partner
CUST-01015,2025-03-29 00:00:00+00:00,,Basic,DE,35.39,active,partner
CUST-01016,2024-08-22 00:00:00+00:00,2026-03-23 00:00:00+00:00,Basic,AU,21.48,churned,sales
CUST-01017,2025-07-01 00:00:00+00:00,,Enterprise,DE,190.24,active,referral
CUST-01018,2025-04-16 00:00:00+00:00,2026-04-05 00:00:00+00:00,Basic,AU,41.91,churned,referral
CUST-01019,2026-02-22 00:00:00+00:00,,Basic,DE,29.81,active,partner
CUST-01020,2026-01-02 00:00:00+00:00,2026-04-19 00:00:00+00:00,Pro,DE,74.01,churned,organic
CUST-01021,2026-02-12 00:00:00+00:00,2026-03-26 00:00:00+00:00,Pro,GB,74.03,churned,partner
CUST-01022,2026-02-01 00:00:00+00:00,2026-04-04 00:00:00+00:00,Pro,DE,73.81,churned,sales
CUST-01023,2024-07-31 00:00:00+00:00,2026-04-10 00:00:00+00:00,Pro,AU,73.33,churned,referral
CUST-01024,2024-08-19 00:00:00+00:00,2026-03-29 00:00:00+00:00,Enterprise,CA,188.73,churned,referral
CUST-01025,2024-09-01 00:00:00+00:00,,Pro,DE,67.0,active,paid_search
CUST-01026,2026-02-12 00:00:00+00:00,2026-03-23 00:00:00+00:00,Pro,US,77.44,churned,sales
CUST-01027,2026-01-28 00:00:00+00:00,2026-04-08 00:00:00+00:00,Pro,DE,74.26,churned,organic
CUST-01028,2025-09-10 00:00:00+00:00,2026-04-17 00:00:00+00:00,Basic,IN,37.86,churned,sales
CUST-01029,2025-02-25 00:00:00+00:00,2026-04-06 00:00:00+00:00,Basic,US,31.34,churned,partner
CUST-01030,2025-08-04 00:00:00+00:00,,Basic,US,31.12,active,sales
CUST-01031,2025-04-20 00:00:00+00:00,2026-04-14 00:00:00+00:00,Basic,DE,23.06,churned,sales
CUST-01032,2025-11-23 00:00:00+00:00,2026-04-03 00:00:00+00:00,Pro,CA,78.03,churned,referral
CUST-01033,2024-11-03 00:00:00+00:00,,Basic,DE,31.89,active,sales
CUST-01034,2025-08-18 00:00:00+00:00,,Basic,GB,34.73,active,referral
CUST-01035,2026-02-05 00:00:00+00:00,2026-04-19 00:00:00+00:00,Basic,US,28.25,churned,sales
CUST-01036,2024-10-26 00:00:00+00:00,2026-03-31 00:00:00+00:00,Pro,AU,87.63,churned,paid_search
CUST-01037,2024-07-08 00:00:00+00:00,,Basic,US,29.06,active,paid_search
CUST-01038,2026-03-12 00:00:00+00:00,,Pro,CA,85.34,active,partner
CUST-01039,2025-05-25 00:00:00+00:00,2026-04-10 00:00:00+00:00,Enterprise,AU,195.08,churned,sales
CUST-01040,2024-08-29 00:00:00+00:00,2026-03-27 00:00:00+00:00,Basic,CA,14.5,churned,referral
CUST-01041,2024-11-20 00:00:00+00:00,2026-04-10 00:00:00+00:00,Pro,IN,81.15,churned,partner
CUST-01042,2024-08-08 00:00:00+00:00,,Basic,US,34.8,active,partner
CUST-01043,2025-06-09 00:00:00+00:00,,Basic,IN,33.6,active,referral
CUST-01044,2025-07-09 00:00:00+00:00,,Pro,AU,82.38,active,sales
CUST-01045,2024-11-18 00:00:00+00:00,,Enterprise,IN,196.21,active,sales
CUST-01046,2025-12-07 00:00:00+00:00,,Basic,CA,22.55,active,paid_search
CUST-01047,2025-10-08 00:00:00+00:00,2026-03-25 00:00:00+00:00,Pro,US,83.41,churned,partner
CUST-01048,2025-02-01 00:00:00+00:00,,Basic,US,32.41,active,organic
CUST-01049,2024-12-16 00:00:00+00:00,,Pro,IN,74.51,active,referral
CUST-01050,2025-12-30 00:00:00+00:00,,Pro,AU,87.88,active,partner
CUST-01051,2025-04-06 00:00:00+00:00,2026-04-19 00:00:00+00:00,Pro,DE,71.94,churned,sales
CUST-01052,2025-07-14 00:00:00+00:00,2026-04-07 00:00:00+00:00,Pro,GB,74.33,churned,partner
CUST-01053,2025-04-10 00:00:00+00:00,,Basic,DE,42.09,active,referral
CUST-01054,2024-05-30 00:00:00+00:00,2026-03-23 00:00:00+00:00,Pro,DE,85.95,churned,paid_search
CUST-01055,2026-01-29 00:00:00+00:00,2026-04-10 00:00:00+00:00,Pro,DE,76.14,churned,sales
CUST-01056,2024-05-05 00:00:00+00:00,,Pro,DE,81.3,active,paid_search
CUST-01057,2025-05-16 00:00:00+00:00,2026-04-18 00:00:00+00:00,Basic,US,30.24,churned,organic
CUST-01058,2024-10-06 00:00:00+00:00,,Basic,IN,7.04,active,sales
CUST-01059,2025-06-03 00:00:00+00:00,,Basic,DE,21.75,active,sales
CUST-01060,2025-08-20 00:00:00+00:00,2026-04-12 00:00:00+00:00,Basic,US,28.59,churned,partner
CUST-01061,2024-10-07 00:00:00+00:00,,Basic,GB,26.15,active,partner
CUST-01062,2024-12-03 00:00:00+00:00,2026-04-19 00:00:00+00:00,Basic,US,30.98,churned,paid_search
CUST-01063,2025-12-13 00:00:00+00:00,,Pro,AU,88.04,active,sales
CUST-01064,2024-11-21 00:00:00+00:00,,Basic,US,26.43,active,paid_search
CUST-01065,2024-10-19 00:00:00+00:00,,Pro,US,70.54,active,paid_search
CUST-01066,2025-06-28 00:00:00+00:00,,Pro,DE,81.6,active,partner
CUST-01067,2024-06-22 00:00:00+00:00,,Pro,IN,76.39,active,paid_search
CUST-01068,2025-01-04 00:00:00+00:00,2026-04-18 00:00:00+00:00,Basic,GB,27.75,churned,paid_search
CUST-01069,2025-08-04 00:00:00+00:00,,Basic,IN,26.67,active,referral
CUST-01070,2026-03-15 00:00:00+00:00,2026-03-27 00:00:00+00:00,Pro,IN,96.93,churned,referral
CUST-01071,2024-12-12 00:00:00+00:00,,Enterprise,AU,181.07,active,organic
CUST-01072,2025-10-29 00:00:00+00:00,2026-04-08 00:00:00+00:00,Basic,AU,25.89,churned,referral
CUST-01073,2024-10-16 00:00:00+00:00,2026-03-23 00:00:00+00:00,Pro,IN,78.97,churned,referral
CUST-01074,2025-03-25 00:00:00+00:00,,Pro,AU,72.75,active,organic
CUST-01075,2025-05-04 00:00:00+00:00,2026-03-30 00:00:00+00:00,Pro,AU,86.2,churned,referral
CUST-01076,2025-11-30 00:00:00+00:00,2026-03-23 00:00:00+00:00,Basic,DE,35.51,churned,partner
CUST-01077,2024-11-17 00:00:00+00:00,2026-04-06 00:00:00+00:00,Pro,DE,78.62,churned,sales
CUST-01078,2025-11-28 00:00:00+00:00,,Basic,CA,26.83,active,paid_search
CUST-01079,2025-06-07 00:00:00+00:00,,Enterprise,GB,198.1,active,organic
CUST-01080,2024-08-22 00:00:00+00:00,,Basic,GB,28.16,active,organic
CUST-01081,2024-06-25 00:00:00+00:00,,Basic,DE,28.37,active,organic
CUST-01082,2024-05-09 00:00:00+00:00,,Enterprise,CA,197.5,active,sales
CUST-01083,2024-05-30 00:00:00+00:00,,Basic,AU,31.02,active,referral
CUST-01084,2025-03-04 00:00:00+00:00,2026-03-31 00:00:00+00:00,Basic,US,35.03,churned,partner
CUST-01085,2025-11-04 00:00:00+00:00,,Basic,GB,19.16,active,partner
CUST-01086,2024-08-21 00:00:00+00:00,,Basic,AU,20.59,active,sales
CUST-01087,2024-09-15 00:00:00+00:00,,Basic,IN,15.01,active,partner
CUST-01088,2024-05-08 00:00:00+00:00,2026-04-05 00:00:00+00:00,Basic,CA,35.93,churned,organic
CUST-01089,2024-12-28 00:00:00+00:00,,Pro,AU,81.0,active,paid_search
CUST-01090,2025-12-15 00:00:00+00:00,2026-04-10 00:00:00+00:00,Pro,CA,83.04,churned,organic
CUST-01091,2025-04-09 00:00:00+00:00,2026-04-05 00:00:00+00:00,Basic,US,17.56,churned,referral
CUST-01092,2025-05-17 00:00:00+00:00,,Pro,DE,93.28,active,partner
CUST-01093,2024-08-18 00:00:00+00:00,,Basic,DE,24.13,active,partner
CUST-01094,2025-06-25 00:00:00+00:00,,Enterprise,DE,200.35,active,partner
CUST-01095,2025-08-08 00:00:00+00:00,2026-04-11 00:00:00+00:00,Basic,CA,35.84,churned,sales
CUST-01096,2026-01-26 00:00:00+00:00,,Pro,GB,71.1,active,sales
CUST-01097,2024-08-23 00:00:00+00:00,2026-03-25 00:00:00+00:00,Basic,DE,24.63,churned,paid_search
CUST-01098,2024-10-17 00:00:00+00:00,,Pro,AU,80.43,active,paid_search
CUST-01099,2026-02-22 00:00:00+00:00,,Basic,AU,51.86,active,organic
CUST-01100,2025-05-27 00:00:00+00:00,,Pro,AU,81.41,active,sales
CUST-01101,2025-04-25 00:00:00+00:00,,Basic,GB,41.85,active,partner
CUST-01102,2025-05-03 00:00:00+00:00,2026-03-24 00:00:00+00:00,Enterprise,CA,208.65,churned,sales
CUST-01103,2024-06-26 00:00:00+00:00,2026-04-18 00:00:00+00:00,Pro,US,81.94,churned,referral
CUST-01104,2025-12-09 00:00:00+00:00,2026-04-09 00:00:00+00:00,Pro,GB,71.09,churned,partner
CUST-01105,2025-08-23 00:00:00+00:00,,Pro,DE,87.48,active,organic
CUST-01106,2025-11-18 00:00:00+00:00,,Enterprise,US,187.02,active,organic
CUST-01107,2025-10-05 00:00:00+00:00,,Basic,GB,41.81,active,paid_search
CUST-01108,2024-07-05 00:00:00+00:00,,Basic,DE,30.6,active,partner
CUST-01109,2024-06-11 00:00:00+00:00,2026-03-24 00:00:00+00:00,Basic,DE,7.8,churned,organic
CUST-01110,2026-02-20 00:00:00+00:00,2026-04-07 00:00:00+00:00,Basic,US,26.28,churned,organic
CUST-01111,2025-01-10 00:00:00+00:00,,Pro,IN,84.23,active,paid_search
CUST-01112,2025-10-13 00:00:00+00:00,,Enterprise,IN,197.1,active,referral
CUST-01113,2025-11-10 00:00:00+00:00,,Enterprise,DE,204.72,active,sales
CUST-01114,2025-09-02 00:00:00+00:00,,Pro,IN,72.2,active,partner
CUST-01115,2025-11-08 00:00:00+00:00,,Pro,DE,68.55,active,partner
CUST-01116,2025-04-18 00:00:00+00:00,,Enterprise,AU,198.43,active,sales
CUST-01117,2024-05-05 00:00:00+00:00,,Enterprise,AU,199.25,active,partner
CUST-01118,2025-02-11 00:00:00+00:00,2026-04-14 00:00:00+00:00,Basic,IN,26.21,churned,referral
CUST-01119,2024-11-08 00:00:00+00:00,,Pro,CA,88.82,active,partner
CUST-01120,2025-04-16 00:00:00+00:00,,Pro,US,72.2,active,partner
CUST-01121,2026-03-13 00:00:00+00:00,,Basic,US,31.51,active,partner
CUST-01122,2026-01-23 00:00:00+00:00,,Basic,US,29.54,active,referral
CUST-01123,2025-09-18 00:00:00+00:00,2026-03-30 00:00:00+00:00,Enterprise,IN,186.55,churned,referral
CUST-01124,2025-10-05 00:00:00+00:00,,Enterprise,CA,188.45,active,partner
CUST-01125,2024-08-20 00:00:00+00:00,,Enterprise,IN,199.1,active,paid_search
CUST-01126,2024-08-17 00:00:00+00:00,,Pro,AU,94.85,active,sales
CUST-01127,2024-08-10 00:00:00+00:00,2026-03-30 00:00:00+00:00,Basic,GB,33.63,churned,sales
CUST-01128,2025-01-07 00:00:00+00:00,2026-04-08 00:00:00+00:00,Basic,US,15.19,churned,paid_search
CUST-01129,2025-03-04 00:00:00+00:00,,Pro,GB,54.12,active,organic
CUST-01130,2024-12-30 00:00:00+00:00,,Pro,US,84.86,active,sales
CUST-01131,2025-06-15 00:00:00+00:00,,Pro,GB,78.23,active,organic
CUST-01132,2024-12-15 00:00:00+00:00,,Pro,DE,88.13,active,sales
CUST-01133,2024-09-20 00:00:00+00:00,,Basic,DE,21.95,active,referral
CUST-01134,2024-10-12 00:00:00+00:00,,Pro,IN,81.8,active,sales
CUST-01135,2025-01-23 00:00:00+00:00,2026-04-07 00:00:00+00:00,Basic,AU,35.77,churned,paid_search
CUST-01136,2026-02-10 00:00:00+00:00,2026-03-31 00:00:00+00:00,Basic,DE,25.42,churned,partner
CUST-01137,2024-11-07 00:00:00+00:00,2026-04-20 00:00:00+00:00,Basic,IN,25.59,churned,partner
CUST-01138,2025-07-13 00:00:00+00:00,,Basic,GB,29.2,active,sales
CUST-01139,2024-10-25 00:00:00+00:00,2026-04-07 00:00:00+00:00,Enterprise,US,203.34,churned,organic
CUST-01140,2025-03-15 00:00:00+00:00,,Basic,CA,28.89,active,organic
CUST-01141,2024-07-22 00:00:00+00:00,,Basic,AU,36.79,active,paid_search
CUST-01142,2025-08-01 00:00:00+00:00,,Pro,IN,75.3,active,referral
CUST-01143,2024-06-18 00:00:00+00:00,,Pro,AU,68.37,active,sales
CUST-01144,2024-08-17 00:00:00+00:00,,Basic,AU,44.82,active,paid_search
CUST-01145,2025-08-06 00:00:00+00:00,2026-04-09 00:00:00+00:00,Basic,DE,24.16,churned,organic
CUST-01146,2025-04-24 00:00:00+00:00,,Basic,US,24.45,active,organic
CUST-01147,2025-03-21 00:00:00+00:00,,Pro,CA,78.47,active,sales
CUST-01148,2024-10-08 00:00:00+00:00,,Basic,CA,29.54,active,partner
CUST-01149,2024-12-02 00:00:00+00:00,,Basic,CA,25.91,active,organic
CUST-01150,2024-08-12 00:00:00+00:00,,Basic,CA,28.86,active,organic
CUST-01151,2025-07-10 00:00:00+00:00,,Pro,CA,78.68,active,partner
CUST-01152,2025-04-08 00:00:00+00:00,,Basic,AU,30.4,active,organic
CUST-01153,2025-05-29 00:00:00+00:00,2026-04-19 00:00:00+00:00,Pro,US,60.14,churned,paid_search
CUST-01154,2024-07-03 00:00:00+00:00,,Basic,GB,44.05,active,sales
CUST-01155,2025-08-24 00:00:00+00:00,2026-03-23 00:00:00+00:00,Pro,IN,77.82,churned,partner
CUST-01156,2025-02-10 00:00:00+00:00,,Basic,IN,33.64,active,organic
CUST-01157,2025-12-30 00:00:00+00:00,2026-04-06 00:00:00+00:00,Basic,AU,17.98,churned,referral
CUST-01158,2024-08-13 00:00:00+00:00,2026-04-03 00:00:00+00:00,Basic,AU,25.23,churned,referral
CUST-01159,2025-06-30 00:00:00+00:00,,Pro,DE,73.62,active,paid_search
CUST-01160,2025-07-30 00:00:00+00:00,2026-04-04 00:00:00+00:00,Enterprise,AU,210.76,churned,paid_search
CUST-01161,2025-02-13 00:00:00+00:00,2026-04-11 00:00:00+00:00,Basic,US,24.31,churned,paid_search
CUST-01162,2025-04-12 00:00:00+00:00,2026-04-16 00:00:00+00:00,Basic,IN,35.06,churned,referral
CUST-01163,2024-08-14 00:00:00+00:00,,Enterprise,CA,193.8,active,referral
CUST-01164,2025-03-21 00:00:00+00:00,,Pro,GB,75.38,active,referral
CUST-01165,2025-03-31 00:00:00+00:00,2026-04-09 00:00:00+00:00,Basic,DE,27.04,churned,referral
CUST-01166,2026-01-09 00:00:00+00:00,2026-04-18 00:00:00+00:00,Basic,GB,39.27,churned,partner
CUST-01167,2026-03-07 00:00:00+00:00,,Pro,IN,63.88,active,partner
CUST-01168,2025-06-20 00:00:00+00:00,,Pro,AU,68.47,active,referral
CUST-01169,2024-05-03 00:00:00+00:00,2026-03-26 00:00:00+00:00,Pro,AU,63.42,churned,organic
CUST-01170,2024-06-28 00:00:00+00:00,,Enterprise,AU,190.3,active,sales
CUST-01171,2025-01-13 00:00:00+00:00,2026-03-26 00:00:00+00:00,Basic,GB,22.51,churned,sales
CUST-01172,2025-01-11 00:00:00+00:00,2026-04-14 00:00:00+00:00,Basic,DE,16.08,churned,sales
CUST-01173,2025-06-25 00:00:00+00:00,2026-04-09 00:00:00+00:00,Basic,CA,23.13,churned,sales
CUST-01174,2025-11-20 00:00:00+00:00,2026-04-17 00:00:00+00:00,Basic,DE,12.88,churned,organic
CUST-01175,2026-03-17 00:00:00+00:00,,Basic,GB,20.86,active,paid_search
CUST-01176,2025-08-01 00:00:00+00:00,,Basic,IN,38.6,active,partner
CUST-01177,2025-08-16 00:00:00+00:00,2026-03-24 00:00:00+00:00,Basic,DE,32.23,churned,referral
CUST-01178,2025-11-10 00:00:00+00:00,,Pro,GB,80.5,active,referral
CUST-01179,2025-09-25 00:00:00+00:00,2026-04-01 00:00:00+00:00,Basic,DE,20.98,churned,organic
CUST-01180,2026-03-05 00:00:00+00:00,2026-04-01 00:00:00+00:00,Basic,US,16.71,churned,organic
CUST-01181,2025-01-27 00:00:00+00:00,2026-04-02 00:00:00+00:00,Pro,IN,69.89,churned,partner
CUST-01182,2024-06-21 00:00:00+00:00,,Pro,AU,78.65,active,sales
CUST-01183,2024-12-01 00:00:00+00:00,,Pro,GB,85.95,active,paid_search
CUST-01184,2025-05-17 00:00:00+00:00,2026-04-15 00:00:00+00:00,Pro,GB,86.22,churned,organic
CUST-01185,2025-06-06 00:00:00+00:00,,Pro,DE,84.04,active,organic
CUST-01186,2025-08-22 00:00:00+00:00,,Basic,GB,23.1,active,sales
CUST-01187,2025-12-14 00:00:00+00:00,2026-04-06 00:00:00+00:00,Basic,AU,29.2,churned,partner
CUST-01188,2025-02-03 00:00:00+00:00,2026-03-26 00:00:00+00:00,Pro,IN,76.43,churned,paid_search
CUST-01189,2025-02-25 00:00:00+00:00,,Basic,AU,27.39,active,organic
CUST-01190,2026-03-17 00:00:00+00:00,,Basic,IN,45.3,active,paid_search
CUST-01191,2025-06-09 00:00:00+00:00,,Basic,GB,14.9,active,partner
CUST-01192,2025-09-12 00:00:00+00:00,,Basic,DE,27.12,active,sales
CUST-01193,2025-11-25 00:00:00+00:00,2026-04-10 00:00:00+00:00,Basic,CA,38.69,churned,partner
CUST-01194,2024-11-22 00:00:00+00:00,,Basic,IN,17.27,active,sales
CUST-01195,2025-03-25 00:00:00+00:00,,Pro,DE,73.85,active,referral
CUST-01196,2025-01-09 00:00:00+00:00,,Enterprise,US,194.77,active,sales
CUST-01197,2024-11-15 00:00:00+00:00,,Basic,US,27.21,active,organic
CUST-01198,2024-05-14 00:00:00+00:00,,Enterprise,AU,186.23,active,sales
CUST-01199,2024-09-15 00:00:00+00:00,2026-04-04 00:00:00+00:00,Basic,AU,33.76,churned,organic
CUST-01200,2025-01-18 00:00:00+00:00,,Enterprise,GB,204.33,active,partner
CUST-01201,2024-07-24 00:00:00+00:00,,Enterprise,DE,203.07,active,referral
CUST-01202,2025-04-27 00:00:00+00:00,2026-04-17 00:00:00+00:00,Basic,GB,22.04,churned,organic
CUST-01203,2024-05-12 00:00:00+00:00,,Pro,IN,79.69,active,organic
CUST-01204,2024-10-13 00:00:00+00:00,,Enterprise,GB,191.8,active,paid_search
CUST-01205,2024-12-28 00:00:00+00:00,,Enterprise,IN,196.34,active,paid_search
CUST-01206,2024-07-07 00:00:00+00:00,,Enterprise,AU,216.23,active,partner
CUST-01207,2025-04-01 00:00:00+00:00,,Pro,GB,79.77,active,sales
CUST-01208,2024-11-10 00:00:00+00:00,,Basic,IN,19.5,active,organic
CUST-01209,2025-09-07 00:00:00+00:00,,Pro,DE,80.44,active,partner
CUST-01210,2024-05-27 00:00:00+00:00,,Pro,AU,68.19,active,sales
CUST-01211,2025-01-16 00:00:00+00:00,,Pro,IN,69.41,active,referral
CUST-01212,2024-09-29 00:00:00+00:00,2026-04-19 00:00:00+00:00,Basic,CA,20.67,churned,paid_search
CUST-01213,2025-05-09 00:00:00+00:00,,Pro,GB,75.45,active,partner
CUST-01214,2024-08-01 00:00:00+00:00,,Basic,DE,36.5,active,paid_search
CUST-01215,2026-01-30 00:00:00+00:00,,Pro,CA,83.63,active,organic
CUST-01216,2026-01-03 00:00:00+00:00,2026-04-01 00:00:00+00:00,Basic,GB,33.18,churned,organic
CUST-01217,2025-04-07 00:00:00+00:00,,Pro,IN,70.21,active,referral
CUST-01218,2024-11-02 00:00:00+00:00,2026-04-16 00:00:00+00:00,Pro,AU,74.67,churned,paid_search
CUST-01219,2024-09-10 00:00:00+00:00,2026-04-16 00:00:00+00:00,Basic,US,31.18,churned,organic
CUST-01220,2025-05-23 00:00:00+00:00,,Pro,GB,73.97,active,organic
CUST-01221,2024-12-29 00:00:00+00:00,2026-04-12 00:00:00+00:00,Basic,CA,26.77,churned,organic
CUST-01222,2025-03-06 00:00:00+00:00,,Enterprise,GB,202.53,active,referral
CUST-01223,2024-05-28 00:00:00+00:00,,Pro,AU,76.21,active,organic
CUST-01224,2024-12-26 00:00:00+00:00,,Basic,DE,30.81,active,organic
CUST-01225,2025-06-08 00:00:00+00:00,2026-04-18 00:00:00+00:00,Basic,IN,41.74,churned,partner
CUST-01226,2024-05-22 00:00:00+00:00,,Basic,IN,27.63,active,referral
CUST-01227,2026-01-07 00:00:00+00:00,,Basic,DE,38.43,active,paid_search
CUST-01228,2024-05-12 00:00:00+00:00,2026-03-30 00:00:00+00:00,Enterprise,US,203.47,churned,sales
CUST-01229,2025-12-06 00:00:00+00:00,2026-04-11 00:00:00+00:00,Pro,GB,67.26,churned,sales
CUST-01230,2025-09-05 00:00:00+00:00,,Basic,GB,20.18,active,referral
CUST-01231,2024-09-02 00:00:00+00:00,2026-04-13 00:00:00+00:00,Enterprise,CA,192.33,churned,partner
CUST-01232,2024-11-01 00:00:00+00:00,,Basic,US,22.16,active,referral
CUST-01233,2024-05-22 00:00:00+00:00,,Enterprise,CA,198.28,active,partner
CUST-01234,2024-10-21 00:00:00+00:00,,Basic,GB,33.92,active,organic
CUST-01235,2025-01-07 00:00:00+00:00,2026-03-24 00:00:00+00:00,Pro,DE,89.04,churned,organic
CUST-01236,2025-07-26 00:00:00+00:00,,Enterprise,DE,201.47,active,paid_search
CUST-01237,2026-03-19 00:00:00+00:00,2026-03-30 00:00:00+00:00,Basic,IN,25.43,churned,sales
CUST-01238,2025-12-27 00:00:00+00:00,,Pro,CA,62.34,active,organic
CUST-01239,2025-08-29 00:00:00+00:00,,Enterprise,IN,199.56,active,organic
CUST-01240,2026-02-22 00:00:00+00:00,,Basic,US,29.21,active,sales
CUST-01241,2025-04-06 00:00:00+00:00,2026-03-27 00:00:00+00:00,Basic,AU,30.46,churned,partner
CUST-01242,2024-10-02 00:00:00+00:00,,Pro,DE,95.85,active,referral
CUST-01243,2024-05-27 00:00:00+00:00,,Basic,CA,38.92,active,organic
CUST-01244,2025-04-19 00:00:00+00:00,,Basic,GB,35.28,active,organic
CUST-01245,2024-07-27 00:00:00+00:00,,Basic,US,21.3,active,referral
CUST-01246,2024-05-11 00:00:00+00:00,,Pro,US,74.9,active,partner
CUST-01247,2024-08-06 00:00:00+00:00,,Basic,GB,28.24,active,paid_search
CUST-01248,2025-05-06 00:00:00+00:00,,Basic,IN,22.8,active,sales
CUST-01249,2025-08-10 00:00:00+00:00,,Pro,CA,83.0,active,partner
CUST-01250,2024-05-17 00:00:00+00:00,2026-03-30 00:00:00+00:00,Pro,US,81.86,churned,referral
CUST-01251,2025-10-07 00:00:00+00:00,,Pro,CA,70.29,active,organic
CUST-01252,2025-06-12 00:00:00+00:00,,Basic,IN,38.57,active,partner
CUST-01253,2026-01-30 00:00:00+00:00,2026-03-31 00:00:00+00:00,Enterprise,US,199.82,churned,referral
CUST-01254,2024-09-21 00:00:00+00:00,,Pro,IN,65.17,active,sales
CUST-01255,2024-12-29 00:00:00+00:00,2026-04-08 00:00:00+00:00,Basic,US,28.59,churned,organic
CUST-01256,2026-01-23 00:00:00+00:00,2026-03-25 00:00:00+00:00,Enterprise,GB,201.25,churned,referral
CUST-01257,2025-10-20 00:00:00+00:00,,Basic,IN,36.78,active,sales
CUST-01258,2025-03-04 00:00:00+00:00,,Basic,DE,26.3,active,referral
CUST-01259,2025-03-15 00:00:00+00:00,,Basic,DE,35.62,active,paid_search
CUST-01260,2024-09-15 00:00:00+00:00,,Pro,US,80.5,active,paid_search
CUST-01261,2025-09-20 00:00:00+00:00,,Basic,US,18.48,active,organic
CUST-01262,2024-06-22 00:00:00+00:00,2026-04-09 00:00:00+00:00,Basic,US,17.68,churned,paid_search
CUST-01263,2025-05-20 00:00:00+00:00,,Basic,IN,37.98,active,referral
CUST-01264,2024-09-01 00:00:00+00:00,,Basic,US,38.57,active,sales
CUST-01265,2025-10-09 00:00:00+00:00,2026-04-02 00:00:00+00:00,Basic,IN,31.58,churned,partner
CUST-01266,2026-02-25 00:00:00+00:00,,Pro,DE,90.97,active,partner
CUST-01267,2026-02-13 00:00:00+00:00,,Basic,IN,37.45,active,referral
CUST-01268,2025-07-08 00:00:00+00:00,,Basic,IN,34.47,active,partner
CUST-01269,2024-06-03 00:00:00+00:00,,Pro,GB,71.71,active,partner
CUST-01270,2026-02-17 00:00:00+00:00,,Basic,DE,42.85,active,partner
CUST-01271,2025-07-11 00:00:00+00:00,2026-04-08 00:00:00+00:00,Pro,IN,83.29,churned,organic
CUST-01272,2026-01-06 00:00:00+00:00,2026-04-01 00:00:00+00:00,Basic,IN,25.91,churned,paid_search
CUST-01273,2024-06-18 00:00:00+00:00,,Basic,GB,23.65,active,partner
CUST-01274,2024-12-12 00:00:00+00:00,,Basic,US,31.05,active,sales
CUST-01275,2024-10-12 00:00:00+00:00,,Basic,GB,15.63,active,paid_search
CUST-01276,2024-11-15 00:00:00+00:00,2026-04-08 00:00:00+00:00,Basic,CA,34.6,churned,organic
CUST-01277,2024-12-24 00:00:00+00:00,,Pro,GB,71.37,active,organic
CUST-01278,2024-10-05 00:00:00+00:00,,Basic,US,31.96,active,sales
CUST-01279,2026-03-17 00:00:00+00:00,2026-04-01 00:00:00+00:00,Pro,AU,74.83,churned,partner
CUST-01280,2024-08-02 00:00:00+00:00,,Pro,US,76.88,active,partner
CUST-01281,2024-10-28 00:00:00+00:00,,Basic,IN,22.94,active,referral
CUST-01282,2024-10-28 00:00:00+00:00,2026-04-07 00:00:00+00:00,Pro,US,77.71,churned,organic
CUST-01283,2025-06-24 00:00:00+00:00,,Basic,CA,44.12,active,referral
CUST-01284,2024-09-16 00:00:00+00:00,,Basic,CA,40.08,active,paid_search
CUST-01285,2025-07-02 00:00:00+00:00,,Basic,DE,31.84,active,paid_search
CUST-01286,2026-02-17 00:00:00+00:00,,Pro,DE,78.8,active,sales
CUST-01287,2024-07-04 00:00:00+00:00,,Enterprise,DE,205.75,active,referral
CUST-01288,2025-10-12 00:00:00+00:00,,Basic,DE,38.04,active,paid_search
CUST-01289,2026-01-11 00:00:00+00:00,,Pro,DE,72.36,active,partner
CUST-01290,2025-01-17 00:00:00+00:00,,Pro,CA,78.38,active,paid_search
CUST-01291,2025-10-12 00:00:00+00:00,2026-04-04 00:00:00+00:00,Basic,AU,14.42,churned,referral
CUST-01292,2024-08-07 00:00:00+00:00,,Pro,US,87.98,active,referral
CUST-01293,2025-05-20 00:00:00+00:00,2026-03-23 00:00:00+00:00,Pro,GB,95.52,churned,organic
CUST-01294,2026-03-19 00:00:00+00:00,,Enterprise,CA,199.64,active,organic
CUST-01295,2024-06-04 00:00:00+00:00,2026-04-09 00:00:00+00:00,Enterprise,GB,182.0,churned,organic
CUST-01296,2025-04-01 00:00:00+00:00,2026-04-15 00:00:00+00:00,Basic,IN,33.87,churned,organic
CUST-01297,2025-09-22 00:00:00+00:00,2026-03-23 00:00:00+00:00,Basic,CA,21.77,churned,organic
CUST-01298,2024-12-10 00:00:00+00:00,,Pro,DE,73.69,active,organic
CUST-01299,2025-03-21 00:00:00+00:00,,Basic,DE,34.01,active,partner
CUST-01300,2026-03-02 00:00:00+00:00,,Basic,GB,31.04,active,sales
CUST-01301,2024-10-14 00:00:00+00:00,,Enterprise,US,195.1,active,referral
CUST-01302,2025-06-19 00:00:00+00:00,,Basic,GB,23.8,active,organic
CUST-01303,2024-11-25 00:00:00+00:00,,Basic,GB,30.01,active,sales
CUST-01304,2024-07-13 00:00:00+00:00,,Pro,CA,75.72,active,organic
CUST-01305,2025-01-25 00:00:00+00:00,,Basic,IN,20.13,active,sales
CUST-01306,2024-12-14 00:00:00+00:00,,Basic,US,26.34,active,organic
CUST-01307,2025-09-28 00:00:00+00:00,,Enterprise,GB,201.72,active,partner
CUST-01308,2025-10-10 00:00:00+00:00,,Basic,CA,27.58,active,organic
CUST-01309,2025-06-09 00:00:00+00:00,,Basic,GB,17.69,active,referral
CUST-01310,2024-08-11 00:00:00+00:00,,Basic,GB,36.91,active,organic
CUST-01311,2025-03-26 00:00:00+00:00,2026-03-26 00:00:00+00:00,Enterprise,AU,177.09,churned,sales
CUST-01312,2025-07-25 00:00:00+00:00,2026-04-03 00:00:00+00:00,Basic,DE,25.43,churned,paid_search
CUST-01313,2024-10-01 00:00:00+00:00,2026-04-20 00:00:00+00:00,Pro,IN,74.04,churned,partner
CUST-01314,2024-08-11 00:00:00+00:00,,Basic,CA,30.19,active,paid_search
CUST-01315,2024-07-08 00:00:00+00:00,2026-04-03 00:00:00+00:00,Basic,DE,33.49,churned,sales
CUST-01316,2025-08-28 00:00:00+00:00,,Enterprise,US,208.01,active,partner
CUST-01317,2024-11-18 00:00:00+00:00,,Pro,GB,73.3,active,referral
CUST-01318,2025-02-08 00:00:00+00:00,2026-04-06 00:00:00+00:00,Enterprise,CA,203.69,churned,sales
CUST-01319,2025-05-17 00:00:00+00:00,2026-04-15 00:00:00+00:00,Basic,GB,30.57,churned,partner
CUST-01320,2025-06-22 00:00:00+00:00,,Pro,DE,65.31,active,paid_search
CUST-01321,2026-01-02 00:00:00+00:00,,Enterprise,DE,214.2,active,organic
CUST-01322,2025-09-14 00:00:00+00:00,,Basic,AU,17.49,active,organic
CUST-01323,2025-03-08 00:00:00+00:00,2026-03-24 00:00:00+00:00,Basic,CA,32.36,churned,sales
CUST-01324,2024-07-19 00:00:00+00:00,,Enterprise,US,202.12,active,sales
CUST-01325,2024-08-02 00:00:00+00:00,,Basic,DE,31.21,active,partner
CUST-01326,2025-11-13 00:00:00+00:00,2026-03-23 00:00:00+00:00,Pro,DE,75.04,churned,sales
CUST-01327,2024-12-09 00:00:00+00:00,2026-03-26 00:00:00+00:00,Enterprise,US,205.62,churned,organic
CUST-01328,2026-01-23 00:00:00+00:00,,Basic,AU,16.52,active,referral
CUST-01329,2024-12-12 00:00:00+00:00,,Basic,US,28.47,active,organic
CUST-01330,2025-07-30 00:00:00+00:00,2026-04-05 00:00:00+00:00,Basic,GB,24.49,churned,organic
CUST-01331,2025-05-16 00:00:00+00:00,,Basic,IN,23.58,active,organic
CUST-01332,2024-11-12 00:00:00+00:00,,Basic,US,32.43,active,partner
CUST-01333,2025-06-02 00:00:00+00:00,2026-04-19 00:00:00+00:00,Pro,AU,87.62,churned,organic
CUST-01334,2024-09-11 00:00:00+00:00,2026-04-20 00:00:00+00:00,Basic,IN,26.25,churned,organic
CUST-01335,2025-03-19 00:00:00+00:00,,Pro,IN,85.25,active,organic
CUST-01336,2024-05-02 00:00:00+00:00,,Basic,CA,29.4,active,paid_search
CUST-01337,2025-01-06 00:00:00+00:00,,Basic,CA,21.86,active,sales
CUST-01338,2025-08-30 00:00:00+00:00,2026-03-31 00:00:00+00:00,Basic,US,26.94,churned,organic
CUST-01339,2024-10-04 00:00:00+00:00,,Pro,IN,76.6,active,paid_search
CUST-01340,2025-06-14 00:00:00+00:00,,Basic,AU,23.43,active,partner
CUST-01341,2025-03-19 00:00:00+00:00,,Basic,AU,32.43,active,sales
CUST-01342,2025-12-18 00:00:00+00:00,,Enterprise,CA,200.88,active,organic
CUST-01343,2025-12-30 00:00:00+00:00,,Pro,DE,66.27,active,sales
CUST-01344,2025-02-19 00:00:00+00:00,2026-04-18 00:00:00+00:00,Basic,US,15.79,churned,referral
CUST-01345,2025-11-14 00:00:00+00:00,2026-04-06 00:00:00+00:00,Enterprise,CA,202.4,churned,referral
CUST-01346,2024-05-03 00:00:00+00:00,,Basic,US,22.48,active,organic
CUST-01347,2024-08-09 00:00:00+00:00,2026-04-14 00:00:00+00:00,Basic,US,31.42,churned,paid_search
CUST-01348,2024-11-24 00:00:00+00:00,2026-04-12 00:00:00+00:00,Basic,AU,35.25,churned,organic
CUST-01349,2024-11-01 00:00:00+00:00,,Basic,DE,18.83,active,sales
CUST-01350,2025-02-05 00:00:00+00:00,,Basic,US,17.71,active,referral
CUST-01351,2026-02-09 00:00:00+00:00,,Pro,IN,92.4,active,referral
CUST-01352,2025-06-25 00:00:00+00:00,2026-04-02 00:00:00+00:00,Basic,DE,31.81,churned,sales
CUST-01353,2025-04-14 00:00:00+00:00,2026-04-20 00:00:00+00:00,Pro,IN,75.65,churned,organic
CUST-01354,2024-06-29 00:00:00+00:00,,Enterprise,AU,191.53,active,organic
CUST-01355,2025-10-22 00:00:00+00:00,,Pro,GB,74.92,active,sales
CUST-01356,2025-04-14 00:00:00+00:00,2026-04-19 00:00:00+00:00,Pro,DE,69.48,churned,partner
CUST-01357,2025-07-28 00:00:00+00:00,2026-04-02 00:00:00+00:00,Pro,GB,86.07,churned,organic
CUST-01358,2025-12-20 00:00:00+00:00,,Enterprise,GB,192.79,active,organic
CUST-01359,2026-01-10 00:00:00+00:00,2026-03-23 00:00:00+00:00,Basic,GB,37.75,churned,sales
CUST-01360,2025-07-13 00:00:00+00:00,,Basic,AU,25.79,active,paid_search
CUST-01361,2026-01-25 00:00:00+00:00,,Pro,DE,70.65,active,paid_search
CUST-01362,2026-02-04 00:00:00+00:00,,Pro,DE,75.59,active,referral
CUST-01363,2025-07-23 00:00:00+00:00,,Basic,DE,8.01,active,paid_search
CUST-01364,2025-11-03 00:00:00+00:00,,Pro,IN,78.03,active,paid_search
CUST-01365,2025-03-05 00:00:00+00:00,2026-04-11 00:00:00+00:00,Basic,CA,27.64,churned,sales
CUST-01366,2026-03-10 00:00:00+00:00,,Enterprise,DE,205.6,active,partner
CUST-01367,2025-08-26 00:00:00+00:00,,Basic,AU,13.91,active,referral
CUST-01368,2025-05-14 00:00:00+00:00,,Basic,CA,38.29,active,partner
CUST-01369,2024-05-27 00:00:00+00:00,,Basic,CA,35.56,active,paid_search
CUST-01370,2025-01-09 00:00:00+00:00,,Basic,AU,39.02,active,paid_search
CUST-01371,2024-07-23 00:00:00+00:00,,Basic,AU,28.58,active,referral
CUST-01372,2025-07-29 00:00:00+00:00,,Basic,GB,37.11,active,paid_search
CUST-01373,2025-05-16 00:00:00+00:00,,Basic,AU,17.23,active,partner
CUST-01374,2025-06-05 00:00:00+00:00,,Basic,IN,34.7,active,organic
CUST-01375,2024-07-18 00:00:00+00:00,2026-04-18 00:00:00+00:00,Basic,AU,22.83,churned,organic
CUST-01376,2024-05-30 00:00:00+00:00,,Basic,US,15.79,active,sales
CUST-01377,2024-05-27 00:00:00+00:00,,Basic,CA,20.01,active,referral
CUST-01378,2024-10-20 00:00:00+00:00,2026-04-20 00:00:00+00:00,Basic,IN,29.04,churned,referral
CUST-01379,2025-04-09 00:00:00+00:00,,Basic,DE,22.41,active,organic
CUST-01380,2025-03-14 00:00:00+00:00,,Basic,US,32.01,active,organic
CUST-01381,2024-05-15 00:00:00+00:00,,Basic,US,14.53,active,referral
CUST-01382,2025-09-07 00:00:00+00:00,,Pro,CA,61.98,active,paid_search
CUST-01383,2025-07-26 00:00:00+00:00,,Enterprise,CA,209.98,active,organic
CUST-01384,2024-07-12 00:00:00+00:00,,Enterprise,IN,206.23,active,referral
CUST-01385,2025-06-29 00:00:00+00:00,,Pro,US,70.61,active,referral
CUST-01386,2025-10-11 00:00:00+00:00,,Pro,AU,78.98,active,paid_search
CUST-01387,2025-03-01 00:00:00+00:00,2026-04-01 00:00:00+00:00,Basic,CA,37.16,churned,referral
CUST-01388,2025-08-10 00:00:00+00:00,,Pro,IN,82.35,active,partner
CUST-01389,2024-07-16 00:00:00+00:00,2026-04-09 00:00:00+00:00,Pro,DE,80.19,churned,organic
CUST-01390,2024-07-03 00:00:00+00:00,,Pro,IN,87.76,active,referral
CUST-01391,2025-08-23 00:00:00+00:00,,Enterprise,AU,193.15,active,sales
CUST-01392,2025-03-22 00:00:00+00:00,2026-04-12 00:00:00+00:00,Basic,GB,29.25,churned,partner
CUST-01393,2024-05-13 00:00:00+00:00,,Pro,US,78.86,active,organic
CUST-01394,2024-10-26 00:00:00+00:00,2026-04-01 00:00:00+00:00,Pro,IN,76.82,churned,organic
CUST-01395,2025-10-25 00:00:00+00:00,,Basic,DE,25.88,active,partner
CUST-01396,2025-02-08 00:00:00+00:00,2026-04-11 00:00:00+00:00,Enterprise,AU,199.58,churned,paid_search
CUST-01397,2025-01-19 00:00:00+00:00,2026-03-24 00:00:00+00:00,Basic,US,29.28,churned,partner
CUST-01398,2024-12-27 00:00:00+00:00,,Enterprise,CA,190.61,active,paid_search
CUST-01399,2026-03-05 00:00:00+00:00,,Pro,DE,85.41,active,paid_search
CUST-01400,2025-08-28 00:00:00+00:00,,Basic,CA,21.19,active,partner
CUST-01401,2024-08-10 00:00:00+00:00,,Pro,CA,77.25,active,referral
CUST-01402,2025-10-07 00:00:00+00:00,,Basic,US,26.64,active,sales
CUST-01403,2025-08-28 00:00:00+00:00,,Pro,US,81.86,active,paid_search
CUST-01404,2025-08-12 00:00:00+00:00,,Pro,AU,62.05,active,organic
CUST-01405,2025-11-20 00:00:00+00:00,2026-03-24 00:00:00+00:00,Pro,IN,86.13,churned,partner
CUST-01406,2025-12-05 00:00:00+00:00,,Enterprise,US,193.58,active,partner
CUST-01407,2025-07-26 00:00:00+00:00,,Basic,GB,38.76,active,sales
CUST-01408,2024-07-27 00:00:00+00:00,2026-04-02 00:00:00+00:00,Basic,CA,25.17,churned,referral
CUST-01409,2026-03-21 00:00:00+00:00,,Basic,AU,28.61,active,partner
CUST-01410,2025-09-08 00:00:00+00:00,,Basic,DE,44.31,active,paid_search
CUST-01411,2026-02-09 00:00:00+00:00,2026-04-07 00:00:00+00:00,Basic,IN,26.78,churned,paid_search
CUST-01412,2025-02-28 00:00:00+00:00,,Basic,GB,38.91,active,paid_search
CUST-01413,2025-10-01 00:00:00+00:00,,Basic,AU,29.31,active,referral
CUST-01414,2024-09-22 00:00:00+00:00,,Basic,US,32.32,active,organic
CUST-01415,2025-02-12 00:00:00+00:00,2026-03-25 00:00:00+00:00,Enterprise,DE,199.56,churned,organic
CUST-01416,2024-09-28 00:00:00+00:00,2026-04-13 00:00:00+00:00,Basic,US,35.78,churned,referral
CUST-01417,2025-01-08 00:00:00+00:00,,Enterprise,IN,193.52,active,sales
CUST-01418,2025-05-24 00:00:00+00:00,2026-03-27 00:00:00+00:00,Basic,IN,21.13,churned,partner
CUST-01419,2024-08-05 00:00:00+00:00,,Basic,AU,23.89,active,sales
CUST-01420,2025-04-28 00:00:00+00:00,,Pro,CA,79.8,active,referral
CUST-01421,2024-06-05 00:00:00+00:00,,Basic,US,27.23,active,referral
CUST-01422,2024-05-05 00:00:00+00:00,,Basic,AU,34.68,active,sales
CUST-01423,2025-02-09 00:00:00+00:00,,Pro,DE,89.44,active,paid_search
CUST-01424,2024-12-12 00:00:00+00:00,2026-04-05 00:00:00+00:00,Basic,CA,21.19,churned,referral
CUST-01425,2025-09-27 00:00:00+00:00,,Basic,CA,23.13,active,sales
CUST-01426,2024-09-06 00:00:00+00:00,,Pro,US,67.51,active,sales
CUST-01427,2024-12-14 00:00:00+00:00,,Basic,AU,45.24,active,partner
CUST-01428,2024-07-08 00:00:00+00:00,,Pro,DE,81.44,active,referral
CUST-01429,2025-09-19 00:00:00+00:00,,Basic,US,32.84,active,sales
CUST-01430,2024-09-25 00:00:00+00:00,,Enterprise,IN,188.28,active,sales
CUST-01431,2025-05-02 00:00:00+00:00,,Pro,CA,78.99,active,sales
CUST-01432,2025-11-15 00:00:00+00:00,2026-04-12 00:00:00+00:00,Enterprise,DE,203.07,churned,sales
CUST-01433,2025-11-24 00:00:00+00:00,,Pro,GB,76.98,active,organic
CUST-01434,2025-02-28 00:00:00+00:00,2026-04-03 00:00:00+00:00,Basic,IN,37.61,churned,referral
CUST-01435,2025-08-14 00:00:00+00:00,,Pro,CA,97.49,active,partner
CUST-01436,2026-01-11 00:00:00+00:00,,Basic,IN,21.42,active,sales
CUST-01437,2025-06-01 00:00:00+00:00,,Pro,US,70.82,active,sales
CUST-01438,2024-12-27 00:00:00+00:00,2026-03-23 00:00:00+00:00,Pro,DE,71.98,churned,sales
CUST-01439,2025-08-14 00:00:00+00:00,2026-04-03 00:00:00+00:00,Basic,CA,41.85,churned,partner
CUST-01440,2024-06-01 00:00:00+00:00,,Enterprise,IN,207.34,active,partner
CUST-01441,2024-10-01 00:00:00+00:00,,Basic,IN,27.92,active,paid_search
CUST-01442,2025-04-03 00:00:00+00:00,2026-04-06 00:00:00+00:00,Pro,GB,79.29,churned,referral
CUST-01443,2024-06-16 00:00:00+00:00,,Pro,IN,72.47,active,partner
CUST-01444,2025-05-28 00:00:00+00:00,2026-04-17 00:00:00+00:00,Basic,DE,36.12,churned,partner
CUST-01445,2025-12-16 00:00:00+00:00,,Pro,IN,75.96,active,referral
CUST-01446,2026-02-26 00:00:00+00:00,,Pro,US,76.92,active,sales
CUST-01447,2024-06-13 00:00:00+00:00,,Basic,IN,33.87,active,paid_search
CUST-01448,2024-05-29 00:00:00+00:00,2026-04-01 00:00:00+00:00,Pro,CA,77.5,churned,partner
CUST-01449,2024-10-28 00:00:00+00:00,,Basic,CA,27.12,active,referral
CUST-01450,2026-01-10 00:00:00+00:00,,Pro,DE,79.08,active,sales
CUST-01451,2025-09-01 00:00:00+00:00,,Basic,GB,35.36,active,referral
CUST-01452,2026-02-22 00:00:00+00:00,,Enterprise,AU,212.17,active,referral
CUST-01453,2026-02-15 00:00:00+00:00,2026-04-14 00:00:00+00:00,Enterprise,IN,203.68,churned,sales
CUST-01454,2025-10-04 00:00:00+00:00,,Basic,DE,35.43,active,sales
CUST-01455,2025-02-21 00:00:00+00:00,,Basic,AU,27.4,active,referral
CUST-01456,2026-02-05 00:00:00+00:00,,Pro,AU,73.34,active,organic
CUST-01457,2024-05-12 00:00:00+00:00,2026-04-03 00:00:00+00:00,Pro,IN,84.23,churned,partner
CUST-01458,2025-05-12 00:00:00+00:00,,Basic,AU,30.37,active,referral
CUST-01459,2025-09-21 00:00:00+00:00,2026-04-02 00:00:00+00:00,Basic,DE,17.62,churned,paid_search
CUST-01460,2025-03-31 00:00:00+00:00,,Basic,CA,26.38,active,referral
CUST-01461,2024-09-23 00:00:00+00:00,,Enterprise,IN,198.34,active,partner
CUST-01462,2025-08-19 00:00:00+00:00,2026-04-14 00:00:00+00:00,Basic,DE,24.92,churned,sales
CUST-01463,2026-02-18 00:00:00+00:00,,Enterprise,AU,210.85,active,organic
CUST-01464,2026-02-15 00:00:00+00:00,,Basic,IN,32.84,active,sales
CUST-01465,2024-08-12 00:00:00+00:00,,Enterprise,AU,209.99,active,partner
CUST-01466,2026-01-04 00:00:00+00:00,,Basic,US,31.11,active,partner
CUST-01467,2025-01-08 00:00:00+00:00,,Basic,AU,29.65,active,referral
CUST-01468,2025-06-30 00:00:00+00:00,,Enterprise,DE,191.51,active,partner
CUST-01469,2024-10-02 00:00:00+00:00,2026-04-20 00:00:00+00:00,Enterprise,IN,199.1,churned,sales
CUST-01470,2026-02-09 00:00:00+00:00,2026-04-08 00:00:00+00:00,Basic,US,29.1,churned,paid_search
CUST-01471,2024-07-11 00:00:00+00:00,2026-03-24 00:00:00+00:00,Basic,AU,18.06,churned,referral
CUST-01472,2024-11-26 00:00:00+00:00,2026-03-26 00:00:00+00:00,Basic,IN,24.68,churned,sales
CUST-01473,2025-05-16 00:00:00+00:00,,Basic,GB,26.41,active,organic
CUST-01474,2025-10-31 00:00:00+00:00,,Basic,US,32.31,active,organic
CUST-01475,2024-05-17 00:00:00+00:00,,Enterprise,CA,202.69,active,partner
CUST-01476,2025-08-26 00:00:00+00:00,2026-03-24 00:00:00+00:00,Basic,DE,24.35,churned,referral
CUST-01477,2025-04-18 00:00:00+00:00,,Pro,CA,82.75,active,sales
CUST-01478,2025-06-24 00:00:00+00:00,,Basic,US,27.54,active,referral
CUST-01479,2025-10-14 00:00:00+00:00,2026-04-10 00:00:00+00:00,Basic,IN,6.04,churned,referral
CUST-01480,2025-06-08 00:00:00+00:00,2026-03-31 00:00:00+00:00,Pro,DE,75.12,churned,partner
CUST-01481,2025-12-08 00:00:00+00:00,,Basic,DE,37.63,active,referral
CUST-01482,2026-03-21 00:00:00+00:00,2026-04-03 00:00:00+00:00,Pro,AU,65.55,churned,organic
CUST-01483,2025-09-03 00:00:00+00:00,2026-03-29 00:00:00+00:00,Basic,CA,29.9,churned,partner
CUST-01484,2026-01-04 00:00:00+00:00,,Enterprise,AU,211.68,active,paid_search
CUST-01485,2025-06-09 00:00:00+00:00,,Pro,US,72.92,active,paid_search
CUST-01486,2024-08-04 00:00:00+00:00,2026-03-31 00:00:00+00:00,Enterprise,IN,199.02,churned,sales
CUST-01487,2025-11-30 00:00:00+00:00,2026-04-03 00:00:00+00:00,Basic,CA,18.57,churned,sales
CUST-01488,2026-03-22 00:00:00+00:00,,Basic,DE,42.02,active,partner
CUST-01489,2026-01-05 00:00:00+00:00,,Basic,CA,28.33,active,paid_search
CUST-01490,2025-04-06 00:00:00+00:00,,Pro,DE,79.37,active,paid_search
CUST-01491,2025-09-14 00:00:00+00:00,2026-03-30 00:00:00+00:00,Basic,US,39.83,churned,paid_search
CUST-01492,2025-04-19 00:00:00+00:00,2026-04-13 00:00:00+00:00,Basic,GB,34.29,churned,referral
CUST-01493,2026-03-02 00:00:00+00:00,,Basic,AU,21.99,active,organic
CUST-01494,2025-08-05 00:00:00+00:00,,Basic,DE,23.82,active,organic
CUST-01495,2025-06-13 00:00:00+00:00,,Basic,US,32.96,active,sales
CUST-01496,2025-05-29 00:00:00+00:00,,Basic,IN,24.01,active,sales
CUST-01497,2025-03-07 00:00:00+00:00,,Basic,CA,12.06,active,referral
CUST-01498,2024-09-30 00:00:00+00:00,,Pro,CA,78.57,active,organic
CUST-01499,2025-05-04 00:00:00+00:00,2026-04-15 00:00:00+00:00,Basic,AU,17.16,churned,partner
CUST-01500,2024-08-19 00:00:00+00:00,,Basic,US,41.93,active,organic
