ticket_id,customer_id,opened_at,resolved_at,priority,category,satisfaction_score
TICKET-CUST-00001-0,CUST-00001,2026-02-17 00:00:00+00:00,2026-02-19 02:07:03.579223209+00:00,low,bug,2.5
TICKET-CUST-00001-1,CUST-00001,2026-02-19 00:00:00+00:00,,low,general,2.5
TICKET-CUST-00002-0,CUST-00002,2026-02-09 00:00:00+00:00,2026-02-09 16:29:59.438520880+00:00,medium,billing,4.0
TICKET-CUST-00002-1,CUST-00002,2026-02-07 00:00:00+00:00,2026-02-08 06:25:24.160841812+00:00,medium,general,3.1
TICKET-CUST-00003-0,CUST-00003,2026-03-01 00:00:00+00:00,2026-03-01 21:40:46.166307163+00:00,low,general,4.0
TICKET-CUST-00004-0,CUST-00004,2026-03-17 00:00:00+00:00,2026-03-18 06:17:02.146434897+00:00,low,bug,4.0
TICKET-CUST-00004-1,CUST-00004,2026-02-12 00:00:00+00:00,2026-02-13 13:31:50.432486510+00:00,medium,training,2.6
TICKET-CUST-00004-2,CUST-00004,2026-02-24 00:00:00+00:00,2026-02-25 08:38:49.021814636+00:00,medium,billing,2.2
TICKET-CUST-00005-0,CUST-00005,2026-03-28 00:00:00+00:00,2026-03-29 17:27:38.553264528+00:00,medium,general,2.0
TICKET-CUST-00005-1,CUST-00005,2026-02-13 00:00:00+00:00,2026-02-14 17:04:47.808603667+00:00,medium,bug,4.1
TICKET-CUST-00005-2,CUST-00005,2026-01-24 00:00:00+00:00,2026-01-25 17:04:28.662925639+00:00,low,bug,3.0
TICKET-CUST-00007-0,CUST-00007,2026-03-24 00:00:00+00:00,2026-03-25 00:00:40.686494878+00:00,low,general,4.5
TICKET-CUST-00007-1,CUST-00007,2026-03-21 00:00:00+00:00,2026-03-21 13:22:16.379442863+00:00,low,general,3.5
TICKET-CUST-00009-0,CUST-00009,2026-02-20 00:00:00+00:00,2026-02-22 07:06:26.694043232+00:00,low,bug,3.4
TICKET-CUST-00010-0,CUST-00010,2026-04-10 00:00:00+00:00,2026-04-11 06:53:41.191602087+00:00,low,training,3.5
TICKET-CUST-00011-0,CUST-00011,2026-04-01 00:00:00+00:00,2026-04-02 02:25:36.676929977+00:00,low,general,2.7
TICKET-CUST-00012-0,CUST-00012,2026-02-06 00:00:00+00:00,2026-02-06 20:12:33.897442571+00:00,high,general,5.0
TICKET-CUST-00013-0,CUST-00013,2026-02-26 00:00:00+00:00,2026-02-26 21:58:30.615482651+00:00,medium,bug,3.8
TICKET-CUST-00013-1,CUST-00013,2026-04-19 00:00:00+00:00,2026-04-20 06:41:52.916213014+00:00,low,billing,3.5
TICKET-CUST-00014-0,CUST-00014,2026-02-04 00:00:00+00:00,,medium,bug,3.4
TICKET-CUST-00014-1,CUST-00014,2026-04-07 00:00:00+00:00,2026-04-07 12:06:26.020736635+00:00,medium,billing,3.5
TICKET-CUST-00015-0,CUST-00015,2026-02-06 00:00:00+00:00,2026-02-07 02:41:22.449737053+00:00,low,bug,3.6
TICKET-CUST-00015-1,CUST-00015,2026-03-17 00:00:00+00:00,2026-03-18 04:43:12.028738615+00:00,medium,general,3.5
TICKET-CUST-00016-0,CUST-00016,2026-04-03 00:00:00+00:00,2026-04-04 22:40:22.737638630+00:00,medium,training,1.9
TICKET-CUST-00016-1,CUST-00016,2026-03-03 00:00:00+00:00,2026-03-05 14:30:57.428585920+00:00,low,billing,2.0
TICKET-CUST-00018-0,CUST-00018,2026-03-05 00:00:00+00:00,2026-03-05 19:52:41.856584612+00:00,low,billing,2.6
TICKET-CUST-00018-1,CUST-00018,2026-03-07 00:00:00+00:00,2026-03-08 07:05:51.416054113+00:00,low,general,5.0
TICKET-CUST-00019-0,CUST-00019,2026-03-24 00:00:00+00:00,2026-03-25 14:17:27.452824520+00:00,medium,training,4.2
TICKET-CUST-00019-1,CUST-00019,2026-03-06 00:00:00+00:00,2026-03-06 21:03:11.873557123+00:00,medium,training,4.2
TICKET-CUST-00020-0,CUST-00020,2026-03-03 00:00:00+00:00,2026-03-05 11:52:55.284972198+00:00,low,training,2.1
TICKET-CUST-00020-1,CUST-00020,2026-03-14 00:00:00+00:00,,low,training,2.8
TICKET-CUST-00022-0,CUST-00022,2026-04-02 00:00:00+00:00,2026-04-03 23:52:30.909153268+00:00,low,general,3.6
TICKET-CUST-00022-1,CUST-00022,2026-02-18 00:00:00+00:00,2026-02-20 07:28:40.068813136+00:00,medium,billing,1.8
TICKET-CUST-00022-2,CUST-00022,2026-02-13 00:00:00+00:00,2026-02-14 19:31:43.202857544+00:00,medium,training,3.4
TICKET-CUST-00024-0,CUST-00024,2026-02-04 00:00:00+00:00,2026-02-05 08:26:20.734111146+00:00,low,bug,4.4
TICKET-CUST-00025-0,CUST-00025,2026-01-30 00:00:00+00:00,2026-01-30 21:34:55.096645789+00:00,low,bug,4.1
TICKET-CUST-00027-0,CUST-00027,2026-02-04 00:00:00+00:00,,medium,billing,2.3
TICKET-CUST-00027-1,CUST-00027,2026-03-26 00:00:00+00:00,2026-03-27 22:38:14.491204721+00:00,medium,billing,2.8
TICKET-CUST-00028-0,CUST-00028,2026-02-19 00:00:00+00:00,2026-02-20 20:42:29.632741956+00:00,low,bug,1.5
TICKET-CUST-00028-1,CUST-00028,2026-03-13 00:00:00+00:00,,low,general,3.0
TICKET-CUST-00028-2,CUST-00028,2026-03-20 00:00:00+00:00,2026-03-21 13:26:25.200966846+00:00,low,bug,1.7
TICKET-CUST-00029-0,CUST-00029,2026-03-28 00:00:00+00:00,2026-03-29 19:23:10.506128510+00:00,medium,bug,1.9
TICKET-CUST-00029-1,CUST-00029,2026-04-01 00:00:00+00:00,2026-04-02 15:28:16.845654195+00:00,low,bug,2.8
TICKET-CUST-00031-0,CUST-00031,2026-02-06 00:00:00+00:00,2026-02-07 18:51:30.478383101+00:00,medium,general,2.4
TICKET-CUST-00032-0,CUST-00032,2026-02-11 00:00:00+00:00,2026-02-12 14:41:13.031893685+00:00,high,bug,4.0
TICKET-CUST-00033-0,CUST-00033,2026-02-10 00:00:00+00:00,2026-02-11 16:21:26.732124749+00:00,high,general,2.2
TICKET-CUST-00033-1,CUST-00033,2026-02-13 00:00:00+00:00,2026-02-15 01:38:41.564599850+00:00,low,general,2.9
TICKET-CUST-00035-0,CUST-00035,2026-02-08 00:00:00+00:00,2026-02-09 18:50:24.481477601+00:00,medium,general,3.2
TICKET-CUST-00035-1,CUST-00035,2026-03-27 00:00:00+00:00,2026-03-28 19:25:02.027733413+00:00,medium,billing,2.7
TICKET-CUST-00035-2,CUST-00035,2026-03-30 00:00:00+00:00,,low,general,4.5
TICKET-CUST-00035-3,CUST-00035,2026-01-25 00:00:00+00:00,2026-01-26 12:44:14.300881580+00:00,medium,general,2.5
TICKET-CUST-00036-0,CUST-00036,2026-02-09 00:00:00+00:00,2026-02-11 04:21:10.557926645+00:00,high,billing,3.6
TICKET-CUST-00036-1,CUST-00036,2026-03-16 00:00:00+00:00,2026-03-18 02:52:55.749897636+00:00,low,general,2.7
TICKET-CUST-00036-2,CUST-00036,2026-01-26 00:00:00+00:00,2026-01-27 19:30:08.295506998+00:00,medium,billing,2.7
TICKET-CUST-00036-3,CUST-00036,2026-02-16 00:00:00+00:00,2026-02-17 22:32:16.111961681+00:00,high,general,2.1
TICKET-CUST-00038-0,CUST-00038,2026-02-22 00:00:00+00:00,2026-02-24 00:30:02.006196458+00:00,medium,general,2.3
TICKET-CUST-00040-0,CUST-00040,2026-03-25 00:00:00+00:00,2026-03-25 22:11:56.569480941+00:00,low,training,3.8
TICKET-CUST-00041-0,CUST-00041,2026-04-12 00:00:00+00:00,2026-04-13 14:17:26.114853567+00:00,medium,general,4.0
TICKET-CUST-00041-1,CUST-00041,2026-03-04 00:00:00+00:00,2026-03-04 19:07:57.417268604+00:00,high,bug,3.4
TICKET-CUST-00042-0,CUST-00042,2026-03-08 00:00:00+00:00,,low,general,3.4
TICKET-CUST-00042-1,CUST-00042,2026-02-12 00:00:00+00:00,2026-02-13 16:33:05.696332277+00:00,low,general,2.4
TICKET-CUST-00042-2,CUST-00042,2026-01-26 00:00:00+00:00,2026-01-27 11:59:53.003370776+00:00,low,training,2.3
TICKET-CUST-00043-0,CUST-00043,2026-03-03 00:00:00+00:00,2026-03-04 07:07:04.717767734+00:00,high,bug,3.3
TICKET-CUST-00043-1,CUST-00043,2026-03-03 00:00:00+00:00,2026-03-03 23:05:10.075032722+00:00,low,billing,3.9
TICKET-CUST-00043-2,CUST-00043,2026-04-11 00:00:00+00:00,2026-04-12 13:26:40.502724247+00:00,high,billing,3.1
TICKET-CUST-00046-0,CUST-00046,2026-01-23 00:00:00+00:00,2026-01-25 14:06:04.814485645+00:00,low,bug,1.9
TICKET-CUST-00046-1,CUST-00046,2026-03-07 00:00:00+00:00,2026-03-08 23:11:16.325981512+00:00,medium,training,3.3
TICKET-CUST-00047-0,CUST-00047,2026-02-18 00:00:00+00:00,2026-02-19 06:04:44.156529019+00:00,low,general,4.1
TICKET-CUST-00048-0,CUST-00048,2026-04-05 00:00:00+00:00,2026-04-05 23:25:38.769774674+00:00,medium,bug,2.9
TICKET-CUST-00049-0,CUST-00049,2026-02-25 00:00:00+00:00,2026-02-25 22:39:03.658485259+00:00,medium,general,3.5
TICKET-CUST-00050-0,CUST-00050,2026-04-09 00:00:00+00:00,2026-04-10 01:23:13.779794893+00:00,medium,general,1.6
TICKET-CUST-00050-1,CUST-00050,2026-01-30 00:00:00+00:00,2026-01-31 06:12:32.061146868+00:00,low,bug,4.0
TICKET-CUST-00051-0,CUST-00051,2026-03-24 00:00:00+00:00,2026-03-25 07:40:43.153993427+00:00,low,training,4.2
TICKET-CUST-00051-1,CUST-00051,2026-02-05 00:00:00+00:00,2026-02-06 11:51:37.680367768+00:00,medium,training,3.3
TICKET-CUST-00053-0,CUST-00053,2026-04-20 00:00:00+00:00,2026-04-21 08:37:10.576713601+00:00,low,bug,3.5
TICKET-CUST-00055-0,CUST-00055,2026-03-27 00:00:00+00:00,2026-03-29 06:13:26.993306562+00:00,high,billing,4.4
TICKET-CUST-00055-1,CUST-00055,2026-02-08 00:00:00+00:00,2026-02-09 19:55:27.840019867+00:00,high,billing,2.1
TICKET-CUST-00056-0,CUST-00056,2026-02-12 00:00:00+00:00,2026-02-13 10:33:07.422948319+00:00,medium,general,3.8
TICKET-CUST-00057-0,CUST-00057,2026-02-09 00:00:00+00:00,2026-02-10 05:18:56.550643292+00:00,medium,bug,3.3
TICKET-CUST-00057-1,CUST-00057,2026-04-18 00:00:00+00:00,2026-04-19 11:51:28.637010687+00:00,medium,bug,3.3
TICKET-CUST-00057-2,CUST-00057,2026-02-14 00:00:00+00:00,2026-02-15 01:51:31.918415074+00:00,low,training,3.6
TICKET-CUST-00057-3,CUST-00057,2026-04-06 00:00:00+00:00,2026-04-07 19:51:19.888699368+00:00,medium,training,3.0
TICKET-CUST-00058-0,CUST-00058,2026-01-30 00:00:00+00:00,2026-01-31 13:35:14.123757367+00:00,low,billing,4.6
TICKET-CUST-00059-0,CUST-00059,2026-04-20 00:00:00+00:00,2026-04-21 01:44:59.837593280+00:00,medium,general,5.0
TICKET-CUST-00060-0,CUST-00060,2026-04-20 00:00:00+00:00,2026-04-20 17:11:12.456941180+00:00,medium,general,4.5
TICKET-CUST-00063-0,CUST-00063,2026-01-27 00:00:00+00:00,2026-01-29 02:55:39.622685377+00:00,low,training,5.0
TICKET-CUST-00064-0,CUST-00064,2026-02-01 00:00:00+00:00,2026-02-02 00:15:59.259419033+00:00,high,billing,3.5
TICKET-CUST-00065-0,CUST-00065,2026-01-27 00:00:00+00:00,2026-01-28 16:37:17.344269933+00:00,medium,general,2.7
TICKET-CUST-00067-0,CUST-00067,2026-02-27 00:00:00+00:00,2026-02-28 14:21:16.461400402+00:00,low,billing,3.1
TICKET-CUST-00069-0,CUST-00069,2026-03-23 00:00:00+00:00,2026-03-24 19:29:27.165698286+00:00,low,bug,2.5
TICKET-CUST-00070-0,CUST-00070,2026-02-04 00:00:00+00:00,2026-02-04 15:38:32.054488934+00:00,medium,general,5.0
TICKET-CUST-00070-1,CUST-00070,2026-03-25 00:00:00+00:00,2026-03-25 22:29:38.891980276+00:00,high,training,3.1
TICKET-CUST-00071-0,CUST-00071,2026-01-28 00:00:00+00:00,2026-01-29 10:07:41.049923983+00:00,low,general,3.2
TICKET-CUST-00071-1,CUST-00071,2026-03-20 00:00:00+00:00,2026-03-21 22:22:56.133529181+00:00,medium,training,4.5
TICKET-CUST-00072-0,CUST-00072,2026-02-08 00:00:00+00:00,,low,billing,2.5
TICKET-CUST-00072-1,CUST-00072,2026-01-28 00:00:00+00:00,,medium,training,1.0
TICKET-CUST-00072-2,CUST-00072,2026-04-03 00:00:00+00:00,2026-04-04 22:48:36.085500773+00:00,medium,training,3.0
TICKET-CUST-00073-0,CUST-00073,2026-04-13 00:00:00+00:00,2026-04-14 16:25:29.364708137+00:00,medium,bug,3.9
TICKET-CUST-00074-0,CUST-00074,2026-04-08 00:00:00+00:00,2026-04-09 02:17:22.741427872+00:00,medium,bug,5.0
TICKET-CUST-00075-0,CUST-00075,2026-02-14 00:00:00+00:00,2026-02-15 15:32:11.585433085+00:00,low,general,3.2
TICKET-CUST-00075-1,CUST-00075,2026-01-23 00:00:00+00:00,2026-01-24 04:22:08.629821061+00:00,low,training,3.8
TICKET-CUST-00076-0,CUST-00076,2026-02-26 00:00:00+00:00,,high,billing,2.4
TICKET-CUST-00076-1,CUST-00076,2026-03-06 00:00:00+00:00,,low,general,3.2
TICKET-CUST-00076-2,CUST-00076,2026-03-19 00:00:00+00:00,2026-03-20 23:44:30.446873737+00:00,low,bug,2.2
TICKET-CUST-00078-0,CUST-00078,2026-03-07 00:00:00+00:00,,low,general,3.7
TICKET-CUST-00078-1,CUST-00078,2026-01-25 00:00:00+00:00,2026-01-26 22:38:49.071635864+00:00,high,general,2.4
TICKET-CUST-00080-0,CUST-00080,2026-01-30 00:00:00+00:00,2026-01-30 17:44:20.581686565+00:00,high,billing,4.5
TICKET-CUST-00080-1,CUST-00080,2026-01-28 00:00:00+00:00,2026-01-29 13:28:52.696142244+00:00,high,bug,2.5
TICKET-CUST-00081-0,CUST-00081,2026-01-26 00:00:00+00:00,,low,training,4.2
TICKET-CUST-00081-1,CUST-00081,2026-03-18 00:00:00+00:00,2026-03-19 05:08:14.739212625+00:00,low,billing,3.8
TICKET-CUST-00082-0,CUST-00082,2026-02-20 00:00:00+00:00,2026-02-21 13:08:06.756884869+00:00,medium,billing,2.1
TICKET-CUST-00082-1,CUST-00082,2026-02-12 00:00:00+00:00,2026-02-13 13:44:19.166632801+00:00,high,billing,1.5
TICKET-CUST-00083-0,CUST-00083,2026-04-05 00:00:00+00:00,2026-04-05 19:20:18.129171859+00:00,high,bug,3.1
TICKET-CUST-00083-1,CUST-00083,2026-01-26 00:00:00+00:00,2026-01-26 08:50:12.906151447+00:00,medium,general,3.3
TICKET-CUST-00085-0,CUST-00085,2026-04-06 00:00:00+00:00,2026-04-06 22:05:00.868590805+00:00,medium,general,4.0
TICKET-CUST-00086-0,CUST-00086,2026-03-02 00:00:00+00:00,2026-03-02 23:16:45.668280856+00:00,medium,training,3.4
TICKET-CUST-00089-0,CUST-00089,2026-03-05 00:00:00+00:00,2026-03-06 04:46:06.647845013+00:00,medium,training,3.3
TICKET-CUST-00090-0,CUST-00090,2026-04-14 00:00:00+00:00,2026-04-15 11:45:49.529565697+00:00,low,training,3.7
TICKET-CUST-00090-1,CUST-00090,2026-02-11 00:00:00+00:00,2026-02-12 20:35:40.667349326+00:00,low,bug,3.6
TICKET-CUST-00090-2,CUST-00090,2026-03-10 00:00:00+00:00,2026-03-11 17:22:15.535732730+00:00,low,training,2.0
TICKET-CUST-00092-0,CUST-00092,2026-01-31 00:00:00+00:00,2026-02-01 01:32:25.087516134+00:00,low,general,3.2
TICKET-CUST-00092-1,CUST-00092,2026-01-28 00:00:00+00:00,,low,bug,4.0
TICKET-CUST-00093-0,CUST-00093,2026-03-08 00:00:00+00:00,2026-03-09 07:53:48.914617307+00:00,medium,bug,5.0
TICKET-CUST-00094-0,CUST-00094,2026-04-09 00:00:00+00:00,2026-04-11 06:10:59.952279515+00:00,high,general,1.0
TICKET-CUST-00094-1,CUST-00094,2026-01-27 00:00:00+00:00,2026-01-29 12:40:17.036056901+00:00,low,bug,3.3
TICKET-CUST-00094-2,CUST-00094,2026-04-03 00:00:00+00:00,2026-04-05 05:31:01.726875065+00:00,low,billing,2.1
TICKET-CUST-00094-3,CUST-00094,2026-02-01 00:00:00+00:00,2026-02-03 00:49:53.034557565+00:00,low,training,2.9
TICKET-CUST-00095-0,CUST-00095,2026-01-31 00:00:00+00:00,2026-02-01 12:10:44.317032193+00:00,low,training,3.2
TICKET-CUST-00095-1,CUST-00095,2026-02-16 00:00:00+00:00,,high,bug,1.0
TICKET-CUST-00096-0,CUST-00096,2026-04-13 00:00:00+00:00,2026-04-14 23:25:36.292816052+00:00,low,training,4.1
TICKET-CUST-00096-1,CUST-00096,2026-03-12 00:00:00+00:00,2026-03-12 17:41:26.411326496+00:00,high,bug,2.6
TICKET-CUST-00097-0,CUST-00097,2026-03-16 00:00:00+00:00,2026-03-18 00:47:57.875815678+00:00,high,bug,2.5
TICKET-CUST-00097-1,CUST-00097,2026-03-16 00:00:00+00:00,2026-03-17 18:01:07.490723576+00:00,low,billing,2.2
TICKET-CUST-00098-0,CUST-00098,2026-04-10 00:00:00+00:00,2026-04-10 18:51:56.177773871+00:00,medium,general,5.0
TICKET-CUST-00098-1,CUST-00098,2026-01-28 00:00:00+00:00,2026-01-28 21:11:58.481646361+00:00,medium,general,4.4
TICKET-CUST-00099-0,CUST-00099,2026-03-05 00:00:00+00:00,2026-03-06 17:20:30.063559985+00:00,medium,billing,3.4
TICKET-CUST-00102-0,CUST-00102,2026-01-27 00:00:00+00:00,2026-01-28 07:11:05.756445052+00:00,low,general,4.8
TICKET-CUST-00103-0,CUST-00103,2026-03-06 00:00:00+00:00,2026-03-07 10:11:31.833386781+00:00,medium,bug,2.7
TICKET-CUST-00104-0,CUST-00104,2026-03-22 00:00:00+00:00,2026-03-23 05:16:54.624084702+00:00,medium,training,2.9
TICKET-CUST-00105-0,CUST-00105,2026-01-26 00:00:00+00:00,2026-01-27 06:32:54.138032175+00:00,low,billing,4.1
TICKET-CUST-00106-0,CUST-00106,2026-04-08 00:00:00+00:00,2026-04-09 01:24:59.823365540+00:00,medium,billing,4.4
TICKET-CUST-00106-1,CUST-00106,2026-02-07 00:00:00+00:00,2026-02-07 19:45:49.905804057+00:00,low,bug,2.7
TICKET-CUST-00107-0,CUST-00107,2026-03-07 00:00:00+00:00,2026-03-08 01:42:32.378763050+00:00,medium,bug,3.3
TICKET-CUST-00108-0,CUST-00108,2026-02-01 00:00:00+00:00,2026-02-02 01:49:16.294424123+00:00,high,general,1.5
TICKET-CUST-00108-1,CUST-00108,2026-03-18 00:00:00+00:00,2026-03-19 03:05:49.493563003+00:00,low,general,2.9
TICKET-CUST-00108-2,CUST-00108,2026-03-22 00:00:00+00:00,2026-03-23 14:49:01.298066358+00:00,low,bug,2.4
TICKET-CUST-00108-3,CUST-00108,2026-04-15 00:00:00+00:00,2026-04-16 20:59:26.382349848+00:00,low,billing,4.5
TICKET-CUST-00109-0,CUST-00109,2026-02-02 00:00:00+00:00,2026-02-03 05:18:18.239288634+00:00,medium,billing,3.8
TICKET-CUST-00109-1,CUST-00109,2026-01-28 00:00:00+00:00,2026-01-28 17:17:21.657254375+00:00,low,general,2.2
TICKET-CUST-00110-0,CUST-00110,2026-03-06 00:00:00+00:00,2026-03-06 23:10:40.849298762+00:00,low,bug,3.4
TICKET-CUST-00110-1,CUST-00110,2026-03-04 00:00:00+00:00,2026-03-05 03:11:33.930956020+00:00,high,general,3.0
TICKET-CUST-00111-0,CUST-00111,2026-02-01 00:00:00+00:00,2026-02-02 17:41:57.400114214+00:00,low,bug,2.6
TICKET-CUST-00113-0,CUST-00113,2026-04-10 00:00:00+00:00,2026-04-11 17:50:35.718563346+00:00,medium,bug,2.5
TICKET-CUST-00113-1,CUST-00113,2026-02-01 00:00:00+00:00,2026-02-02 15:27:43.247188741+00:00,low,bug,3.3
TICKET-CUST-00113-2,CUST-00113,2026-03-14 00:00:00+00:00,2026-03-15 20:15:39.936860616+00:00,low,billing,2.6
TICKET-CUST-00113-3,CUST-00113,2026-03-26 00:00:00+00:00,2026-03-27 05:07:21.082431107+00:00,high,bug,2.5
TICKET-CUST-00113-4,CUST-00113,2026-02-08 00:00:00+00:00,2026-02-09 20:22:39.293690445+00:00,medium,general,2.6
TICKET-CUST-00117-0,CUST-00117,2026-02-18 00:00:00+00:00,2026-02-19 07:45:48.232537543+00:00,low,training,3.4
TICKET-CUST-00117-1,CUST-00117,2026-03-18 00:00:00+00:00,2026-03-19 02:16:06.840046424+00:00,low,bug,3.3
TICKET-CUST-00118-0,CUST-00118,2026-02-13 00:00:00+00:00,2026-02-14 13:03:54.179531297+00:00,low,general,2.7
TICKET-CUST-00118-1,CUST-00118,2026-02-20 00:00:00+00:00,2026-02-21 22:35:37.399893721+00:00,low,bug,3.3
TICKET-CUST-00119-0,CUST-00119,2026-03-15 00:00:00+00:00,2026-03-16 08:57:17.735545687+00:00,medium,training,4.0
TICKET-CUST-00119-1,CUST-00119,2026-02-11 00:00:00+00:00,2026-02-12 09:16:16.962511367+00:00,low,training,3.6
TICKET-CUST-00119-2,CUST-00119,2026-03-30 00:00:00+00:00,2026-03-31 12:18:24.610930639+00:00,low,general,3.0
TICKET-CUST-00120-0,CUST-00120,2026-03-20 00:00:00+00:00,2026-03-22 20:04:36.478292143+00:00,low,bug,1.5
TICKET-CUST-00120-1,CUST-00120,2026-02-22 00:00:00+00:00,2026-02-23 23:19:32.279015113+00:00,medium,general,2.4
TICKET-CUST-00120-2,CUST-00120,2026-02-26 00:00:00+00:00,2026-02-28 15:08:30.649598842+00:00,medium,billing,3.6
TICKET-CUST-00121-0,CUST-00121,2026-03-11 00:00:00+00:00,2026-03-13 00:55:53.400241937+00:00,low,bug,2.5
TICKET-CUST-00121-1,CUST-00121,2026-04-13 00:00:00+00:00,2026-04-14 23:11:28.489498225+00:00,medium,general,3.7
TICKET-CUST-00123-0,CUST-00123,2026-03-08 00:00:00+00:00,2026-03-08 23:14:30.187566861+00:00,low,general,3.8
TICKET-CUST-00124-0,CUST-00124,2026-03-31 00:00:00+00:00,2026-04-02 03:39:33.649940459+00:00,low,training,2.8
TICKET-CUST-00125-0,CUST-00125,2026-02-19 00:00:00+00:00,2026-02-19 23:16:16.120124033+00:00,medium,training,4.2
TICKET-CUST-00126-0,CUST-00126,2026-02-11 00:00:00+00:00,2026-02-12 07:54:17.098228242+00:00,low,general,2.7
TICKET-CUST-00126-1,CUST-00126,2026-03-09 00:00:00+00:00,2026-03-10 01:05:52.083436030+00:00,low,general,2.8
TICKET-CUST-00127-0,CUST-00127,2026-03-17 00:00:00+00:00,2026-03-18 12:10:45.542379912+00:00,medium,bug,2.8
TICKET-CUST-00127-1,CUST-00127,2026-03-18 00:00:00+00:00,2026-03-19 04:58:11.781843827+00:00,medium,bug,3.6
TICKET-CUST-00128-0,CUST-00128,2026-02-22 00:00:00+00:00,2026-02-23 22:17:08.654353494+00:00,low,billing,3.0
TICKET-CUST-00128-1,CUST-00128,2026-02-04 00:00:00+00:00,2026-02-05 17:32:25.598366983+00:00,low,general,4.9
TICKET-CUST-00128-2,CUST-00128,2026-03-16 00:00:00+00:00,2026-03-18 07:42:31.514026895+00:00,medium,training,2.0
TICKET-CUST-00129-0,CUST-00129,2026-03-01 00:00:00+00:00,2026-03-03 04:05:09.392329103+00:00,low,bug,1.5
TICKET-CUST-00129-1,CUST-00129,2026-03-17 00:00:00+00:00,2026-03-19 13:28:44.649014392+00:00,high,training,2.8
TICKET-CUST-00129-2,CUST-00129,2026-02-13 00:00:00+00:00,2026-02-15 03:26:51.384420200+00:00,high,billing,2.0
TICKET-CUST-00129-3,CUST-00129,2026-02-18 00:00:00+00:00,,low,training,3.2
TICKET-CUST-00131-0,CUST-00131,2026-03-25 00:00:00+00:00,,high,billing,2.4
TICKET-CUST-00132-0,CUST-00132,2026-04-07 00:00:00+00:00,2026-04-07 19:15:38.232227085+00:00,low,billing,3.6
TICKET-CUST-00133-0,CUST-00133,2026-03-22 00:00:00+00:00,2026-03-24 16:04:24.111920512+00:00,medium,billing,2.2
TICKET-CUST-00133-1,CUST-00133,2026-03-19 00:00:00+00:00,2026-03-21 06:54:43.033045586+00:00,low,training,3.2
TICKET-CUST-00133-2,CUST-00133,2026-03-19 00:00:00+00:00,2026-03-21 04:49:29.415717470+00:00,low,bug,2.2
TICKET-CUST-00134-0,CUST-00134,2026-02-02 00:00:00+00:00,2026-02-03 21:13:27.937843024+00:00,low,bug,3.9
TICKET-CUST-00134-1,CUST-00134,2026-04-18 00:00:00+00:00,2026-04-19 07:24:00.942296287+00:00,low,general,2.5
TICKET-CUST-00137-0,CUST-00137,2026-04-10 00:00:00+00:00,2026-04-11 13:27:46.904734890+00:00,medium,training,3.3
TICKET-CUST-00137-1,CUST-00137,2026-02-05 00:00:00+00:00,2026-02-06 22:27:43.980592631+00:00,medium,training,2.0
TICKET-CUST-00139-0,CUST-00139,2026-04-10 00:00:00+00:00,2026-04-11 16:04:04.354189275+00:00,medium,bug,2.0
TICKET-CUST-00139-1,CUST-00139,2026-01-30 00:00:00+00:00,2026-01-31 20:02:48.898171224+00:00,low,billing,3.9
TICKET-CUST-00140-0,CUST-00140,2026-04-12 00:00:00+00:00,,low,bug,3.3
TICKET-CUST-00140-1,CUST-00140,2026-03-06 00:00:00+00:00,2026-03-08 05:26:39.504181969+00:00,low,general,1.6
TICKET-CUST-00140-2,CUST-00140,2026-02-09 00:00:00+00:00,2026-02-10 15:12:54.134694336+00:00,medium,training,1.0
TICKET-CUST-00140-3,CUST-00140,2026-02-12 00:00:00+00:00,2026-02-14 20:34:51.779778735+00:00,low,billing,2.4
TICKET-CUST-00140-4,CUST-00140,2026-04-12 00:00:00+00:00,2026-04-14 20:56:46.566277207+00:00,low,bug,2.1
TICKET-CUST-00141-0,CUST-00141,2026-03-28 00:00:00+00:00,2026-03-29 00:30:20.588386536+00:00,high,training,3.6
TICKET-CUST-00142-0,CUST-00142,2026-04-01 00:00:00+00:00,2026-04-02 15:50:59.112870034+00:00,low,bug,4.4
TICKET-CUST-00143-0,CUST-00143,2026-02-21 00:00:00+00:00,2026-02-23 13:09:44.868401609+00:00,low,billing,1.5
TICKET-CUST-00144-0,CUST-00144,2026-01-27 00:00:00+00:00,2026-01-28 10:34:09.655119280+00:00,medium,general,2.4
TICKET-CUST-00145-0,CUST-00145,2026-01-30 00:00:00+00:00,2026-02-01 03:31:44.010087799+00:00,low,training,5.0
TICKET-CUST-00147-0,CUST-00147,2026-03-02 00:00:00+00:00,2026-03-03 09:03:27.933988567+00:00,medium,training,4.1
TICKET-CUST-00147-1,CUST-00147,2026-04-13 00:00:00+00:00,2026-04-14 04:36:25.203694334+00:00,medium,bug,4.9
TICKET-CUST-00150-0,CUST-00150,2026-02-16 00:00:00+00:00,2026-02-17 20:29:26.780645995+00:00,high,bug,3.8
TICKET-CUST-00150-1,CUST-00150,2026-02-24 00:00:00+00:00,2026-02-26 05:48:20.139633240+00:00,medium,training,2.1
TICKET-CUST-00153-0,CUST-00153,2026-02-17 00:00:00+00:00,2026-02-17 13:35:01.747775810+00:00,low,billing,4.0
TICKET-CUST-00154-0,CUST-00154,2026-02-04 00:00:00+00:00,2026-02-04 22:20:02.827119414+00:00,low,billing,2.2
TICKET-CUST-00155-0,CUST-00155,2026-02-12 00:00:00+00:00,2026-02-13 03:03:47.431016187+00:00,low,general,3.4
TICKET-CUST-00155-1,CUST-00155,2026-03-09 00:00:00+00:00,2026-03-10 08:44:11.993245887+00:00,medium,general,2.8
TICKET-CUST-00155-2,CUST-00155,2026-01-24 00:00:00+00:00,2026-01-25 07:44:49.377804745+00:00,low,billing,2.7
TICKET-CUST-00156-0,CUST-00156,2026-03-07 00:00:00+00:00,2026-03-07 16:49:38.159830889+00:00,medium,general,3.0
TICKET-CUST-00157-0,CUST-00157,2026-03-03 00:00:00+00:00,2026-03-04 05:56:52.955975140+00:00,low,training,3.7
TICKET-CUST-00160-0,CUST-00160,2026-02-22 00:00:00+00:00,2026-02-23 07:35:15.762047163+00:00,high,billing,2.3
TICKET-CUST-00161-0,CUST-00161,2026-04-03 00:00:00+00:00,2026-04-04 22:27:25.515952338+00:00,medium,bug,3.6
TICKET-CUST-00161-1,CUST-00161,2026-03-31 00:00:00+00:00,2026-04-02 05:03:30.077708207+00:00,medium,training,2.5
TICKET-CUST-00163-0,CUST-00163,2026-02-23 00:00:00+00:00,2026-02-24 20:27:10.377063298+00:00,medium,general,3.3
TICKET-CUST-00163-1,CUST-00163,2026-03-21 00:00:00+00:00,2026-03-22 08:26:34.172925483+00:00,high,general,1.7
TICKET-CUST-00164-0,CUST-00164,2026-03-31 00:00:00+00:00,2026-04-01 12:45:12.217894729+00:00,low,billing,2.0
TICKET-CUST-00166-0,CUST-00166,2026-02-21 00:00:00+00:00,2026-02-23 06:11:44.262123466+00:00,medium,training,2.6
TICKET-CUST-00166-1,CUST-00166,2026-02-18 00:00:00+00:00,2026-02-19 22:27:40.237342012+00:00,medium,bug,3.6
TICKET-CUST-00167-0,CUST-00167,2026-02-14 00:00:00+00:00,2026-02-14 21:43:52.619515310+00:00,high,general,2.4
TICKET-CUST-00168-0,CUST-00168,2026-02-27 00:00:00+00:00,2026-02-28 23:09:40.753798561+00:00,low,general,2.3
TICKET-CUST-00168-1,CUST-00168,2026-02-18 00:00:00+00:00,2026-02-20 05:07:51.445593512+00:00,high,bug,2.3
TICKET-CUST-00169-0,CUST-00169,2026-01-23 00:00:00+00:00,2026-01-24 14:44:30.064742197+00:00,low,training,3.4
TICKET-CUST-00171-0,CUST-00171,2026-04-16 00:00:00+00:00,2026-04-17 12:52:03.836591649+00:00,low,training,5.0
TICKET-CUST-00172-0,CUST-00172,2026-02-27 00:00:00+00:00,2026-02-28 11:51:03.332738764+00:00,low,bug,3.4
TICKET-CUST-00172-1,CUST-00172,2026-03-01 00:00:00+00:00,,low,billing,3.8
TICKET-CUST-00172-2,CUST-00172,2026-02-19 00:00:00+00:00,2026-02-19 21:45:03.109612628+00:00,medium,general,4.2
TICKET-CUST-00173-0,CUST-00173,2026-01-22 00:00:00+00:00,2026-01-23 07:03:32.525092133+00:00,medium,training,4.3
TICKET-CUST-00177-0,CUST-00177,2026-02-22 00:00:00+00:00,2026-02-22 13:50:24.991820833+00:00,low,billing,4.7
TICKET-CUST-00177-1,CUST-00177,2026-03-13 00:00:00+00:00,2026-03-14 11:06:19.449748626+00:00,low,billing,5.0
TICKET-CUST-00180-0,CUST-00180,2026-03-13 00:00:00+00:00,2026-03-13 18:01:06.821162252+00:00,high,billing,3.3
TICKET-CUST-00180-1,CUST-00180,2026-02-23 00:00:00+00:00,2026-02-24 00:01:12.137467474+00:00,low,bug,4.0
TICKET-CUST-00181-0,CUST-00181,2026-04-03 00:00:00+00:00,2026-04-04 14:30:08.653760227+00:00,low,bug,3.4
TICKET-CUST-00181-1,CUST-00181,2026-03-28 00:00:00+00:00,2026-03-29 22:08:13.594416537+00:00,low,training,3.4
TICKET-CUST-00183-0,CUST-00183,2026-02-02 00:00:00+00:00,2026-02-03 13:37:44.967132001+00:00,low,training,3.2
TICKET-CUST-00183-1,CUST-00183,2026-02-27 00:00:00+00:00,2026-02-28 16:07:57.106758972+00:00,low,bug,2.7
TICKET-CUST-00184-0,CUST-00184,2026-03-30 00:00:00+00:00,2026-03-31 22:22:33.379993371+00:00,medium,billing,2.5
TICKET-CUST-00184-1,CUST-00184,2026-02-04 00:00:00+00:00,2026-02-05 18:13:29.728588142+00:00,low,billing,2.6
TICKET-CUST-00185-0,CUST-00185,2026-03-12 00:00:00+00:00,2026-03-12 21:43:22.726423338+00:00,medium,bug,4.4
TICKET-CUST-00185-1,CUST-00185,2026-03-13 00:00:00+00:00,2026-03-13 21:45:33.046048440+00:00,high,general,3.5
TICKET-CUST-00186-0,CUST-00186,2026-03-01 00:00:00+00:00,2026-03-01 16:52:35.269379563+00:00,medium,training,4.3
TICKET-CUST-00186-1,CUST-00186,2026-03-27 00:00:00+00:00,2026-03-28 15:21:54.154277850+00:00,medium,bug,4.3
TICKET-CUST-00186-2,CUST-00186,2026-03-26 00:00:00+00:00,2026-03-27 16:55:33.475118359+00:00,low,billing,3.5
TICKET-CUST-00188-0,CUST-00188,2026-02-19 00:00:00+00:00,2026-02-20 18:39:28.428276686+00:00,medium,training,3.5
TICKET-CUST-00190-0,CUST-00190,2026-03-02 00:00:00+00:00,2026-03-04 11:30:12.846293754+00:00,low,training,2.7
TICKET-CUST-00190-1,CUST-00190,2026-04-10 00:00:00+00:00,2026-04-12 15:53:52.246954841+00:00,medium,bug,2.1
TICKET-CUST-00191-0,CUST-00191,2026-02-23 00:00:00+00:00,2026-02-23 23:36:53.744506074+00:00,low,training,3.2
TICKET-CUST-00192-0,CUST-00192,2026-02-12 00:00:00+00:00,2026-02-13 18:18:57.241368603+00:00,low,general,2.9
TICKET-CUST-00192-1,CUST-00192,2026-03-09 00:00:00+00:00,2026-03-10 10:27:20.534496140+00:00,low,bug,2.6
TICKET-CUST-00192-2,CUST-00192,2026-02-22 00:00:00+00:00,,low,billing,4.4
TICKET-CUST-00193-0,CUST-00193,2026-03-20 00:00:00+00:00,2026-03-21 10:53:14.352997074+00:00,medium,general,3.3
TICKET-CUST-00194-0,CUST-00194,2026-03-01 00:00:00+00:00,2026-03-02 13:41:22.598288566+00:00,low,general,2.8
TICKET-CUST-00194-1,CUST-00194,2026-02-23 00:00:00+00:00,,high,billing,4.3
TICKET-CUST-00194-2,CUST-00194,2026-03-05 00:00:00+00:00,2026-03-07 01:56:50.273394107+00:00,low,general,4.5
TICKET-CUST-00195-0,CUST-00195,2026-03-10 00:00:00+00:00,2026-03-12 02:33:03.703658632+00:00,low,billing,4.2
TICKET-CUST-00195-1,CUST-00195,2026-02-06 00:00:00+00:00,,low,general,2.5
TICKET-CUST-00196-0,CUST-00196,2026-03-18 00:00:00+00:00,2026-03-18 18:08:09.247248486+00:00,high,general,3.1
TICKET-CUST-00198-0,CUST-00198,2026-03-23 00:00:00+00:00,2026-03-23 12:12:07.033689701+00:00,high,training,3.4
TICKET-CUST-00202-0,CUST-00202,2026-02-10 00:00:00+00:00,2026-02-11 15:08:44.896403358+00:00,medium,general,3.3
TICKET-CUST-00203-0,CUST-00203,2026-03-19 00:00:00+00:00,2026-03-20 04:43:58.056350741+00:00,medium,bug,3.0
TICKET-CUST-00205-0,CUST-00205,2026-03-15 00:00:00+00:00,2026-03-16 13:12:59.348725323+00:00,low,billing,2.8
TICKET-CUST-00205-1,CUST-00205,2026-03-10 00:00:00+00:00,2026-03-12 06:38:09.578789360+00:00,low,billing,3.3
TICKET-CUST-00206-0,CUST-00206,2026-02-28 00:00:00+00:00,2026-03-01 15:00:59.636148580+00:00,low,billing,3.5
TICKET-CUST-00209-0,CUST-00209,2026-03-08 00:00:00+00:00,2026-03-09 06:37:37.247670824+00:00,medium,general,3.2
TICKET-CUST-00209-1,CUST-00209,2026-03-04 00:00:00+00:00,2026-03-05 08:07:08.808881175+00:00,low,bug,2.2
TICKET-CUST-00214-0,CUST-00214,2026-03-19 00:00:00+00:00,2026-03-20 03:06:08.238786683+00:00,medium,bug,4.4
TICKET-CUST-00215-0,CUST-00215,2026-02-18 00:00:00+00:00,,medium,general,1.8
TICKET-CUST-00216-0,CUST-00216,2026-04-01 00:00:00+00:00,2026-04-02 06:10:35.735629764+00:00,low,general,3.7
TICKET-CUST-00216-1,CUST-00216,2026-03-26 00:00:00+00:00,,medium,bug,3.1
TICKET-CUST-00219-0,CUST-00219,2026-04-01 00:00:00+00:00,2026-04-02 18:12:35.449896493+00:00,low,billing,3.4
TICKET-CUST-00220-0,CUST-00220,2026-03-16 00:00:00+00:00,2026-03-16 13:50:51.774672051+00:00,low,bug,4.1
TICKET-CUST-00221-0,CUST-00221,2026-02-10 00:00:00+00:00,2026-02-11 18:11:00.329815061+00:00,low,training,3.0
TICKET-CUST-00222-0,CUST-00222,2026-03-05 00:00:00+00:00,2026-03-06 01:35:07.727518786+00:00,high,billing,3.9
TICKET-CUST-00222-1,CUST-00222,2026-02-03 00:00:00+00:00,2026-02-04 06:17:35.652903687+00:00,low,training,4.7
TICKET-CUST-00223-0,CUST-00223,2026-04-17 00:00:00+00:00,2026-04-18 14:20:23.166763876+00:00,high,bug,3.3
TICKET-CUST-00223-1,CUST-00223,2026-03-19 00:00:00+00:00,2026-03-20 06:37:35.283565046+00:00,high,general,3.9
TICKET-CUST-00224-0,CUST-00224,2026-02-02 00:00:00+00:00,2026-02-02 23:35:56.888616862+00:00,low,bug,3.0
TICKET-CUST-00224-1,CUST-00224,2026-02-26 00:00:00+00:00,2026-02-26 18:14:12.375734065+00:00,low,billing,4.1
TICKET-CUST-00224-2,CUST-00224,2026-04-13 00:00:00+00:00,2026-04-13 18:26:39.816572951+00:00,medium,bug,4.4
TICKET-CUST-00225-0,CUST-00225,2026-02-19 00:00:00+00:00,2026-02-20 19:17:48.465718548+00:00,high,billing,3.9
TICKET-CUST-00225-1,CUST-00225,2026-03-20 00:00:00+00:00,2026-03-20 21:34:26.932760420+00:00,low,bug,3.5
TICKET-CUST-00227-0,CUST-00227,2026-02-27 00:00:00+00:00,2026-02-28 08:03:10.100001502+00:00,low,bug,2.8
TICKET-CUST-00230-0,CUST-00230,2026-03-12 00:00:00+00:00,2026-03-13 21:35:41.437481682+00:00,medium,training,3.4
TICKET-CUST-00231-0,CUST-00231,2026-04-08 00:00:00+00:00,2026-04-08 22:35:00.916366865+00:00,high,training,2.7
TICKET-CUST-00231-1,CUST-00231,2026-04-12 00:00:00+00:00,2026-04-13 21:49:18.372637368+00:00,low,training,4.2
TICKET-CUST-00232-0,CUST-00232,2026-03-26 00:00:00+00:00,2026-03-27 19:25:22.813277014+00:00,low,bug,3.0
TICKET-CUST-00232-1,CUST-00232,2026-01-22 00:00:00+00:00,2026-01-23 04:29:28.138806423+00:00,low,general,3.6
TICKET-CUST-00233-0,CUST-00233,2026-02-27 00:00:00+00:00,2026-02-27 23:21:26.397604487+00:00,medium,billing,4.8
TICKET-CUST-00236-0,CUST-00236,2026-04-07 00:00:00+00:00,2026-04-08 06:56:07.627618782+00:00,medium,bug,4.2
TICKET-CUST-00237-0,CUST-00237,2026-03-19 00:00:00+00:00,2026-03-21 10:06:27.997291249+00:00,high,bug,2.4
TICKET-CUST-00237-1,CUST-00237,2026-01-28 00:00:00+00:00,2026-01-29 14:37:22.986891440+00:00,medium,general,3.6
TICKET-CUST-00237-2,CUST-00237,2026-03-22 00:00:00+00:00,2026-03-24 09:05:04.465045578+00:00,medium,bug,2.5
TICKET-CUST-00238-0,CUST-00238,2026-03-31 00:00:00+00:00,,low,training,3.8
TICKET-CUST-00239-0,CUST-00239,2026-02-16 00:00:00+00:00,2026-02-18 06:21:18.735089869+00:00,medium,bug,2.9
TICKET-CUST-00239-1,CUST-00239,2026-04-10 00:00:00+00:00,,medium,billing,3.6
TICKET-CUST-00240-0,CUST-00240,2026-03-22 00:00:00+00:00,2026-03-23 05:07:02.527508208+00:00,medium,general,4.2
TICKET-CUST-00241-0,CUST-00241,2026-01-22 00:00:00+00:00,2026-01-23 15:30:19.029511610+00:00,low,bug,3.4
TICKET-CUST-00241-1,CUST-00241,2026-03-14 00:00:00+00:00,2026-03-15 03:24:04.123241558+00:00,medium,billing,3.3
TICKET-CUST-00242-0,CUST-00242,2026-01-24 00:00:00+00:00,2026-01-25 10:07:01.982679216+00:00,medium,bug,3.7
TICKET-CUST-00247-0,CUST-00247,2026-04-20 00:00:00+00:00,,low,general,3.4
TICKET-CUST-00247-1,CUST-00247,2026-02-26 00:00:00+00:00,2026-02-27 09:02:24.047728114+00:00,low,general,4.5
TICKET-CUST-00248-0,CUST-00248,2026-03-30 00:00:00+00:00,2026-03-31 22:06:58.412245787+00:00,medium,training,3.0
TICKET-CUST-00248-1,CUST-00248,2026-02-17 00:00:00+00:00,2026-02-18 15:38:49.537955441+00:00,high,bug,3.3
TICKET-CUST-00248-2,CUST-00248,2026-02-08 00:00:00+00:00,2026-02-10 07:28:48.454426701+00:00,low,bug,3.0
TICKET-CUST-00248-3,CUST-00248,2026-04-11 00:00:00+00:00,2026-04-12 20:17:13.841780117+00:00,medium,training,2.9
TICKET-CUST-00248-4,CUST-00248,2026-03-10 00:00:00+00:00,2026-03-11 23:24:04.024429699+00:00,low,training,3.2
TICKET-CUST-00249-0,CUST-00249,2026-02-22 00:00:00+00:00,2026-02-22 19:53:49.072759577+00:00,low,general,4.1
TICKET-CUST-00251-0,CUST-00251,2026-02-27 00:00:00+00:00,2026-02-28 11:26:57.125002140+00:00,medium,general,2.7
TICKET-CUST-00253-0,CUST-00253,2026-02-18 00:00:00+00:00,2026-02-19 11:39:04.701574983+00:00,medium,general,2.7
TICKET-CUST-00253-1,CUST-00253,2026-02-16 00:00:00+00:00,,medium,training,4.0
TICKET-CUST-00254-0,CUST-00254,2026-04-04 00:00:00+00:00,,high,billing,3.3
TICKET-CUST-00254-1,CUST-00254,2026-04-17 00:00:00+00:00,2026-04-19 01:35:07.713911756+00:00,high,general,2.0
TICKET-CUST-00254-2,CUST-00254,2026-03-26 00:00:00+00:00,2026-03-27 19:10:33.006412860+00:00,low,bug,3.4
TICKET-CUST-00255-0,CUST-00255,2026-03-07 00:00:00+00:00,2026-03-07 03:27:48.815518632+00:00,low,general,4.2
TICKET-CUST-00255-1,CUST-00255,2026-03-15 00:00:00+00:00,2026-03-16 03:49:27.023107669+00:00,medium,bug,4.4
TICKET-CUST-00255-2,CUST-00255,2026-01-23 00:00:00+00:00,2026-01-24 08:28:45.368976923+00:00,medium,billing,3.6
TICKET-CUST-00257-0,CUST-00257,2026-03-14 00:00:00+00:00,2026-03-14 23:24:39.204190728+00:00,medium,billing,4.7
TICKET-CUST-00258-0,CUST-00258,2026-02-11 00:00:00+00:00,2026-02-12 18:53:37.900571214+00:00,low,training,3.7
TICKET-CUST-00259-0,CUST-00259,2026-03-09 00:00:00+00:00,2026-03-10 01:01:58.873045167+00:00,low,training,4.3
TICKET-CUST-00260-0,CUST-00260,2026-04-20 00:00:00+00:00,2026-04-21 18:09:50.072268322+00:00,low,bug,3.3
TICKET-CUST-00260-1,CUST-00260,2026-02-11 00:00:00+00:00,2026-02-12 14:39:22.110219839+00:00,high,bug,3.0
TICKET-CUST-00261-0,CUST-00261,2026-02-17 00:00:00+00:00,2026-02-18 20:20:20.190808670+00:00,low,training,4.3
TICKET-CUST-00262-0,CUST-00262,2026-03-12 00:00:00+00:00,2026-03-12 23:17:14.783513251+00:00,low,bug,3.8
TICKET-CUST-00262-1,CUST-00262,2026-03-21 00:00:00+00:00,2026-03-22 07:47:52.677613509+00:00,medium,billing,2.4
TICKET-CUST-00264-0,CUST-00264,2026-02-15 00:00:00+00:00,2026-02-16 15:33:39.273340444+00:00,medium,bug,3.1
TICKET-CUST-00264-1,CUST-00264,2026-03-03 00:00:00+00:00,2026-03-04 09:37:36.700257858+00:00,medium,billing,4.2
TICKET-CUST-00264-2,CUST-00264,2026-03-09 00:00:00+00:00,2026-03-10 15:32:49.280877708+00:00,high,billing,1.5
TICKET-CUST-00264-3,CUST-00264,2026-03-27 00:00:00+00:00,2026-03-28 05:58:40.124341653+00:00,low,general,2.7
TICKET-CUST-00264-4,CUST-00264,2026-02-15 00:00:00+00:00,2026-02-16 14:44:07.185615820+00:00,low,general,2.9
TICKET-CUST-00265-0,CUST-00265,2026-02-01 00:00:00+00:00,,low,training,2.7
TICKET-CUST-00265-1,CUST-00265,2026-03-13 00:00:00+00:00,2026-03-14 19:45:23.218696557+00:00,low,general,2.8
TICKET-CUST-00265-2,CUST-00265,2026-01-26 00:00:00+00:00,2026-01-28 11:54:16.852806634+00:00,medium,training,3.6
TICKET-CUST-00267-0,CUST-00267,2026-02-25 00:00:00+00:00,2026-02-26 03:54:55.770824697+00:00,high,bug,2.8
TICKET-CUST-00269-0,CUST-00269,2026-03-18 00:00:00+00:00,,high,general,4.2
TICKET-CUST-00269-1,CUST-00269,2026-03-02 00:00:00+00:00,2026-03-03 01:12:07.013023787+00:00,low,general,3.4
TICKET-CUST-00271-0,CUST-00271,2026-02-17 00:00:00+00:00,2026-02-18 06:24:21.040503194+00:00,medium,billing,4.0
TICKET-CUST-00271-1,CUST-00271,2026-03-24 00:00:00+00:00,2026-03-24 22:28:45.964437829+00:00,low,billing,3.9
TICKET-CUST-00272-0,CUST-00272,2026-04-07 00:00:00+00:00,2026-04-08 09:36:45.944592004+00:00,medium,general,3.1
TICKET-CUST-00274-0,CUST-00274,2026-04-01 00:00:00+00:00,2026-04-02 03:15:21.113600812+00:00,medium,training,3.6
TICKET-CUST-00274-1,CUST-00274,2026-02-01 00:00:00+00:00,2026-02-02 03:41:07.407850235+00:00,low,billing,5.0
TICKET-CUST-00274-2,CUST-00274,2026-02-10 00:00:00+00:00,2026-02-11 09:46:00.102007582+00:00,medium,general,5.0
TICKET-CUST-00276-0,CUST-00276,2026-02-10 00:00:00+00:00,2026-02-10 23:07:34.995813244+00:00,low,billing,3.1
TICKET-CUST-00276-1,CUST-00276,2026-04-10 00:00:00+00:00,2026-04-11 21:06:36.270585935+00:00,low,billing,3.6
TICKET-CUST-00276-2,CUST-00276,2026-02-20 00:00:00+00:00,2026-02-21 10:06:49.483935231+00:00,low,training,2.5
TICKET-CUST-00277-0,CUST-00277,2026-02-10 00:00:00+00:00,2026-02-10 17:15:21.687641075+00:00,medium,billing,5.0
TICKET-CUST-00278-0,CUST-00278,2026-01-24 00:00:00+00:00,2026-01-25 04:33:10.073608567+00:00,high,general,2.6
TICKET-CUST-00278-1,CUST-00278,2026-02-09 00:00:00+00:00,2026-02-10 07:54:55.781635223+00:00,medium,training,3.7
TICKET-CUST-00279-0,CUST-00279,2026-04-19 00:00:00+00:00,2026-04-20 17:41:31.611797351+00:00,low,billing,2.5
TICKET-CUST-00281-0,CUST-00281,2026-04-16 00:00:00+00:00,2026-04-16 23:30:38.998710543+00:00,medium,bug,3.9
TICKET-CUST-00283-0,CUST-00283,2026-02-04 00:00:00+00:00,2026-02-05 02:42:16.284828542+00:00,low,billing,3.9
TICKET-CUST-00284-0,CUST-00284,2026-02-07 00:00:00+00:00,2026-02-08 23:03:21.686661112+00:00,low,training,4.5
TICKET-CUST-00284-1,CUST-00284,2026-02-26 00:00:00+00:00,2026-02-27 05:33:03.173976815+00:00,high,bug,3.8
TICKET-CUST-00286-0,CUST-00286,2026-03-28 00:00:00+00:00,2026-03-30 04:09:47.822321461+00:00,low,general,3.8
TICKET-CUST-00286-1,CUST-00286,2026-04-20 00:00:00+00:00,2026-04-21 18:38:09.093009737+00:00,medium,general,3.1
TICKET-CUST-00286-2,CUST-00286,2026-03-12 00:00:00+00:00,2026-03-13 19:51:55.302171644+00:00,high,bug,3.3
TICKET-CUST-00287-0,CUST-00287,2026-03-03 00:00:00+00:00,2026-03-04 10:49:19.148252280+00:00,medium,training,3.9
TICKET-CUST-00289-0,CUST-00289,2026-03-11 00:00:00+00:00,2026-03-12 12:29:35.568788406+00:00,medium,general,3.4
TICKET-CUST-00290-0,CUST-00290,2026-03-20 00:00:00+00:00,2026-03-21 10:22:08.953582889+00:00,high,bug,3.7
TICKET-CUST-00291-0,CUST-00291,2026-02-10 00:00:00+00:00,2026-02-11 14:02:34.253008174+00:00,medium,training,3.6
TICKET-CUST-00292-0,CUST-00292,2026-03-06 00:00:00+00:00,2026-03-07 14:53:47.336318941+00:00,low,general,2.8
TICKET-CUST-00292-1,CUST-00292,2026-01-23 00:00:00+00:00,2026-01-24 07:38:19.605239625+00:00,high,billing,4.7
TICKET-CUST-00293-0,CUST-00293,2026-02-20 00:00:00+00:00,,low,bug,2.2
TICKET-CUST-00294-0,CUST-00294,2026-04-03 00:00:00+00:00,2026-04-04 15:49:23.477414041+00:00,low,bug,2.2
TICKET-CUST-00295-0,CUST-00295,2026-03-27 00:00:00+00:00,2026-03-28 23:43:25.511950103+00:00,low,training,3.2
TICKET-CUST-00295-1,CUST-00295,2026-03-12 00:00:00+00:00,2026-03-13 16:43:46.383137951+00:00,low,bug,2.9
TICKET-CUST-00296-0,CUST-00296,2026-02-17 00:00:00+00:00,2026-02-17 21:45:45.705015924+00:00,low,bug,4.2
TICKET-CUST-00297-0,CUST-00297,2026-03-20 00:00:00+00:00,2026-03-21 02:12:13.890533374+00:00,medium,training,3.0
TICKET-CUST-00297-1,CUST-00297,2026-02-27 00:00:00+00:00,2026-02-28 16:47:03.189891422+00:00,high,general,3.7
TICKET-CUST-00297-2,CUST-00297,2026-02-06 00:00:00+00:00,2026-02-07 07:12:27.750336609+00:00,high,training,3.5
TICKET-CUST-00299-0,CUST-00299,2026-04-15 00:00:00+00:00,2026-04-15 12:28:17.013384363+00:00,medium,billing,3.4
TICKET-CUST-00299-1,CUST-00299,2026-03-26 00:00:00+00:00,2026-03-27 10:06:31.719844564+00:00,medium,bug,4.3
TICKET-CUST-00300-0,CUST-00300,2026-01-28 00:00:00+00:00,2026-01-28 19:07:39.761969007+00:00,medium,training,3.8
TICKET-CUST-00301-0,CUST-00301,2026-04-10 00:00:00+00:00,,low,billing,4.6
TICKET-CUST-00303-0,CUST-00303,2026-02-07 00:00:00+00:00,2026-02-08 15:51:41.960470592+00:00,low,bug,4.7
TICKET-CUST-00304-0,CUST-00304,2026-02-11 00:00:00+00:00,2026-02-12 09:45:41.319865361+00:00,low,training,1.3
TICKET-CUST-00305-0,CUST-00305,2026-03-09 00:00:00+00:00,2026-03-10 18:12:54.525897541+00:00,medium,billing,3.1
TICKET-CUST-00305-1,CUST-00305,2026-04-08 00:00:00+00:00,,low,bug,2.1
TICKET-CUST-00305-2,CUST-00305,2026-02-14 00:00:00+00:00,2026-02-15 21:23:25.831427600+00:00,high,billing,1.2
TICKET-CUST-00307-0,CUST-00307,2026-04-11 00:00:00+00:00,2026-04-11 20:30:19.536110468+00:00,medium,billing,3.2
TICKET-CUST-00308-0,CUST-00308,2026-02-23 00:00:00+00:00,2026-02-24 03:04:44.238423060+00:00,low,general,3.2
TICKET-CUST-00309-0,CUST-00309,2026-03-06 00:00:00+00:00,2026-03-08 05:08:09.735643812+00:00,medium,training,1.4
TICKET-CUST-00309-1,CUST-00309,2026-02-23 00:00:00+00:00,2026-02-24 22:16:44.745393393+00:00,low,general,2.0
TICKET-CUST-00309-2,CUST-00309,2026-03-07 00:00:00+00:00,2026-03-09 04:48:21.004019684+00:00,high,bug,4.2
TICKET-CUST-00309-3,CUST-00309,2026-04-18 00:00:00+00:00,2026-04-19 17:47:47.354150401+00:00,low,bug,3.2
TICKET-CUST-00309-4,CUST-00309,2026-03-24 00:00:00+00:00,2026-03-25 07:46:43.672959056+00:00,low,general,2.0
TICKET-CUST-00310-0,CUST-00310,2026-01-30 00:00:00+00:00,2026-01-30 13:30:03.990239881+00:00,low,bug,4.7
TICKET-CUST-00311-0,CUST-00311,2026-01-26 00:00:00+00:00,2026-01-27 07:50:11.620912279+00:00,low,bug,4.5
TICKET-CUST-00312-0,CUST-00312,2026-01-26 00:00:00+00:00,2026-01-27 18:50:33.586504691+00:00,high,training,3.2
TICKET-CUST-00313-0,CUST-00313,2026-03-19 00:00:00+00:00,2026-03-20 14:31:10.255551770+00:00,medium,training,2.8
TICKET-CUST-00313-1,CUST-00313,2026-04-04 00:00:00+00:00,2026-04-05 17:14:48.813646131+00:00,low,general,3.5
TICKET-CUST-00313-2,CUST-00313,2026-03-03 00:00:00+00:00,2026-03-04 22:00:53.911606940+00:00,low,general,2.9
TICKET-CUST-00313-3,CUST-00313,2026-03-11 00:00:00+00:00,2026-03-12 23:42:48.472837206+00:00,medium,billing,2.5
TICKET-CUST-00314-0,CUST-00314,2026-02-09 00:00:00+00:00,2026-02-10 11:12:22.081980900+00:00,medium,general,5.0
TICKET-CUST-00316-0,CUST-00316,2026-03-16 00:00:00+00:00,2026-03-16 22:54:22.020260407+00:00,medium,training,2.8
TICKET-CUST-00317-0,CUST-00317,2026-04-02 00:00:00+00:00,2026-04-03 02:48:47.834835775+00:00,low,billing,3.6
TICKET-CUST-00317-1,CUST-00317,2026-03-20 00:00:00+00:00,2026-03-21 05:23:41.651919640+00:00,low,bug,4.6
TICKET-CUST-00318-0,CUST-00318,2026-04-05 00:00:00+00:00,2026-04-07 05:21:45.644355814+00:00,medium,bug,3.4
TICKET-CUST-00318-1,CUST-00318,2026-04-15 00:00:00+00:00,2026-04-16 18:02:26.423429922+00:00,medium,billing,1.4
TICKET-CUST-00318-2,CUST-00318,2026-03-07 00:00:00+00:00,2026-03-08 18:18:53.584301226+00:00,low,bug,5.0
TICKET-CUST-00318-3,CUST-00318,2026-02-22 00:00:00+00:00,2026-02-23 07:48:21.806820183+00:00,low,billing,2.7
TICKET-CUST-00320-0,CUST-00320,2026-04-08 00:00:00+00:00,2026-04-09 03:18:08.007931313+00:00,medium,training,3.4
TICKET-CUST-00320-1,CUST-00320,2026-01-27 00:00:00+00:00,2026-01-28 13:58:02.771085628+00:00,high,bug,3.8
TICKET-CUST-00320-2,CUST-00320,2026-04-07 00:00:00+00:00,2026-04-08 11:37:21.814112118+00:00,low,training,4.7
TICKET-CUST-00321-0,CUST-00321,2026-01-25 00:00:00+00:00,2026-01-27 06:24:37.075232182+00:00,low,bug,4.8
TICKET-CUST-00321-1,CUST-00321,2026-02-10 00:00:00+00:00,2026-02-11 22:54:17.481130333+00:00,high,training,2.9
TICKET-CUST-00323-0,CUST-00323,2026-02-13 00:00:00+00:00,2026-02-14 04:41:26.412652729+00:00,high,bug,4.0
TICKET-CUST-00323-1,CUST-00323,2026-04-04 00:00:00+00:00,,low,bug,3.5
TICKET-CUST-00323-2,CUST-00323,2026-04-03 00:00:00+00:00,,low,bug,3.7
TICKET-CUST-00323-3,CUST-00323,2026-04-11 00:00:00+00:00,2026-04-12 16:30:51.369830865+00:00,low,training,3.7
TICKET-CUST-00324-0,CUST-00324,2026-02-25 00:00:00+00:00,2026-02-26 12:50:35.201981669+00:00,low,training,4.0
TICKET-CUST-00324-1,CUST-00324,2026-02-07 00:00:00+00:00,2026-02-08 00:31:12.540169418+00:00,medium,billing,2.4
TICKET-CUST-00326-0,CUST-00326,2026-04-08 00:00:00+00:00,2026-04-09 00:43:32.089293976+00:00,high,general,3.0
TICKET-CUST-00326-1,CUST-00326,2026-03-07 00:00:00+00:00,2026-03-08 15:56:40.188121233+00:00,medium,bug,3.0
TICKET-CUST-00326-2,CUST-00326,2026-04-07 00:00:00+00:00,,low,training,3.6
TICKET-CUST-00327-0,CUST-00327,2026-04-09 00:00:00+00:00,2026-04-11 07:25:59.585236415+00:00,medium,training,1.8
TICKET-CUST-00328-0,CUST-00328,2026-03-17 00:00:00+00:00,2026-03-18 16:11:34.900104695+00:00,medium,general,3.1
TICKET-CUST-00328-1,CUST-00328,2026-04-08 00:00:00+00:00,2026-04-09 20:07:39.818897361+00:00,low,general,3.0
TICKET-CUST-00328-2,CUST-00328,2026-02-21 00:00:00+00:00,2026-02-22 11:03:06.692596583+00:00,low,training,2.7
TICKET-CUST-00328-3,CUST-00328,2026-01-29 00:00:00+00:00,2026-01-31 00:11:45.355792842+00:00,low,billing,2.8
TICKET-CUST-00328-4,CUST-00328,2026-01-30 00:00:00+00:00,2026-02-01 09:18:17.550709977+00:00,low,general,4.3
TICKET-CUST-00330-0,CUST-00330,2026-04-11 00:00:00+00:00,2026-04-12 13:21:54.510193616+00:00,low,general,2.2
TICKET-CUST-00330-1,CUST-00330,2026-04-01 00:00:00+00:00,2026-04-02 16:58:39.687906516+00:00,low,billing,4.0
TICKET-CUST-00331-0,CUST-00331,2026-02-04 00:00:00+00:00,2026-02-04 18:38:45.970980647+00:00,medium,billing,4.4
TICKET-CUST-00332-0,CUST-00332,2026-02-28 00:00:00+00:00,2026-03-01 02:07:05.990224765+00:00,medium,billing,3.9
TICKET-CUST-00333-0,CUST-00333,2026-04-20 00:00:00+00:00,2026-04-21 17:05:59.445458425+00:00,low,training,2.3
TICKET-CUST-00333-1,CUST-00333,2026-03-22 00:00:00+00:00,2026-03-23 20:12:36.616032747+00:00,low,bug,1.8
TICKET-CUST-00333-2,CUST-00333,2026-03-27 00:00:00+00:00,2026-03-28 12:57:19.936321218+00:00,medium,bug,3.4
TICKET-CUST-00335-0,CUST-00335,2026-03-06 00:00:00+00:00,2026-03-07 00:36:01.798614762+00:00,medium,billing,4.7
TICKET-CUST-00335-1,CUST-00335,2026-04-05 00:00:00+00:00,2026-04-05 17:57:55.283194549+00:00,medium,general,3.8
TICKET-CUST-00337-0,CUST-00337,2026-02-21 00:00:00+00:00,2026-02-22 07:59:51.504845358+00:00,low,training,3.5
TICKET-CUST-00338-0,CUST-00338,2026-03-02 00:00:00+00:00,2026-03-04 00:17:02.577319159+00:00,low,general,2.5
TICKET-CUST-00338-1,CUST-00338,2026-02-24 00:00:00+00:00,2026-02-25 23:21:37.041507154+00:00,medium,billing,3.7
TICKET-CUST-00339-0,CUST-00339,2026-02-06 00:00:00+00:00,2026-02-07 04:59:02.891721126+00:00,high,billing,4.5
TICKET-CUST-00339-1,CUST-00339,2026-04-15 00:00:00+00:00,2026-04-15 12:12:22.951415745+00:00,low,general,4.9
TICKET-CUST-00340-0,CUST-00340,2026-01-31 00:00:00+00:00,2026-01-31 10:07:58.984587036+00:00,low,training,3.5
TICKET-CUST-00341-0,CUST-00341,2026-04-03 00:00:00+00:00,2026-04-03 21:17:47.908075670+00:00,medium,training,3.3
TICKET-CUST-00341-1,CUST-00341,2026-02-08 00:00:00+00:00,2026-02-09 07:43:31.197780244+00:00,low,bug,2.9
TICKET-CUST-00343-0,CUST-00343,2026-02-20 00:00:00+00:00,2026-02-22 03:06:41.513362489+00:00,low,bug,2.7
TICKET-CUST-00344-0,CUST-00344,2026-03-15 00:00:00+00:00,2026-03-16 03:00:14.214201257+00:00,low,general,3.8
TICKET-CUST-00344-1,CUST-00344,2026-01-25 00:00:00+00:00,2026-01-25 06:15:03.745585735+00:00,medium,bug,4.1
TICKET-CUST-00345-0,CUST-00345,2026-01-28 00:00:00+00:00,2026-01-29 08:04:04.855033750+00:00,medium,bug,3.6
TICKET-CUST-00347-0,CUST-00347,2026-02-07 00:00:00+00:00,2026-02-08 14:59:03.274281283+00:00,medium,general,3.8
TICKET-CUST-00347-1,CUST-00347,2026-04-12 00:00:00+00:00,,high,training,2.3
TICKET-CUST-00349-0,CUST-00349,2026-01-22 00:00:00+00:00,2026-01-23 10:12:49.999455269+00:00,low,bug,2.1
TICKET-CUST-00349-1,CUST-00349,2026-03-03 00:00:00+00:00,2026-03-04 23:41:30.188617119+00:00,high,training,2.3
TICKET-CUST-00349-2,CUST-00349,2026-04-17 00:00:00+00:00,2026-04-18 23:28:13.982368976+00:00,medium,training,3.4
TICKET-CUST-00352-0,CUST-00352,2026-04-05 00:00:00+00:00,2026-04-06 17:03:01.470442908+00:00,low,general,3.8
TICKET-CUST-00352-1,CUST-00352,2026-03-14 00:00:00+00:00,2026-03-15 10:01:33.441672406+00:00,low,general,3.4
TICKET-CUST-00353-0,CUST-00353,2026-04-16 00:00:00+00:00,2026-04-17 09:23:12.660577561+00:00,medium,billing,2.9
TICKET-CUST-00353-1,CUST-00353,2026-02-20 00:00:00+00:00,2026-02-21 17:11:34.262822484+00:00,low,training,1.6
TICKET-CUST-00354-0,CUST-00354,2026-01-28 00:00:00+00:00,2026-01-29 00:51:41.916293742+00:00,medium,training,3.8
TICKET-CUST-00354-1,CUST-00354,2026-01-25 00:00:00+00:00,2026-01-26 08:40:15.788599549+00:00,low,training,3.0
TICKET-CUST-00356-0,CUST-00356,2026-03-07 00:00:00+00:00,2026-03-08 06:08:02.868039411+00:00,low,general,2.7
TICKET-CUST-00356-1,CUST-00356,2026-04-19 00:00:00+00:00,2026-04-19 18:40:24.213274563+00:00,medium,general,3.6
TICKET-CUST-00356-2,CUST-00356,2026-04-12 00:00:00+00:00,2026-04-13 02:13:51.669136268+00:00,high,billing,3.1
TICKET-CUST-00356-3,CUST-00356,2026-02-14 00:00:00+00:00,2026-02-15 00:06:17.213101040+00:00,medium,general,3.5
TICKET-CUST-00358-0,CUST-00358,2026-01-25 00:00:00+00:00,2026-01-26 11:29:21.600281196+00:00,low,training,2.7
TICKET-CUST-00358-1,CUST-00358,2026-04-13 00:00:00+00:00,2026-04-14 00:15:15.463445251+00:00,medium,bug,4.7
TICKET-CUST-00361-0,CUST-00361,2026-01-27 00:00:00+00:00,2026-01-28 16:53:41.763520855+00:00,low,general,2.8
TICKET-CUST-00361-1,CUST-00361,2026-03-12 00:00:00+00:00,2026-03-13 22:25:04.922992020+00:00,low,training,3.0
TICKET-CUST-00362-0,CUST-00362,2026-02-11 00:00:00+00:00,2026-02-12 16:14:08.045363733+00:00,high,general,4.2
TICKET-CUST-00362-1,CUST-00362,2026-04-09 00:00:00+00:00,2026-04-10 08:34:44.607237219+00:00,medium,training,3.6
TICKET-CUST-00363-0,CUST-00363,2026-03-20 00:00:00+00:00,2026-03-21 04:28:51.480227849+00:00,low,billing,2.8
TICKET-CUST-00363-1,CUST-00363,2026-02-05 00:00:00+00:00,2026-02-06 08:59:17.487760606+00:00,low,training,2.7
TICKET-CUST-00365-0,CUST-00365,2026-03-14 00:00:00+00:00,2026-03-15 02:40:17.518547354+00:00,medium,training,4.2
TICKET-CUST-00365-1,CUST-00365,2026-04-12 00:00:00+00:00,2026-04-13 04:02:44.500457009+00:00,high,training,2.5
TICKET-CUST-00365-2,CUST-00365,2026-02-07 00:00:00+00:00,2026-02-08 06:39:57.856001712+00:00,low,training,3.5
TICKET-CUST-00366-0,CUST-00366,2026-04-14 00:00:00+00:00,2026-04-16 07:25:15.679885290+00:00,medium,training,3.7
TICKET-CUST-00369-0,CUST-00369,2026-03-15 00:00:00+00:00,2026-03-17 04:05:15.088388249+00:00,low,billing,2.5
TICKET-CUST-00369-1,CUST-00369,2026-02-23 00:00:00+00:00,2026-02-24 22:56:21.885182789+00:00,low,general,3.4
TICKET-CUST-00369-2,CUST-00369,2026-02-20 00:00:00+00:00,2026-02-21 21:19:39.703582575+00:00,medium,training,2.1
TICKET-CUST-00370-0,CUST-00370,2026-03-26 00:00:00+00:00,2026-03-27 04:26:38.800926107+00:00,low,general,4.1
TICKET-CUST-00373-0,CUST-00373,2026-02-18 00:00:00+00:00,2026-02-19 07:51:30.127211606+00:00,low,billing,3.5
TICKET-CUST-00374-0,CUST-00374,2026-02-12 00:00:00+00:00,2026-02-14 01:12:18.671544584+00:00,medium,bug,3.2
TICKET-CUST-00374-1,CUST-00374,2026-02-03 00:00:00+00:00,2026-02-05 01:57:54.756312203+00:00,medium,general,2.1
TICKET-CUST-00374-2,CUST-00374,2026-04-13 00:00:00+00:00,2026-04-15 00:02:24.576518105+00:00,high,general,2.4
TICKET-CUST-00376-0,CUST-00376,2026-03-29 00:00:00+00:00,2026-03-30 03:44:28.521197210+00:00,medium,training,3.8
TICKET-CUST-00377-0,CUST-00377,2026-03-03 00:00:00+00:00,2026-03-03 10:24:24.552907598+00:00,medium,training,3.9
TICKET-CUST-00378-0,CUST-00378,2026-03-05 00:00:00+00:00,2026-03-06 10:49:38.608767001+00:00,medium,general,2.5
TICKET-CUST-00379-0,CUST-00379,2026-03-04 00:00:00+00:00,2026-03-04 11:01:10.331805101+00:00,medium,training,2.7
TICKET-CUST-00379-1,CUST-00379,2026-01-24 00:00:00+00:00,,low,bug,3.1
TICKET-CUST-00380-0,CUST-00380,2026-02-16 00:00:00+00:00,2026-02-17 05:25:24.590613861+00:00,high,general,3.2
TICKET-CUST-00380-1,CUST-00380,2026-01-24 00:00:00+00:00,2026-01-25 08:14:32.483657761+00:00,medium,billing,2.4
TICKET-CUST-00380-2,CUST-00380,2026-03-22 00:00:00+00:00,2026-03-23 15:53:25.328056799+00:00,medium,bug,3.4
TICKET-CUST-00383-0,CUST-00383,2026-04-09 00:00:00+00:00,2026-04-10 23:40:54.520088156+00:00,medium,bug,3.0
TICKET-CUST-00386-0,CUST-00386,2026-02-03 00:00:00+00:00,2026-02-03 18:15:58.122772828+00:00,low,bug,4.9
TICKET-CUST-00387-0,CUST-00387,2026-04-14 00:00:00+00:00,2026-04-15 11:39:48.403965059+00:00,medium,bug,3.0
TICKET-CUST-00387-1,CUST-00387,2026-03-28 00:00:00+00:00,2026-03-29 23:44:13.441638024+00:00,high,bug,2.1
TICKET-CUST-00388-0,CUST-00388,2026-02-05 00:00:00+00:00,2026-02-06 13:19:28.935977718+00:00,medium,bug,4.6
TICKET-CUST-00388-1,CUST-00388,2026-01-23 00:00:00+00:00,2026-01-24 17:37:59.883296231+00:00,medium,bug,3.3
TICKET-CUST-00388-2,CUST-00388,2026-04-19 00:00:00+00:00,2026-04-20 09:15:05.185375687+00:00,medium,training,3.2
TICKET-CUST-00388-3,CUST-00388,2026-03-19 00:00:00+00:00,2026-03-20 08:15:30.494522141+00:00,low,training,3.8
TICKET-CUST-00390-0,CUST-00390,2026-03-06 00:00:00+00:00,2026-03-07 17:53:44.100019179+00:00,low,training,3.2
TICKET-CUST-00390-1,CUST-00390,2026-04-11 00:00:00+00:00,2026-04-13 01:08:46.091108689+00:00,medium,general,1.9
TICKET-CUST-00392-0,CUST-00392,2026-02-06 00:00:00+00:00,2026-02-07 01:37:34.920783293+00:00,low,bug,3.1
TICKET-CUST-00394-0,CUST-00394,2026-04-03 00:00:00+00:00,2026-04-03 20:21:17.390582163+00:00,low,billing,4.3
TICKET-CUST-00395-0,CUST-00395,2026-03-03 00:00:00+00:00,2026-03-05 08:51:56.914944739+00:00,medium,general,2.5
TICKET-CUST-00395-1,CUST-00395,2026-02-19 00:00:00+00:00,,medium,training,3.1
TICKET-CUST-00398-0,CUST-00398,2026-02-03 00:00:00+00:00,2026-02-04 09:08:23.291163319+00:00,low,general,2.9
TICKET-CUST-00398-1,CUST-00398,2026-03-19 00:00:00+00:00,2026-03-20 08:43:37.931291628+00:00,medium,bug,4.6
TICKET-CUST-00398-2,CUST-00398,2026-03-30 00:00:00+00:00,2026-03-31 23:56:52.863748796+00:00,high,billing,2.8
TICKET-CUST-00400-0,CUST-00400,2026-03-20 00:00:00+00:00,2026-03-21 19:29:42.659482024+00:00,low,training,2.8
TICKET-CUST-00402-0,CUST-00402,2026-04-10 00:00:00+00:00,2026-04-11 05:12:24.921736332+00:00,low,training,3.7
TICKET-CUST-00403-0,CUST-00403,2026-03-27 00:00:00+00:00,2026-03-27 20:08:42.788384554+00:00,low,training,4.0
TICKET-CUST-00404-0,CUST-00404,2026-02-07 00:00:00+00:00,2026-02-08 07:38:26.361011556+00:00,medium,bug,3.0
TICKET-CUST-00405-0,CUST-00405,2026-02-22 00:00:00+00:00,2026-02-23 08:31:15.063771450+00:00,low,training,3.2
TICKET-CUST-00405-1,CUST-00405,2026-01-27 00:00:00+00:00,2026-01-28 15:58:33.406085423+00:00,low,training,4.4
TICKET-CUST-00407-0,CUST-00407,2026-03-09 00:00:00+00:00,2026-03-10 04:13:33.240140867+00:00,low,general,2.8
TICKET-CUST-00407-1,CUST-00407,2026-03-29 00:00:00+00:00,2026-03-29 21:17:57.631775111+00:00,medium,billing,3.0
TICKET-CUST-00407-2,CUST-00407,2026-03-02 00:00:00+00:00,2026-03-02 18:52:39.739244861+00:00,high,billing,3.4
TICKET-CUST-00407-3,CUST-00407,2026-03-11 00:00:00+00:00,2026-03-11 09:27:11.866291976+00:00,low,training,4.7
TICKET-CUST-00408-0,CUST-00408,2026-03-29 00:00:00+00:00,2026-03-30 03:43:57.543892595+00:00,low,bug,2.2
TICKET-CUST-00408-1,CUST-00408,2026-02-20 00:00:00+00:00,2026-02-21 15:24:58.886961998+00:00,medium,bug,3.6
TICKET-CUST-00409-0,CUST-00409,2026-04-18 00:00:00+00:00,2026-04-19 06:21:23.345336382+00:00,medium,general,4.8
TICKET-CUST-00409-1,CUST-00409,2026-04-01 00:00:00+00:00,,low,general,4.1
TICKET-CUST-00413-0,CUST-00413,2026-03-20 00:00:00+00:00,2026-03-22 05:25:00.536862965+00:00,medium,bug,2.9
TICKET-CUST-00413-1,CUST-00413,2026-02-13 00:00:00+00:00,2026-02-15 17:36:26.524573897+00:00,low,training,2.3
TICKET-CUST-00415-0,CUST-00415,2026-04-10 00:00:00+00:00,2026-04-11 13:49:07.262555946+00:00,low,bug,3.8
TICKET-CUST-00418-0,CUST-00418,2026-02-28 00:00:00+00:00,,low,general,3.5
TICKET-CUST-00419-0,CUST-00419,2026-01-30 00:00:00+00:00,2026-01-31 18:13:24.062985213+00:00,high,general,3.4
TICKET-CUST-00419-1,CUST-00419,2026-03-11 00:00:00+00:00,2026-03-13 01:00:57.392027136+00:00,low,general,2.8
TICKET-CUST-00420-0,CUST-00420,2026-04-19 00:00:00+00:00,2026-04-20 01:49:01.230205117+00:00,low,billing,1.5
TICKET-CUST-00421-0,CUST-00421,2026-04-17 00:00:00+00:00,2026-04-18 02:45:33.516442640+00:00,medium,general,3.8
TICKET-CUST-00421-1,CUST-00421,2026-02-24 00:00:00+00:00,2026-02-24 20:46:48.201328592+00:00,medium,bug,4.0
TICKET-CUST-00422-0,CUST-00422,2026-04-14 00:00:00+00:00,,low,training,4.7
TICKET-CUST-00423-0,CUST-00423,2026-04-19 00:00:00+00:00,2026-04-20 09:25:26.729496249+00:00,low,bug,3.5
TICKET-CUST-00424-0,CUST-00424,2026-01-26 00:00:00+00:00,2026-01-27 13:26:09.845086159+00:00,low,general,3.0
TICKET-CUST-00424-1,CUST-00424,2026-02-15 00:00:00+00:00,2026-02-17 12:29:57.425060205+00:00,medium,billing,3.2
TICKET-CUST-00425-0,CUST-00425,2026-04-03 00:00:00+00:00,2026-04-04 10:23:09.057087891+00:00,low,general,3.2
TICKET-CUST-00425-1,CUST-00425,2026-02-10 00:00:00+00:00,2026-02-11 12:44:13.802892968+00:00,low,training,2.1
TICKET-CUST-00427-0,CUST-00427,2026-03-08 00:00:00+00:00,2026-03-09 18:57:29.496374028+00:00,low,training,2.0
TICKET-CUST-00428-0,CUST-00428,2026-03-24 00:00:00+00:00,2026-03-25 21:02:42.500435830+00:00,high,bug,3.0
TICKET-CUST-00428-1,CUST-00428,2026-03-02 00:00:00+00:00,2026-03-03 07:09:00.705592365+00:00,low,general,2.9
TICKET-CUST-00429-0,CUST-00429,2026-03-11 00:00:00+00:00,2026-03-12 21:43:20.728393378+00:00,low,billing,3.6
TICKET-CUST-00429-1,CUST-00429,2026-02-13 00:00:00+00:00,2026-02-14 13:20:35.693392534+00:00,low,bug,2.2
TICKET-CUST-00429-2,CUST-00429,2026-02-26 00:00:00+00:00,2026-02-27 07:15:19.500902620+00:00,medium,billing,2.5
TICKET-CUST-00429-3,CUST-00429,2026-04-06 00:00:00+00:00,2026-04-07 10:11:04.060847143+00:00,low,training,3.2
TICKET-CUST-00431-0,CUST-00431,2026-02-21 00:00:00+00:00,2026-02-22 03:51:29.475247843+00:00,low,bug,2.6
TICKET-CUST-00431-1,CUST-00431,2026-03-18 00:00:00+00:00,2026-03-20 02:30:20.992106812+00:00,low,billing,2.4
TICKET-CUST-00432-0,CUST-00432,2026-04-10 00:00:00+00:00,2026-04-11 01:55:53.915250069+00:00,high,general,3.5
TICKET-CUST-00432-1,CUST-00432,2026-03-11 00:00:00+00:00,2026-03-12 00:51:44.857513617+00:00,low,training,2.5
TICKET-CUST-00434-0,CUST-00434,2026-03-16 00:00:00+00:00,2026-03-16 16:28:49.105471710+00:00,medium,training,1.4
TICKET-CUST-00435-0,CUST-00435,2026-03-17 00:00:00+00:00,2026-03-17 23:23:34.754755937+00:00,low,bug,2.5
TICKET-CUST-00435-1,CUST-00435,2026-02-19 00:00:00+00:00,2026-02-20 01:58:53.720808056+00:00,low,billing,3.6
TICKET-CUST-00436-0,CUST-00436,2026-04-20 00:00:00+00:00,2026-04-22 04:19:50.373161772+00:00,low,billing,1.9
TICKET-CUST-00436-1,CUST-00436,2026-03-07 00:00:00+00:00,2026-03-08 20:21:07.319886548+00:00,low,training,4.1
TICKET-CUST-00436-2,CUST-00436,2026-04-11 00:00:00+00:00,2026-04-12 16:34:19.923229085+00:00,medium,bug,3.4
TICKET-CUST-00437-0,CUST-00437,2026-02-02 00:00:00+00:00,2026-02-02 12:23:15.677692421+00:00,medium,bug,3.9
TICKET-CUST-00438-0,CUST-00438,2026-04-18 00:00:00+00:00,2026-04-19 03:04:48.670118681+00:00,low,billing,2.3
TICKET-CUST-00438-1,CUST-00438,2026-01-28 00:00:00+00:00,2026-01-28 13:32:57.930754980+00:00,medium,billing,3.2
TICKET-CUST-00440-0,CUST-00440,2026-02-25 00:00:00+00:00,2026-02-26 21:49:56.171112796+00:00,low,billing,4.4
TICKET-CUST-00442-0,CUST-00442,2026-03-21 00:00:00+00:00,2026-03-22 16:36:16.924885294+00:00,medium,billing,3.8
TICKET-CUST-00442-1,CUST-00442,2026-02-19 00:00:00+00:00,2026-02-20 05:53:14.548900256+00:00,low,general,2.8
TICKET-CUST-00444-0,CUST-00444,2026-03-10 00:00:00+00:00,2026-03-11 19:04:16.756814535+00:00,medium,billing,4.3
TICKET-CUST-00446-0,CUST-00446,2026-03-12 00:00:00+00:00,2026-03-13 05:03:07.932463427+00:00,low,training,3.4
TICKET-CUST-00446-1,CUST-00446,2026-01-30 00:00:00+00:00,2026-01-31 17:06:44.935371373+00:00,medium,bug,2.4
TICKET-CUST-00447-0,CUST-00447,2026-01-22 00:00:00+00:00,2026-01-22 20:34:45.665529468+00:00,medium,billing,3.4
TICKET-CUST-00447-1,CUST-00447,2026-03-20 00:00:00+00:00,2026-03-21 05:08:54.240169534+00:00,low,training,4.6
TICKET-CUST-00447-2,CUST-00447,2026-02-09 00:00:00+00:00,2026-02-10 04:20:09.783780559+00:00,medium,bug,2.8
TICKET-CUST-00448-0,CUST-00448,2026-02-12 00:00:00+00:00,2026-02-12 04:42:59.710850088+00:00,low,training,3.6
TICKET-CUST-00449-0,CUST-00449,2026-04-11 00:00:00+00:00,2026-04-12 16:41:06.614003105+00:00,medium,billing,2.5
TICKET-CUST-00450-0,CUST-00450,2026-02-26 00:00:00+00:00,2026-02-27 14:25:15.103706056+00:00,low,bug,3.2
TICKET-CUST-00450-1,CUST-00450,2026-03-16 00:00:00+00:00,2026-03-17 09:50:59.932159044+00:00,low,bug,2.5
TICKET-CUST-00451-0,CUST-00451,2026-03-26 00:00:00+00:00,,medium,billing,3.8
TICKET-CUST-00451-1,CUST-00451,2026-03-25 00:00:00+00:00,2026-03-26 06:47:23.093306030+00:00,medium,training,4.5
TICKET-CUST-00453-0,CUST-00453,2026-03-30 00:00:00+00:00,2026-03-30 21:58:54.974699873+00:00,low,billing,2.7
TICKET-CUST-00453-1,CUST-00453,2026-03-27 00:00:00+00:00,2026-03-28 12:46:36.508775406+00:00,medium,bug,3.7
TICKET-CUST-00455-0,CUST-00455,2026-04-14 00:00:00+00:00,2026-04-15 08:06:35.631498896+00:00,medium,general,3.5
TICKET-CUST-00456-0,CUST-00456,2026-02-17 00:00:00+00:00,2026-02-19 18:23:22.841111583+00:00,high,billing,3.5
TICKET-CUST-00456-1,CUST-00456,2026-03-07 00:00:00+00:00,2026-03-09 06:00:47.630562538+00:00,medium,bug,2.3
TICKET-CUST-00456-2,CUST-00456,2026-02-21 00:00:00+00:00,,medium,bug,2.5
TICKET-CUST-00457-0,CUST-00457,2026-03-05 00:00:00+00:00,2026-03-05 21:40:03.552902745+00:00,medium,billing,2.8
TICKET-CUST-00458-0,CUST-00458,2026-03-03 00:00:00+00:00,2026-03-04 20:10:58.749340459+00:00,high,general,3.8
TICKET-CUST-00458-1,CUST-00458,2026-02-08 00:00:00+00:00,2026-02-10 01:23:32.931578920+00:00,low,training,3.3
TICKET-CUST-00458-2,CUST-00458,2026-02-02 00:00:00+00:00,2026-02-03 20:48:50.982432848+00:00,medium,bug,2.2
TICKET-CUST-00459-0,CUST-00459,2026-03-18 00:00:00+00:00,2026-03-19 14:34:19.204354805+00:00,high,bug,2.7
TICKET-CUST-00460-0,CUST-00460,2026-01-24 00:00:00+00:00,2026-01-25 00:51:02.538849411+00:00,medium,bug,3.8
TICKET-CUST-00463-0,CUST-00463,2026-01-31 00:00:00+00:00,2026-02-01 07:27:05.149103432+00:00,low,bug,3.2
TICKET-CUST-00464-0,CUST-00464,2026-03-20 00:00:00+00:00,2026-03-22 09:07:34.359389033+00:00,low,general,3.1
TICKET-CUST-00464-1,CUST-00464,2026-02-20 00:00:00+00:00,2026-02-22 04:34:47.528425051+00:00,medium,general,3.3
TICKET-CUST-00464-2,CUST-00464,2026-04-09 00:00:00+00:00,2026-04-11 01:03:46.783552514+00:00,high,general,3.2
TICKET-CUST-00465-0,CUST-00465,2026-02-02 00:00:00+00:00,2026-02-04 05:09:12.773663719+00:00,medium,general,2.3
TICKET-CUST-00465-1,CUST-00465,2026-04-03 00:00:00+00:00,2026-04-04 10:31:59.256807638+00:00,low,training,3.6
TICKET-CUST-00466-0,CUST-00466,2026-02-21 00:00:00+00:00,2026-02-22 08:08:36.236272257+00:00,high,billing,2.2
TICKET-CUST-00466-1,CUST-00466,2026-03-25 00:00:00+00:00,2026-03-26 17:17:38.246445172+00:00,low,billing,3.4
TICKET-CUST-00466-2,CUST-00466,2026-01-29 00:00:00+00:00,2026-01-30 13:06:03.207805122+00:00,low,billing,2.8
TICKET-CUST-00467-0,CUST-00467,2026-03-30 00:00:00+00:00,2026-03-31 03:22:00.876889213+00:00,low,bug,4.6
TICKET-CUST-00467-1,CUST-00467,2026-03-10 00:00:00+00:00,2026-03-10 18:58:43.743857797+00:00,low,billing,3.7
TICKET-CUST-00469-0,CUST-00469,2026-03-27 00:00:00+00:00,2026-03-27 21:27:34.181863907+00:00,low,billing,2.8
TICKET-CUST-00469-1,CUST-00469,2026-04-17 00:00:00+00:00,2026-04-18 10:46:06.063826778+00:00,low,training,3.2
TICKET-CUST-00472-0,CUST-00472,2026-03-30 00:00:00+00:00,2026-03-31 03:08:14.169877048+00:00,medium,general,2.4
TICKET-CUST-00474-0,CUST-00474,2026-02-12 00:00:00+00:00,2026-02-13 23:59:49.694530153+00:00,high,bug,3.8
TICKET-CUST-00474-1,CUST-00474,2026-04-10 00:00:00+00:00,2026-04-11 15:58:50.251861575+00:00,medium,bug,4.8
TICKET-CUST-00474-2,CUST-00474,2026-01-31 00:00:00+00:00,2026-02-02 04:51:19.896168550+00:00,low,bug,3.2
TICKET-CUST-00475-0,CUST-00475,2026-03-06 00:00:00+00:00,2026-03-08 01:48:21.764465499+00:00,high,training,3.1
TICKET-CUST-00476-0,CUST-00476,2026-02-27 00:00:00+00:00,2026-02-28 08:27:54.940109253+00:00,medium,bug,1.6
TICKET-CUST-00476-1,CUST-00476,2026-03-13 00:00:00+00:00,2026-03-14 18:43:25.126204166+00:00,low,training,2.6
TICKET-CUST-00477-0,CUST-00477,2026-02-28 00:00:00+00:00,2026-03-02 01:26:48.092427299+00:00,medium,billing,2.4
TICKET-CUST-00477-1,CUST-00477,2026-04-08 00:00:00+00:00,,low,bug,1.1
TICKET-CUST-00477-2,CUST-00477,2026-03-02 00:00:00+00:00,2026-03-04 11:55:38.256341380+00:00,low,bug,3.3
TICKET-CUST-00477-3,CUST-00477,2026-02-07 00:00:00+00:00,,low,billing,1.0
TICKET-CUST-00477-4,CUST-00477,2026-04-16 00:00:00+00:00,2026-04-18 03:59:39.950505826+00:00,medium,training,1.4
TICKET-CUST-00478-0,CUST-00478,2026-04-16 00:00:00+00:00,2026-04-17 05:45:50.713574088+00:00,high,general,3.0
TICKET-CUST-00479-0,CUST-00479,2026-04-07 00:00:00+00:00,2026-04-07 18:43:08.190741653+00:00,low,general,2.5
TICKET-CUST-00480-0,CUST-00480,2026-03-27 00:00:00+00:00,2026-03-28 11:52:24.289124780+00:00,low,bug,4.6
TICKET-CUST-00480-1,CUST-00480,2026-04-04 00:00:00+00:00,,high,bug,3.7
TICKET-CUST-00480-2,CUST-00480,2026-03-19 00:00:00+00:00,2026-03-20 13:59:48.618806345+00:00,medium,general,2.4
TICKET-CUST-00481-0,CUST-00481,2026-03-31 00:00:00+00:00,2026-04-02 04:57:35.351492172+00:00,medium,training,3.2
TICKET-CUST-00483-0,CUST-00483,2026-03-20 00:00:00+00:00,2026-03-21 13:13:41.472372040+00:00,medium,billing,4.0
TICKET-CUST-00486-0,CUST-00486,2026-04-15 00:00:00+00:00,2026-04-16 00:56:08.049647027+00:00,low,general,4.4
TICKET-CUST-00487-0,CUST-00487,2026-02-26 00:00:00+00:00,2026-02-28 03:42:48.900823243+00:00,low,bug,1.3
TICKET-CUST-00487-1,CUST-00487,2026-02-01 00:00:00+00:00,2026-02-03 14:53:59.051477112+00:00,medium,general,2.2
TICKET-CUST-00487-2,CUST-00487,2026-03-21 00:00:00+00:00,2026-03-22 09:15:24.766880378+00:00,low,training,2.8
TICKET-CUST-00488-0,CUST-00488,2026-04-03 00:00:00+00:00,2026-04-04 23:02:14.877506416+00:00,low,training,2.5
TICKET-CUST-00488-1,CUST-00488,2026-02-19 00:00:00+00:00,,low,training,2.7
TICKET-CUST-00490-0,CUST-00490,2026-03-02 00:00:00+00:00,2026-03-02 22:43:30.627702949+00:00,low,training,2.7
TICKET-CUST-00490-1,CUST-00490,2026-03-31 00:00:00+00:00,2026-04-01 13:25:10.765238603+00:00,medium,billing,3.6
TICKET-CUST-00490-2,CUST-00490,2026-01-28 00:00:00+00:00,2026-01-29 16:06:33.998847999+00:00,medium,bug,4.1
TICKET-CUST-00491-0,CUST-00491,2026-03-03 00:00:00+00:00,2026-03-03 14:25:41.195968360+00:00,low,training,2.5
TICKET-CUST-00492-0,CUST-00492,2026-03-28 00:00:00+00:00,2026-03-29 17:56:58.843547209+00:00,low,billing,2.7
TICKET-CUST-00492-1,CUST-00492,2026-04-20 00:00:00+00:00,2026-04-21 01:56:34.070255772+00:00,low,training,5.0
TICKET-CUST-00493-0,CUST-00493,2026-03-29 00:00:00+00:00,2026-03-29 16:19:48.367102726+00:00,low,training,4.0
TICKET-CUST-00495-0,CUST-00495,2026-04-18 00:00:00+00:00,2026-04-19 14:44:07.426533008+00:00,low,general,3.6
TICKET-CUST-00495-1,CUST-00495,2026-01-23 00:00:00+00:00,2026-01-25 00:44:47.423458574+00:00,low,training,1.7
TICKET-CUST-00496-0,CUST-00496,2026-02-05 00:00:00+00:00,2026-02-06 10:52:38.077491172+00:00,medium,billing,3.8
TICKET-CUST-00496-1,CUST-00496,2026-01-23 00:00:00+00:00,2026-01-24 06:29:05.802669302+00:00,low,bug,5.0
TICKET-CUST-00497-0,CUST-00497,2026-01-25 00:00:00+00:00,2026-01-26 22:31:58.204300210+00:00,medium,general,2.6
TICKET-CUST-00498-0,CUST-00498,2026-03-17 00:00:00+00:00,2026-03-19 04:19:38.102740932+00:00,medium,billing,2.7
TICKET-CUST-00498-1,CUST-00498,2026-04-09 00:00:00+00:00,2026-04-10 21:11:19.533288135+00:00,low,billing,2.4
TICKET-CUST-00498-2,CUST-00498,2026-02-26 00:00:00+00:00,,high,bug,1.7
TICKET-CUST-00498-3,CUST-00498,2026-01-30 00:00:00+00:00,2026-02-01 20:06:29.459022638+00:00,medium,billing,3.0
TICKET-CUST-00499-0,CUST-00499,2026-03-03 00:00:00+00:00,2026-03-04 09:05:11.247998735+00:00,medium,training,4.2
TICKET-CUST-00499-1,CUST-00499,2026-02-02 00:00:00+00:00,2026-02-03 15:28:34.122796159+00:00,low,billing,2.0
TICKET-CUST-00499-2,CUST-00499,2026-02-01 00:00:00+00:00,2026-02-03 11:29:43.663494192+00:00,medium,bug,2.7
TICKET-CUST-00499-3,CUST-00499,2026-04-15 00:00:00+00:00,,low,bug,2.7
TICKET-CUST-00499-4,CUST-00499,2026-01-22 00:00:00+00:00,2026-01-23 17:51:07.407358078+00:00,low,billing,2.5
TICKET-CUST-00499-5,CUST-00499,2026-01-26 00:00:00+00:00,2026-01-27 17:34:57.719018042+00:00,high,general,2.9
TICKET-CUST-00499-6,CUST-00499,2026-03-07 00:00:00+00:00,,low,billing,3.4
TICKET-CUST-00500-0,CUST-00500,2026-01-28 00:00:00+00:00,,medium,training,3.5
TICKET-CUST-00500-1,CUST-00500,2026-02-02 00:00:00+00:00,2026-02-03 11:01:22.524215939+00:00,medium,training,4.6
TICKET-CUST-00500-2,CUST-00500,2026-01-23 00:00:00+00:00,2026-01-24 01:18:41.704169756+00:00,medium,general,3.5
TICKET-CUST-00501-0,CUST-00501,2026-02-07 00:00:00+00:00,2026-02-08 20:07:37.352798220+00:00,low,general,4.5
TICKET-CUST-00503-0,CUST-00503,2026-03-23 00:00:00+00:00,2026-03-25 09:18:51.955759466+00:00,low,training,1.8
TICKET-CUST-00503-1,CUST-00503,2026-01-24 00:00:00+00:00,2026-01-26 17:29:25.109575338+00:00,low,general,2.9
TICKET-CUST-00503-2,CUST-00503,2026-01-25 00:00:00+00:00,,medium,training,1.0
TICKET-CUST-00505-0,CUST-00505,2026-03-04 00:00:00+00:00,2026-03-06 01:14:52.960222999+00:00,high,general,1.5
TICKET-CUST-00505-1,CUST-00505,2026-04-17 00:00:00+00:00,2026-04-19 04:35:42.272056283+00:00,medium,bug,2.6
TICKET-CUST-00506-0,CUST-00506,2026-02-04 00:00:00+00:00,2026-02-06 17:04:36.374807776+00:00,low,training,4.5
TICKET-CUST-00506-1,CUST-00506,2026-03-09 00:00:00+00:00,2026-03-10 10:19:02.086232813+00:00,low,general,3.8
TICKET-CUST-00507-0,CUST-00507,2026-04-08 00:00:00+00:00,2026-04-08 21:47:12.998122586+00:00,low,training,3.0
TICKET-CUST-00507-1,CUST-00507,2026-04-15 00:00:00+00:00,2026-04-16 04:15:51.866405184+00:00,low,bug,4.3
TICKET-CUST-00507-2,CUST-00507,2026-03-01 00:00:00+00:00,2026-03-02 06:56:11.363419837+00:00,low,training,5.0
TICKET-CUST-00507-3,CUST-00507,2026-03-13 00:00:00+00:00,2026-03-14 04:48:51.996941337+00:00,medium,billing,3.1
TICKET-CUST-00508-0,CUST-00508,2026-03-18 00:00:00+00:00,2026-03-19 06:58:37.301386249+00:00,medium,bug,2.8
TICKET-CUST-00508-1,CUST-00508,2026-02-23 00:00:00+00:00,2026-02-24 11:18:42.033445675+00:00,medium,billing,3.6
TICKET-CUST-00508-2,CUST-00508,2026-02-17 00:00:00+00:00,2026-02-18 17:21:08.324765273+00:00,medium,billing,4.6
TICKET-CUST-00508-3,CUST-00508,2026-03-06 00:00:00+00:00,,low,bug,5.0
TICKET-CUST-00508-4,CUST-00508,2026-03-26 00:00:00+00:00,2026-03-27 19:21:37.309903964+00:00,low,bug,2.9
TICKET-CUST-00509-0,CUST-00509,2026-02-07 00:00:00+00:00,2026-02-08 01:57:00.775709210+00:00,low,training,3.7
TICKET-CUST-00509-1,CUST-00509,2026-03-08 00:00:00+00:00,2026-03-09 19:23:53.677991407+00:00,medium,training,3.5
TICKET-CUST-00510-0,CUST-00510,2026-02-10 00:00:00+00:00,2026-02-11 20:55:18.425349914+00:00,low,general,3.4
TICKET-CUST-00511-0,CUST-00511,2026-04-12 00:00:00+00:00,2026-04-13 12:24:17.235739372+00:00,medium,billing,3.1
TICKET-CUST-00514-0,CUST-00514,2026-03-27 00:00:00+00:00,2026-03-28 18:12:00.548162103+00:00,high,billing,3.1
TICKET-CUST-00514-1,CUST-00514,2026-02-10 00:00:00+00:00,2026-02-11 22:13:29.888921991+00:00,low,bug,3.6
TICKET-CUST-00514-2,CUST-00514,2026-03-18 00:00:00+00:00,2026-03-20 01:24:54.582847730+00:00,medium,training,2.0
TICKET-CUST-00517-0,CUST-00517,2026-03-02 00:00:00+00:00,2026-03-02 22:26:12.637577497+00:00,high,billing,3.7
TICKET-CUST-00517-1,CUST-00517,2026-04-09 00:00:00+00:00,2026-04-10 07:10:22.337015193+00:00,medium,billing,2.6
TICKET-CUST-00520-0,CUST-00520,2026-02-22 00:00:00+00:00,2026-02-23 00:33:37.029003058+00:00,low,general,3.6
TICKET-CUST-00521-0,CUST-00521,2026-04-07 00:00:00+00:00,,low,general,4.2
TICKET-CUST-00522-0,CUST-00522,2026-04-16 00:00:00+00:00,2026-04-17 18:29:28.693135701+00:00,low,general,3.5
TICKET-CUST-00522-1,CUST-00522,2026-04-06 00:00:00+00:00,2026-04-06 20:59:03.201339928+00:00,low,training,3.3
TICKET-CUST-00524-0,CUST-00524,2026-04-05 00:00:00+00:00,2026-04-06 14:28:07.062585150+00:00,high,general,1.4
TICKET-CUST-00524-1,CUST-00524,2026-04-02 00:00:00+00:00,2026-04-03 17:02:21.956799858+00:00,high,general,3.0
TICKET-CUST-00524-2,CUST-00524,2026-02-24 00:00:00+00:00,2026-02-26 00:35:18.646534834+00:00,low,training,2.4
TICKET-CUST-00525-0,CUST-00525,2026-03-24 00:00:00+00:00,2026-03-25 04:05:46.750649331+00:00,low,billing,3.3
TICKET-CUST-00528-0,CUST-00528,2026-04-07 00:00:00+00:00,2026-04-08 13:09:30.898422620+00:00,low,training,3.5
TICKET-CUST-00528-1,CUST-00528,2026-04-02 00:00:00+00:00,2026-04-03 12:09:53.744827285+00:00,low,bug,3.2
TICKET-CUST-00528-2,CUST-00528,2026-01-27 00:00:00+00:00,2026-01-29 08:23:52.485320687+00:00,low,training,3.0
TICKET-CUST-00528-3,CUST-00528,2026-02-18 00:00:00+00:00,2026-02-20 02:14:12.578289624+00:00,low,training,3.0
TICKET-CUST-00529-0,CUST-00529,2026-04-02 00:00:00+00:00,2026-04-03 19:49:45.322324695+00:00,medium,bug,2.9
TICKET-CUST-00529-1,CUST-00529,2026-02-17 00:00:00+00:00,,low,general,2.6
TICKET-CUST-00530-0,CUST-00530,2026-03-26 00:00:00+00:00,2026-03-26 10:29:14.784070883+00:00,medium,general,4.7
TICKET-CUST-00530-1,CUST-00530,2026-03-29 00:00:00+00:00,2026-03-30 03:10:10.613878243+00:00,low,billing,2.4
TICKET-CUST-00531-0,CUST-00531,2026-02-17 00:00:00+00:00,2026-02-18 11:36:58.754538845+00:00,high,billing,2.7
TICKET-CUST-00531-1,CUST-00531,2026-04-01 00:00:00+00:00,2026-04-02 07:04:49.863669195+00:00,low,bug,2.3
TICKET-CUST-00532-0,CUST-00532,2026-03-09 00:00:00+00:00,2026-03-10 01:33:57.798113131+00:00,medium,bug,2.5
TICKET-CUST-00534-0,CUST-00534,2026-04-05 00:00:00+00:00,2026-04-07 07:52:31.886107610+00:00,low,general,3.1
TICKET-CUST-00534-1,CUST-00534,2026-02-08 00:00:00+00:00,2026-02-09 10:25:54.450713604+00:00,low,general,3.7
TICKET-CUST-00535-0,CUST-00535,2026-01-30 00:00:00+00:00,2026-01-30 19:44:10.685041629+00:00,medium,training,4.0
TICKET-CUST-00536-0,CUST-00536,2026-02-08 00:00:00+00:00,2026-02-09 17:18:21.857194713+00:00,low,billing,4.4
TICKET-CUST-00536-1,CUST-00536,2026-02-04 00:00:00+00:00,2026-02-05 06:41:03.631494273+00:00,medium,billing,3.7
TICKET-CUST-00536-2,CUST-00536,2026-04-12 00:00:00+00:00,2026-04-14 03:15:24.669347273+00:00,low,billing,2.9
TICKET-CUST-00538-0,CUST-00538,2026-03-05 00:00:00+00:00,2026-03-07 00:25:42.666609523+00:00,low,training,4.5
TICKET-CUST-00538-1,CUST-00538,2026-03-05 00:00:00+00:00,2026-03-06 11:28:05.620902497+00:00,high,general,2.8
TICKET-CUST-00538-2,CUST-00538,2026-01-26 00:00:00+00:00,2026-01-27 22:21:15.435067974+00:00,medium,billing,3.6
TICKET-CUST-00539-0,CUST-00539,2026-04-19 00:00:00+00:00,2026-04-19 23:33:23.942211505+00:00,medium,training,3.2
TICKET-CUST-00541-0,CUST-00541,2026-01-27 00:00:00+00:00,2026-01-27 18:12:58.625502704+00:00,high,training,2.8
TICKET-CUST-00541-1,CUST-00541,2026-02-15 00:00:00+00:00,2026-02-16 04:11:09.025067258+00:00,high,general,4.4
TICKET-CUST-00542-0,CUST-00542,2026-02-12 00:00:00+00:00,2026-02-13 01:42:55.697605281+00:00,low,training,3.2
TICKET-CUST-00545-0,CUST-00545,2026-02-12 00:00:00+00:00,2026-02-14 12:56:57.736679616+00:00,medium,training,2.7
TICKET-CUST-00545-1,CUST-00545,2026-03-27 00:00:00+00:00,2026-03-28 19:25:49.795823294+00:00,medium,billing,2.0
TICKET-CUST-00545-2,CUST-00545,2026-03-03 00:00:00+00:00,2026-03-04 17:15:08.773060999+00:00,medium,bug,2.4
TICKET-CUST-00545-3,CUST-00545,2026-03-04 00:00:00+00:00,2026-03-06 12:34:29.909700865+00:00,high,bug,3.0
TICKET-CUST-00546-0,CUST-00546,2026-02-10 00:00:00+00:00,2026-02-12 04:18:50.001089873+00:00,low,billing,3.3
TICKET-CUST-00546-1,CUST-00546,2026-01-30 00:00:00+00:00,2026-02-01 04:36:59.912910577+00:00,medium,bug,2.3
TICKET-CUST-00546-2,CUST-00546,2026-02-12 00:00:00+00:00,2026-02-13 18:41:14.951068282+00:00,medium,bug,1.5
TICKET-CUST-00546-3,CUST-00546,2026-03-04 00:00:00+00:00,2026-03-06 06:31:37.737356490+00:00,medium,training,3.1
TICKET-CUST-00547-0,CUST-00547,2026-01-22 00:00:00+00:00,2026-01-22 17:38:45.193076402+00:00,medium,billing,3.4
TICKET-CUST-00548-0,CUST-00548,2026-03-26 00:00:00+00:00,2026-03-28 04:48:00.314765968+00:00,medium,billing,3.0
TICKET-CUST-00548-1,CUST-00548,2026-04-18 00:00:00+00:00,2026-04-19 18:03:36.718139184+00:00,medium,bug,3.3
TICKET-CUST-00548-2,CUST-00548,2026-04-01 00:00:00+00:00,2026-04-02 21:27:51.987161361+00:00,medium,bug,1.5
TICKET-CUST-00549-0,CUST-00549,2026-01-27 00:00:00+00:00,2026-01-28 02:50:30.126914641+00:00,medium,bug,2.6
TICKET-CUST-00550-0,CUST-00550,2026-02-28 00:00:00+00:00,,medium,billing,2.2
TICKET-CUST-00550-1,CUST-00550,2026-02-22 00:00:00+00:00,2026-02-23 22:51:53.616605769+00:00,high,billing,2.8
TICKET-CUST-00550-2,CUST-00550,2026-03-29 00:00:00+00:00,2026-03-31 07:21:29.353497715+00:00,low,training,3.7
TICKET-CUST-00550-3,CUST-00550,2026-01-31 00:00:00+00:00,2026-02-02 05:00:05.743763453+00:00,medium,training,2.7
TICKET-CUST-00551-0,CUST-00551,2026-01-25 00:00:00+00:00,2026-01-25 10:07:51.652174729+00:00,high,bug,3.1
TICKET-CUST-00551-1,CUST-00551,2026-04-15 00:00:00+00:00,2026-04-16 09:58:03.956814973+00:00,low,training,2.8
TICKET-CUST-00551-2,CUST-00551,2026-02-05 00:00:00+00:00,2026-02-05 22:59:01.597537046+00:00,low,billing,2.4
TICKET-CUST-00552-0,CUST-00552,2026-02-06 00:00:00+00:00,2026-02-07 12:41:58.144536839+00:00,low,bug,3.5
TICKET-CUST-00552-1,CUST-00552,2026-02-11 00:00:00+00:00,2026-02-12 16:04:45.648059189+00:00,low,training,3.8
TICKET-CUST-00553-0,CUST-00553,2026-03-08 00:00:00+00:00,2026-03-10 02:44:46.839740419+00:00,low,general,4.9
TICKET-CUST-00553-1,CUST-00553,2026-03-14 00:00:00+00:00,2026-03-15 15:33:30.163384942+00:00,low,general,3.6
TICKET-CUST-00555-0,CUST-00555,2026-03-15 00:00:00+00:00,2026-03-16 03:31:04.392530648+00:00,low,general,2.9
TICKET-CUST-00558-0,CUST-00558,2026-03-31 00:00:00+00:00,2026-04-01 06:36:59.748818152+00:00,medium,general,1.7
TICKET-CUST-00559-0,CUST-00559,2026-03-23 00:00:00+00:00,2026-03-23 17:45:55.548493964+00:00,high,general,2.9
TICKET-CUST-00561-0,CUST-00561,2026-01-28 00:00:00+00:00,2026-01-29 00:34:56.684073309+00:00,low,training,3.5
TICKET-CUST-00562-0,CUST-00562,2026-02-18 00:00:00+00:00,2026-02-19 17:51:17.141414028+00:00,high,bug,2.9
TICKET-CUST-00563-0,CUST-00563,2026-02-20 00:00:00+00:00,2026-02-21 16:01:57.595312399+00:00,medium,training,3.9
TICKET-CUST-00565-0,CUST-00565,2026-04-18 00:00:00+00:00,2026-04-19 12:31:30.922109034+00:00,low,bug,2.5
TICKET-CUST-00565-1,CUST-00565,2026-04-13 00:00:00+00:00,2026-04-14 03:33:49.519872921+00:00,high,bug,1.7
TICKET-CUST-00566-0,CUST-00566,2026-02-11 00:00:00+00:00,2026-02-12 08:13:56.158637362+00:00,low,bug,2.9
TICKET-CUST-00567-0,CUST-00567,2026-02-21 00:00:00+00:00,,low,billing,3.0
TICKET-CUST-00567-1,CUST-00567,2026-02-26 00:00:00+00:00,2026-02-27 02:27:24.153057032+00:00,low,training,2.9
TICKET-CUST-00568-0,CUST-00568,2026-03-17 00:00:00+00:00,2026-03-19 10:47:57.746290457+00:00,medium,billing,1.8
TICKET-CUST-00568-1,CUST-00568,2026-02-13 00:00:00+00:00,2026-02-15 14:30:43.646998694+00:00,high,general,2.4
TICKET-CUST-00570-0,CUST-00570,2026-02-07 00:00:00+00:00,2026-02-07 20:05:59.555806873+00:00,medium,training,4.7
TICKET-CUST-00576-0,CUST-00576,2026-03-14 00:00:00+00:00,,medium,billing,4.2
TICKET-CUST-00576-1,CUST-00576,2026-04-10 00:00:00+00:00,2026-04-11 01:30:54.959317511+00:00,low,bug,3.1
TICKET-CUST-00576-2,CUST-00576,2026-02-27 00:00:00+00:00,2026-02-27 15:09:10.273297689+00:00,low,bug,3.0
TICKET-CUST-00577-0,CUST-00577,2026-04-08 00:00:00+00:00,2026-04-09 09:26:39.898085181+00:00,medium,general,2.7
TICKET-CUST-00577-1,CUST-00577,2026-02-11 00:00:00+00:00,2026-02-12 08:09:18.545861413+00:00,low,training,3.3
TICKET-CUST-00578-0,CUST-00578,2026-03-16 00:00:00+00:00,2026-03-18 05:03:10.990304419+00:00,low,training,3.0
TICKET-CUST-00580-0,CUST-00580,2026-02-01 00:00:00+00:00,2026-02-02 01:39:46.292784321+00:00,medium,general,2.0
TICKET-CUST-00581-0,CUST-00581,2026-03-22 00:00:00+00:00,2026-03-23 14:17:54.685861134+00:00,medium,general,1.8
TICKET-CUST-00582-0,CUST-00582,2026-01-31 00:00:00+00:00,2026-02-01 15:30:13.365805842+00:00,medium,training,4.0
TICKET-CUST-00582-1,CUST-00582,2026-03-01 00:00:00+00:00,2026-03-02 03:05:55.604908610+00:00,medium,training,4.8
TICKET-CUST-00583-0,CUST-00583,2026-04-07 00:00:00+00:00,2026-04-09 15:56:02.617590548+00:00,medium,training,1.5
TICKET-CUST-00585-0,CUST-00585,2026-03-09 00:00:00+00:00,2026-03-09 19:36:15.225167658+00:00,high,general,4.3
TICKET-CUST-00586-0,CUST-00586,2026-03-08 00:00:00+00:00,2026-03-09 03:21:19.283430712+00:00,low,general,2.5
TICKET-CUST-00587-0,CUST-00587,2026-01-24 00:00:00+00:00,2026-01-26 08:47:54.106589018+00:00,medium,bug,3.5
TICKET-CUST-00587-1,CUST-00587,2026-02-07 00:00:00+00:00,2026-02-08 14:15:43.582257065+00:00,low,bug,2.7
TICKET-CUST-00587-2,CUST-00587,2026-02-03 00:00:00+00:00,2026-02-05 05:45:11.854033621+00:00,low,general,1.9
TICKET-CUST-00590-0,CUST-00590,2026-02-16 00:00:00+00:00,2026-02-17 03:44:34.966382518+00:00,low,general,2.5
TICKET-CUST-00592-0,CUST-00592,2026-03-20 00:00:00+00:00,2026-03-22 00:13:36.525365406+00:00,high,training,3.9
TICKET-CUST-00592-1,CUST-00592,2026-03-10 00:00:00+00:00,2026-03-10 22:58:31.308249395+00:00,low,billing,3.6
TICKET-CUST-00592-2,CUST-00592,2026-03-02 00:00:00+00:00,2026-03-03 18:06:49.780034543+00:00,medium,training,2.7
TICKET-CUST-00592-3,CUST-00592,2026-03-21 00:00:00+00:00,2026-03-22 07:15:37.881840026+00:00,low,training,3.3
TICKET-CUST-00593-0,CUST-00593,2026-03-04 00:00:00+00:00,2026-03-05 16:05:35.443807748+00:00,medium,general,3.5
TICKET-CUST-00597-0,CUST-00597,2026-01-29 00:00:00+00:00,2026-01-30 02:06:04.258654508+00:00,medium,training,4.2
TICKET-CUST-00597-1,CUST-00597,2026-03-25 00:00:00+00:00,2026-03-26 14:34:36.452032680+00:00,medium,bug,3.0
TICKET-CUST-00598-0,CUST-00598,2026-03-19 00:00:00+00:00,2026-03-20 01:14:44.596893393+00:00,medium,bug,4.6
TICKET-CUST-00598-1,CUST-00598,2026-04-01 00:00:00+00:00,2026-04-03 03:08:16.374815459+00:00,medium,bug,3.0
TICKET-CUST-00600-0,CUST-00600,2026-03-23 00:00:00+00:00,2026-03-24 06:39:12.026948678+00:00,low,general,2.4
TICKET-CUST-00600-1,CUST-00600,2026-02-18 00:00:00+00:00,2026-02-19 04:29:15.624711737+00:00,low,billing,3.5
TICKET-CUST-00600-2,CUST-00600,2026-03-09 00:00:00+00:00,2026-03-10 09:44:09.577792929+00:00,medium,general,3.2
TICKET-CUST-00600-3,CUST-00600,2026-04-04 00:00:00+00:00,2026-04-05 07:19:05.075699507+00:00,high,billing,3.4
TICKET-CUST-00601-0,CUST-00601,2026-01-30 00:00:00+00:00,2026-02-01 03:49:28.298444744+00:00,low,training,2.3
TICKET-CUST-00601-1,CUST-00601,2026-04-18 00:00:00+00:00,,low,general,2.4
TICKET-CUST-00601-2,CUST-00601,2026-02-08 00:00:00+00:00,,low,bug,3.9
TICKET-CUST-00602-0,CUST-00602,2026-02-28 00:00:00+00:00,,medium,general,3.6
TICKET-CUST-00602-1,CUST-00602,2026-02-03 00:00:00+00:00,2026-02-05 03:35:39.291795585+00:00,low,general,2.6
TICKET-CUST-00602-2,CUST-00602,2026-04-13 00:00:00+00:00,2026-04-15 08:08:27.509950752+00:00,medium,general,3.0
TICKET-CUST-00603-0,CUST-00603,2026-03-02 00:00:00+00:00,2026-03-03 16:38:12.974007284+00:00,medium,training,4.9
TICKET-CUST-00603-1,CUST-00603,2026-03-27 00:00:00+00:00,2026-03-28 00:26:40.052830925+00:00,low,training,2.9
TICKET-CUST-00607-0,CUST-00607,2026-03-07 00:00:00+00:00,2026-03-09 02:33:32.128619289+00:00,medium,billing,2.7
TICKET-CUST-00607-1,CUST-00607,2026-04-05 00:00:00+00:00,,high,general,2.1
TICKET-CUST-00607-2,CUST-00607,2026-03-06 00:00:00+00:00,,low,general,3.3
TICKET-CUST-00607-3,CUST-00607,2026-04-02 00:00:00+00:00,2026-04-03 20:18:19.983062540+00:00,medium,training,3.0
TICKET-CUST-00609-0,CUST-00609,2026-02-19 00:00:00+00:00,,medium,billing,2.6
TICKET-CUST-00609-1,CUST-00609,2026-04-04 00:00:00+00:00,2026-04-05 21:58:49.470332895+00:00,medium,billing,2.8
TICKET-CUST-00610-0,CUST-00610,2026-03-11 00:00:00+00:00,2026-03-12 11:45:30.820133219+00:00,low,general,2.1
TICKET-CUST-00612-0,CUST-00612,2026-04-13 00:00:00+00:00,2026-04-14 22:21:36.391510559+00:00,high,general,4.0
TICKET-CUST-00613-0,CUST-00613,2026-03-02 00:00:00+00:00,,medium,billing,2.6
TICKET-CUST-00613-1,CUST-00613,2026-03-27 00:00:00+00:00,,low,billing,2.0
TICKET-CUST-00613-2,CUST-00613,2026-01-25 00:00:00+00:00,,low,general,2.2
TICKET-CUST-00614-0,CUST-00614,2026-03-08 00:00:00+00:00,2026-03-09 18:11:34.910874364+00:00,high,bug,3.7
TICKET-CUST-00615-0,CUST-00615,2026-03-13 00:00:00+00:00,2026-03-13 15:50:06.391658436+00:00,medium,bug,3.2
TICKET-CUST-00617-0,CUST-00617,2026-04-05 00:00:00+00:00,2026-04-06 00:29:16.548502823+00:00,high,billing,3.8
TICKET-CUST-00619-0,CUST-00619,2026-03-23 00:00:00+00:00,2026-03-23 17:19:51.660035538+00:00,low,billing,4.8
TICKET-CUST-00619-1,CUST-00619,2026-01-31 00:00:00+00:00,2026-01-31 22:02:13.803933201+00:00,low,bug,4.0
TICKET-CUST-00620-0,CUST-00620,2026-02-15 00:00:00+00:00,2026-02-17 03:45:05.008289586+00:00,low,billing,3.2
TICKET-CUST-00621-0,CUST-00621,2026-04-03 00:00:00+00:00,2026-04-04 23:21:19.990107638+00:00,low,bug,3.7
TICKET-CUST-00628-0,CUST-00628,2026-03-09 00:00:00+00:00,2026-03-10 05:37:44.119212367+00:00,medium,billing,2.6
TICKET-CUST-00629-0,CUST-00629,2026-03-27 00:00:00+00:00,2026-03-28 11:39:51.271285808+00:00,medium,general,4.3
TICKET-CUST-00631-0,CUST-00631,2026-02-23 00:00:00+00:00,2026-02-24 13:45:33.276935547+00:00,high,bug,2.6
TICKET-CUST-00632-0,CUST-00632,2026-03-31 00:00:00+00:00,2026-03-31 22:06:00.270082760+00:00,low,training,2.9
TICKET-CUST-00634-0,CUST-00634,2026-03-04 00:00:00+00:00,2026-03-05 13:12:57.016721218+00:00,low,bug,3.5
TICKET-CUST-00635-0,CUST-00635,2026-04-02 00:00:00+00:00,2026-04-02 12:48:10.867926046+00:00,low,bug,2.5
TICKET-CUST-00637-0,CUST-00637,2026-04-06 00:00:00+00:00,2026-04-07 15:39:46.565264401+00:00,high,general,2.9
TICKET-CUST-00638-0,CUST-00638,2026-03-07 00:00:00+00:00,2026-03-08 02:54:10.355299584+00:00,low,billing,4.7
TICKET-CUST-00638-1,CUST-00638,2026-01-30 00:00:00+00:00,2026-01-31 01:11:58.558499611+00:00,medium,billing,4.3
TICKET-CUST-00639-0,CUST-00639,2026-03-19 00:00:00+00:00,2026-03-20 06:53:04.854463724+00:00,low,billing,3.4
TICKET-CUST-00639-1,CUST-00639,2026-04-07 00:00:00+00:00,2026-04-08 01:38:14.300556486+00:00,medium,billing,4.0
TICKET-CUST-00639-2,CUST-00639,2026-02-03 00:00:00+00:00,2026-02-03 15:28:27.800821486+00:00,high,bug,2.6
TICKET-CUST-00640-0,CUST-00640,2026-04-04 00:00:00+00:00,2026-04-05 13:22:25.971852755+00:00,low,billing,3.5
TICKET-CUST-00641-0,CUST-00641,2026-02-14 00:00:00+00:00,2026-02-15 18:54:03.035834965+00:00,low,billing,1.7
TICKET-CUST-00641-1,CUST-00641,2026-01-24 00:00:00+00:00,2026-01-26 04:20:45.864951515+00:00,low,billing,3.6
TICKET-CUST-00641-2,CUST-00641,2026-03-09 00:00:00+00:00,,low,training,2.5
TICKET-CUST-00643-0,CUST-00643,2026-04-06 00:00:00+00:00,2026-04-08 00:21:15.599314792+00:00,high,training,3.4
TICKET-CUST-00643-1,CUST-00643,2026-03-12 00:00:00+00:00,,medium,general,3.4
TICKET-CUST-00643-2,CUST-00643,2026-04-19 00:00:00+00:00,2026-04-20 15:08:22.935962165+00:00,low,training,3.6
TICKET-CUST-00644-0,CUST-00644,2026-04-06 00:00:00+00:00,2026-04-07 15:59:04.247023113+00:00,medium,bug,2.6
TICKET-CUST-00646-0,CUST-00646,2026-02-28 00:00:00+00:00,2026-02-28 19:26:49.382928950+00:00,high,billing,4.0
TICKET-CUST-00647-0,CUST-00647,2026-02-02 00:00:00+00:00,,low,general,1.9
TICKET-CUST-00648-0,CUST-00648,2026-03-27 00:00:00+00:00,2026-03-29 05:04:39.779659849+00:00,high,billing,4.3
TICKET-CUST-00648-1,CUST-00648,2026-04-01 00:00:00+00:00,2026-04-03 01:46:29.494656168+00:00,medium,billing,1.6
TICKET-CUST-00649-0,CUST-00649,2026-02-19 00:00:00+00:00,2026-02-20 13:46:46.189512637+00:00,low,general,4.3
TICKET-CUST-00649-1,CUST-00649,2026-02-13 00:00:00+00:00,2026-02-13 19:04:40.841677364+00:00,medium,bug,3.4
TICKET-CUST-00649-2,CUST-00649,2026-04-18 00:00:00+00:00,2026-04-19 14:37:21.885015606+00:00,high,training,3.9
TICKET-CUST-00650-0,CUST-00650,2026-01-24 00:00:00+00:00,2026-01-25 19:41:24.640750681+00:00,low,bug,3.7
TICKET-CUST-00650-1,CUST-00650,2026-02-10 00:00:00+00:00,2026-02-11 10:02:16.911806153+00:00,low,general,3.2
TICKET-CUST-00650-2,CUST-00650,2026-02-10 00:00:00+00:00,2026-02-11 15:08:53.129167657+00:00,medium,training,4.3
TICKET-CUST-00650-3,CUST-00650,2026-02-06 00:00:00+00:00,2026-02-07 18:51:29.637824649+00:00,medium,general,3.9
TICKET-CUST-00650-4,CUST-00650,2026-02-09 00:00:00+00:00,2026-02-10 21:09:45.908347563+00:00,low,billing,4.8
TICKET-CUST-00650-5,CUST-00650,2026-02-07 00:00:00+00:00,,medium,bug,2.4
TICKET-CUST-00651-0,CUST-00651,2026-01-25 00:00:00+00:00,2026-01-26 11:56:02.096310179+00:00,low,general,2.7
TICKET-CUST-00653-0,CUST-00653,2026-02-04 00:00:00+00:00,2026-02-05 04:18:38.111874100+00:00,low,general,3.6
TICKET-CUST-00653-1,CUST-00653,2026-04-10 00:00:00+00:00,2026-04-10 12:43:18.722595093+00:00,medium,billing,3.2
TICKET-CUST-00654-0,CUST-00654,2026-03-15 00:00:00+00:00,2026-03-17 00:22:02.952539688+00:00,medium,billing,2.3
TICKET-CUST-00654-1,CUST-00654,2026-04-11 00:00:00+00:00,,medium,general,4.1
TICKET-CUST-00655-0,CUST-00655,2026-02-19 00:00:00+00:00,2026-02-21 01:25:11.939963609+00:00,medium,bug,2.9
TICKET-CUST-00655-1,CUST-00655,2026-03-06 00:00:00+00:00,2026-03-08 08:04:02.060602838+00:00,medium,general,2.4
TICKET-CUST-00656-0,CUST-00656,2026-04-20 00:00:00+00:00,2026-04-21 23:11:16.762639603+00:00,low,general,1.3
TICKET-CUST-00657-0,CUST-00657,2026-04-01 00:00:00+00:00,2026-04-02 13:39:41.218699043+00:00,medium,bug,3.6
TICKET-CUST-00661-0,CUST-00661,2026-02-08 00:00:00+00:00,2026-02-08 13:49:30.197610802+00:00,medium,training,4.6
TICKET-CUST-00661-1,CUST-00661,2026-02-24 00:00:00+00:00,2026-02-25 00:35:06.898712800+00:00,high,training,4.3
TICKET-CUST-00662-0,CUST-00662,2026-03-19 00:00:00+00:00,2026-03-20 04:54:25.454867132+00:00,low,billing,3.6
TICKET-CUST-00664-0,CUST-00664,2026-02-01 00:00:00+00:00,2026-02-02 07:30:39.574010736+00:00,low,bug,2.9
TICKET-CUST-00664-1,CUST-00664,2026-02-01 00:00:00+00:00,2026-02-03 03:41:11.344940280+00:00,low,training,2.1
TICKET-CUST-00664-2,CUST-00664,2026-02-05 00:00:00+00:00,2026-02-06 09:03:42.278275606+00:00,low,bug,3.5
TICKET-CUST-00665-0,CUST-00665,2026-04-01 00:00:00+00:00,2026-04-02 04:32:59.504372607+00:00,medium,billing,2.9
TICKET-CUST-00665-1,CUST-00665,2026-04-09 00:00:00+00:00,2026-04-10 06:55:15.682912224+00:00,low,billing,3.8
TICKET-CUST-00666-0,CUST-00666,2026-02-03 00:00:00+00:00,2026-02-03 08:07:39.796504595+00:00,medium,general,3.8
TICKET-CUST-00667-0,CUST-00667,2026-01-31 00:00:00+00:00,2026-01-31 17:51:22.052572951+00:00,medium,billing,3.7
TICKET-CUST-00669-0,CUST-00669,2026-02-14 00:00:00+00:00,2026-02-14 16:25:27.139274545+00:00,high,bug,2.9
TICKET-CUST-00672-0,CUST-00672,2026-02-22 00:00:00+00:00,2026-02-22 09:44:33.020570386+00:00,medium,general,5.0
TICKET-CUST-00673-0,CUST-00673,2026-02-01 00:00:00+00:00,2026-02-01 08:22:22.800222766+00:00,high,bug,4.4
TICKET-CUST-00674-0,CUST-00674,2026-03-20 00:00:00+00:00,2026-03-21 04:51:47.812438400+00:00,high,general,4.8
TICKET-CUST-00674-1,CUST-00674,2026-02-10 00:00:00+00:00,2026-02-10 19:59:38.614400490+00:00,medium,general,2.6
TICKET-CUST-00676-0,CUST-00676,2026-02-14 00:00:00+00:00,2026-02-16 02:49:16.232502642+00:00,low,general,2.9
TICKET-CUST-00677-0,CUST-00677,2026-03-02 00:00:00+00:00,2026-03-03 12:51:29.786253421+00:00,low,bug,1.8
TICKET-CUST-00677-1,CUST-00677,2026-04-10 00:00:00+00:00,2026-04-11 11:15:15.013474474+00:00,medium,billing,2.4
TICKET-CUST-00678-0,CUST-00678,2026-03-08 00:00:00+00:00,2026-03-09 11:29:48.298915683+00:00,medium,billing,3.6
TICKET-CUST-00678-1,CUST-00678,2026-02-10 00:00:00+00:00,2026-02-12 03:51:31.085020481+00:00,low,billing,3.1
TICKET-CUST-00678-2,CUST-00678,2026-01-31 00:00:00+00:00,2026-02-02 00:38:07.406941401+00:00,medium,general,3.2
TICKET-CUST-00678-3,CUST-00678,2026-03-20 00:00:00+00:00,2026-03-22 00:07:27.724528841+00:00,low,training,3.0
TICKET-CUST-00679-0,CUST-00679,2026-02-14 00:00:00+00:00,2026-02-15 02:44:48.585469253+00:00,low,general,2.4
TICKET-CUST-00679-1,CUST-00679,2026-03-05 00:00:00+00:00,2026-03-06 04:20:33.729081155+00:00,high,bug,3.5
TICKET-CUST-00681-0,CUST-00681,2026-03-24 00:00:00+00:00,2026-03-25 01:10:30.175579441+00:00,low,general,3.8
TICKET-CUST-00682-0,CUST-00682,2026-04-18 00:00:00+00:00,2026-04-19 13:02:07.602053846+00:00,medium,training,4.8
TICKET-CUST-00682-1,CUST-00682,2026-02-17 00:00:00+00:00,2026-02-18 18:47:09.727830736+00:00,low,training,3.1
TICKET-CUST-00683-0,CUST-00683,2026-02-04 00:00:00+00:00,,high,billing,1.2
TICKET-CUST-00683-1,CUST-00683,2026-02-07 00:00:00+00:00,2026-02-08 18:24:52.818146288+00:00,low,training,2.5
TICKET-CUST-00683-2,CUST-00683,2026-02-17 00:00:00+00:00,2026-02-18 09:54:03.159897357+00:00,medium,billing,3.4
TICKET-CUST-00683-3,CUST-00683,2026-02-27 00:00:00+00:00,2026-03-01 08:26:36.222729863+00:00,medium,general,2.5
TICKET-CUST-00684-0,CUST-00684,2026-03-08 00:00:00+00:00,2026-03-09 06:58:45.215405472+00:00,low,training,4.4
TICKET-CUST-00684-1,CUST-00684,2026-03-04 00:00:00+00:00,2026-03-05 03:39:06.364906122+00:00,high,training,3.2
TICKET-CUST-00685-0,CUST-00685,2026-02-19 00:00:00+00:00,2026-02-20 11:08:56.231897130+00:00,medium,bug,2.3
TICKET-CUST-00686-0,CUST-00686,2026-02-11 00:00:00+00:00,2026-02-12 02:51:50.811399810+00:00,low,general,2.9
TICKET-CUST-00686-1,CUST-00686,2026-04-15 00:00:00+00:00,2026-04-15 20:26:39.838537882+00:00,medium,billing,4.3
TICKET-CUST-00687-0,CUST-00687,2026-03-05 00:00:00+00:00,2026-03-05 21:39:54.276196225+00:00,medium,billing,5.0
TICKET-CUST-00687-1,CUST-00687,2026-04-15 00:00:00+00:00,2026-04-15 16:44:23.577409174+00:00,low,billing,1.8
TICKET-CUST-00687-2,CUST-00687,2026-02-26 00:00:00+00:00,2026-02-26 06:44:47.105357112+00:00,medium,billing,4.3
TICKET-CUST-00689-0,CUST-00689,2026-03-13 00:00:00+00:00,2026-03-13 16:29:54.957220035+00:00,high,training,3.2
TICKET-CUST-00691-0,CUST-00691,2026-03-01 00:00:00+00:00,2026-03-02 10:06:20.910409770+00:00,medium,bug,3.3
TICKET-CUST-00692-0,CUST-00692,2026-02-06 00:00:00+00:00,2026-02-08 05:22:53.882381247+00:00,low,training,2.5
TICKET-CUST-00692-1,CUST-00692,2026-03-24 00:00:00+00:00,2026-03-25 10:50:13.886136670+00:00,low,training,3.3
TICKET-CUST-00693-0,CUST-00693,2026-03-01 00:00:00+00:00,,high,training,3.3
TICKET-CUST-00693-1,CUST-00693,2026-02-10 00:00:00+00:00,2026-02-11 06:31:04.184127351+00:00,medium,general,3.3
TICKET-CUST-00693-2,CUST-00693,2026-04-17 00:00:00+00:00,,high,billing,2.0
TICKET-CUST-00693-3,CUST-00693,2026-03-04 00:00:00+00:00,2026-03-05 09:16:46.663360848+00:00,low,billing,3.1
TICKET-CUST-00695-0,CUST-00695,2026-02-27 00:00:00+00:00,2026-02-28 08:11:07.590506354+00:00,high,billing,2.7
TICKET-CUST-00696-0,CUST-00696,2026-02-07 00:00:00+00:00,2026-02-09 02:43:09.384155699+00:00,high,training,5.0
TICKET-CUST-00696-1,CUST-00696,2026-02-21 00:00:00+00:00,2026-02-22 16:03:25.541803488+00:00,medium,training,3.7
TICKET-CUST-00697-0,CUST-00697,2026-02-24 00:00:00+00:00,2026-02-26 01:37:23.878865901+00:00,medium,billing,1.9
TICKET-CUST-00697-1,CUST-00697,2026-02-05 00:00:00+00:00,2026-02-07 00:44:58.010707216+00:00,high,general,3.0
TICKET-CUST-00697-2,CUST-00697,2026-03-13 00:00:00+00:00,2026-03-15 05:23:22.732817185+00:00,medium,general,2.2
TICKET-CUST-00698-0,CUST-00698,2026-01-25 00:00:00+00:00,2026-01-27 21:57:33.457201095+00:00,medium,billing,2.6
TICKET-CUST-00699-0,CUST-00699,2026-02-11 00:00:00+00:00,2026-02-12 01:23:17.938211143+00:00,medium,billing,4.1
TICKET-CUST-00701-0,CUST-00701,2026-02-04 00:00:00+00:00,2026-02-06 08:03:11.088739188+00:00,low,general,3.0
TICKET-CUST-00701-1,CUST-00701,2026-03-28 00:00:00+00:00,2026-03-30 14:36:46.768453828+00:00,low,billing,2.7
TICKET-CUST-00702-0,CUST-00702,2026-01-22 00:00:00+00:00,2026-01-23 07:03:10.951903923+00:00,medium,bug,4.0
TICKET-CUST-00702-1,CUST-00702,2026-01-27 00:00:00+00:00,2026-01-27 20:44:54.271675659+00:00,medium,bug,4.8
TICKET-CUST-00703-0,CUST-00703,2026-04-04 00:00:00+00:00,,low,bug,2.0
TICKET-CUST-00703-1,CUST-00703,2026-01-28 00:00:00+00:00,2026-01-30 04:24:22.807270883+00:00,medium,training,3.4
TICKET-CUST-00703-2,CUST-00703,2026-04-14 00:00:00+00:00,2026-04-16 06:17:19.068818416+00:00,medium,bug,3.8
TICKET-CUST-00704-0,CUST-00704,2026-03-09 00:00:00+00:00,2026-03-09 22:05:55.789413495+00:00,medium,billing,3.5
TICKET-CUST-00708-0,CUST-00708,2026-02-02 00:00:00+00:00,2026-02-03 20:53:15.585519163+00:00,low,billing,2.6
TICKET-CUST-00708-1,CUST-00708,2026-04-03 00:00:00+00:00,2026-04-04 04:57:24.527370863+00:00,medium,billing,5.0
TICKET-CUST-00710-0,CUST-00710,2026-04-10 00:00:00+00:00,,medium,billing,2.2
TICKET-CUST-00712-0,CUST-00712,2026-01-24 00:00:00+00:00,2026-01-25 22:45:04.647663835+00:00,low,bug,2.3
TICKET-CUST-00713-0,CUST-00713,2026-03-14 00:00:00+00:00,2026-03-15 16:21:50.649980746+00:00,high,general,4.4
TICKET-CUST-00714-0,CUST-00714,2026-03-19 00:00:00+00:00,2026-03-20 03:03:37.547985921+00:00,high,general,2.9
TICKET-CUST-00716-0,CUST-00716,2026-03-13 00:00:00+00:00,2026-03-14 08:52:35.173354922+00:00,medium,billing,4.3
TICKET-CUST-00716-1,CUST-00716,2026-03-25 00:00:00+00:00,2026-03-26 02:12:48.939244867+00:00,low,general,3.2
TICKET-CUST-00717-0,CUST-00717,2026-03-17 00:00:00+00:00,2026-03-18 14:20:14.203157479+00:00,medium,general,4.0
TICKET-CUST-00717-1,CUST-00717,2026-02-18 00:00:00+00:00,2026-02-19 19:03:28.369427519+00:00,low,general,4.7
TICKET-CUST-00718-0,CUST-00718,2026-03-28 00:00:00+00:00,2026-03-29 21:46:10.218739209+00:00,low,general,3.0
TICKET-CUST-00718-1,CUST-00718,2026-02-05 00:00:00+00:00,2026-02-07 07:42:21.597495868+00:00,low,bug,1.4
TICKET-CUST-00718-2,CUST-00718,2026-04-20 00:00:00+00:00,2026-04-21 22:53:19.003421516+00:00,low,billing,2.9
TICKET-CUST-00720-0,CUST-00720,2026-02-18 00:00:00+00:00,2026-02-20 18:54:42.043233111+00:00,medium,bug,4.4
TICKET-CUST-00720-1,CUST-00720,2026-01-26 00:00:00+00:00,2026-01-28 03:41:21.441341583+00:00,high,billing,2.1
TICKET-CUST-00721-0,CUST-00721,2026-03-16 00:00:00+00:00,,low,billing,3.2
TICKET-CUST-00724-0,CUST-00724,2026-03-23 00:00:00+00:00,2026-03-24 10:50:46.964835546+00:00,medium,general,2.7
TICKET-CUST-00725-0,CUST-00725,2026-04-19 00:00:00+00:00,,medium,general,2.1
TICKET-CUST-00726-0,CUST-00726,2026-03-15 00:00:00+00:00,2026-03-15 13:37:47.555353250+00:00,medium,general,5.0
TICKET-CUST-00726-1,CUST-00726,2026-04-18 00:00:00+00:00,2026-04-18 20:23:02.280070514+00:00,low,general,4.4
TICKET-CUST-00729-0,CUST-00729,2026-04-05 00:00:00+00:00,2026-04-05 20:13:24.352509398+00:00,low,general,3.6
TICKET-CUST-00730-0,CUST-00730,2026-03-15 00:00:00+00:00,2026-03-17 00:50:48.108262683+00:00,low,general,3.8
TICKET-CUST-00731-0,CUST-00731,2026-03-02 00:00:00+00:00,2026-03-03 12:30:05.599272444+00:00,medium,billing,3.6
TICKET-CUST-00733-0,CUST-00733,2026-02-08 00:00:00+00:00,2026-02-08 21:14:05.946232553+00:00,medium,billing,4.4
TICKET-CUST-00735-0,CUST-00735,2026-02-23 00:00:00+00:00,2026-02-24 22:04:16.744753017+00:00,low,billing,3.1
TICKET-CUST-00735-1,CUST-00735,2026-04-12 00:00:00+00:00,2026-04-13 12:59:32.892524996+00:00,high,billing,2.3
TICKET-CUST-00735-2,CUST-00735,2026-01-28 00:00:00+00:00,2026-01-29 18:26:20.575798885+00:00,medium,billing,3.8
TICKET-CUST-00736-0,CUST-00736,2026-04-02 00:00:00+00:00,2026-04-03 19:20:45.393224315+00:00,medium,billing,3.1
TICKET-CUST-00736-1,CUST-00736,2026-01-30 00:00:00+00:00,2026-01-31 19:36:31.855336439+00:00,low,bug,2.5
TICKET-CUST-00738-0,CUST-00738,2026-03-30 00:00:00+00:00,2026-03-31 07:54:20.847355992+00:00,medium,general,2.9
TICKET-CUST-00739-0,CUST-00739,2026-02-28 00:00:00+00:00,2026-03-01 15:49:10.805020065+00:00,medium,training,4.8
TICKET-CUST-00740-0,CUST-00740,2026-03-29 00:00:00+00:00,2026-03-30 01:07:39.854602766+00:00,low,billing,3.5
TICKET-CUST-00741-0,CUST-00741,2026-02-01 00:00:00+00:00,2026-02-02 08:35:49.059388830+00:00,low,general,3.2
TICKET-CUST-00741-1,CUST-00741,2026-02-09 00:00:00+00:00,2026-02-10 19:18:29.393295833+00:00,medium,general,3.2
TICKET-CUST-00742-0,CUST-00742,2026-02-19 00:00:00+00:00,2026-02-20 03:28:46.159339214+00:00,low,training,2.8
TICKET-CUST-00743-0,CUST-00743,2026-01-31 00:00:00+00:00,2026-02-01 19:22:35.078522885+00:00,medium,billing,3.7
TICKET-CUST-00743-1,CUST-00743,2026-03-26 00:00:00+00:00,2026-03-27 12:29:24.752113231+00:00,low,general,3.2
TICKET-CUST-00743-2,CUST-00743,2026-03-11 00:00:00+00:00,2026-03-12 12:01:05.857629029+00:00,low,bug,2.9
TICKET-CUST-00743-3,CUST-00743,2026-01-29 00:00:00+00:00,2026-01-30 07:52:11.910960746+00:00,low,training,2.6
TICKET-CUST-00744-0,CUST-00744,2026-03-13 00:00:00+00:00,2026-03-15 03:30:57.683311861+00:00,medium,bug,3.5
TICKET-CUST-00744-1,CUST-00744,2026-02-11 00:00:00+00:00,2026-02-12 21:19:02.473651852+00:00,low,general,3.7
TICKET-CUST-00744-2,CUST-00744,2026-03-10 00:00:00+00:00,2026-03-12 19:14:26.923950593+00:00,high,general,3.4
TICKET-CUST-00745-0,CUST-00745,2026-04-10 00:00:00+00:00,2026-04-12 01:43:32.352630022+00:00,low,training,2.2
TICKET-CUST-00746-0,CUST-00746,2026-02-11 00:00:00+00:00,2026-02-12 06:06:23.254299925+00:00,low,general,3.5
TICKET-CUST-00747-0,CUST-00747,2026-02-09 00:00:00+00:00,2026-02-09 18:32:48.989237657+00:00,low,training,1.9
TICKET-CUST-00748-0,CUST-00748,2026-01-27 00:00:00+00:00,2026-01-28 02:56:56.065068232+00:00,medium,billing,2.9
TICKET-CUST-00748-1,CUST-00748,2026-02-28 00:00:00+00:00,2026-03-01 07:31:11.731379742+00:00,low,bug,4.3
TICKET-CUST-00748-2,CUST-00748,2026-04-18 00:00:00+00:00,,medium,training,3.7
TICKET-CUST-00749-0,CUST-00749,2026-02-18 00:00:00+00:00,2026-02-18 12:20:50.522736307+00:00,high,billing,3.3
TICKET-CUST-00750-0,CUST-00750,2026-04-03 00:00:00+00:00,2026-04-04 01:48:43.383814322+00:00,low,general,3.4
TICKET-CUST-00751-0,CUST-00751,2026-03-19 00:00:00+00:00,2026-03-20 18:53:17.460783863+00:00,low,bug,2.3
TICKET-CUST-00752-0,CUST-00752,2026-03-15 00:00:00+00:00,2026-03-16 14:24:31.875183388+00:00,low,general,2.5
TICKET-CUST-00755-0,CUST-00755,2026-04-07 00:00:00+00:00,2026-04-08 14:49:07.536071688+00:00,low,training,3.1
TICKET-CUST-00756-0,CUST-00756,2026-02-02 00:00:00+00:00,2026-02-02 23:38:04.789939526+00:00,low,general,3.3
TICKET-CUST-00757-0,CUST-00757,2026-02-14 00:00:00+00:00,2026-02-15 05:53:11.726702185+00:00,medium,billing,3.9
TICKET-CUST-00758-0,CUST-00758,2026-03-05 00:00:00+00:00,2026-03-06 22:26:36.940575430+00:00,low,general,3.9
TICKET-CUST-00758-1,CUST-00758,2026-03-05 00:00:00+00:00,2026-03-06 08:28:07.523431835+00:00,low,general,3.3
TICKET-CUST-00758-2,CUST-00758,2026-02-07 00:00:00+00:00,2026-02-08 05:15:04.932051735+00:00,medium,billing,4.1
TICKET-CUST-00760-0,CUST-00760,2026-04-08 00:00:00+00:00,2026-04-09 19:56:01.895150159+00:00,low,general,4.2
TICKET-CUST-00760-1,CUST-00760,2026-02-25 00:00:00+00:00,2026-02-26 14:29:58.488643201+00:00,low,billing,2.8
TICKET-CUST-00760-2,CUST-00760,2026-01-24 00:00:00+00:00,2026-01-26 01:15:16.655573936+00:00,low,general,3.5
TICKET-CUST-00761-0,CUST-00761,2026-04-07 00:00:00+00:00,2026-04-08 06:10:01.993633855+00:00,low,billing,3.0
TICKET-CUST-00762-0,CUST-00762,2026-02-02 00:00:00+00:00,2026-02-03 14:04:22.212024870+00:00,medium,billing,2.8
TICKET-CUST-00762-1,CUST-00762,2026-03-12 00:00:00+00:00,2026-03-14 01:10:18.082517532+00:00,low,billing,2.1
TICKET-CUST-00763-0,CUST-00763,2026-04-13 00:00:00+00:00,2026-04-14 07:45:11.430862734+00:00,medium,bug,3.9
TICKET-CUST-00764-0,CUST-00764,2026-01-23 00:00:00+00:00,2026-01-24 20:14:42.281553979+00:00,low,general,4.2
TICKET-CUST-00764-1,CUST-00764,2026-03-27 00:00:00+00:00,2026-03-27 21:46:51.083191456+00:00,medium,general,3.4
TICKET-CUST-00764-2,CUST-00764,2026-04-09 00:00:00+00:00,2026-04-10 02:10:56.767392795+00:00,medium,bug,3.6
TICKET-CUST-00764-3,CUST-00764,2026-04-13 00:00:00+00:00,2026-04-13 20:44:36.829807019+00:00,low,general,2.7
TICKET-CUST-00765-0,CUST-00765,2026-02-13 00:00:00+00:00,2026-02-14 07:28:05.161117817+00:00,medium,training,3.0
TICKET-CUST-00765-1,CUST-00765,2026-02-07 00:00:00+00:00,2026-02-08 15:10:03.790913362+00:00,low,training,3.0
TICKET-CUST-00765-2,CUST-00765,2026-02-18 00:00:00+00:00,2026-02-19 11:02:05.864237575+00:00,low,bug,3.4
TICKET-CUST-00769-0,CUST-00769,2026-02-18 00:00:00+00:00,2026-02-19 09:35:49.266405584+00:00,high,billing,2.6
TICKET-CUST-00771-0,CUST-00771,2026-02-24 00:00:00+00:00,2026-02-25 20:52:28.741009375+00:00,low,training,1.0
TICKET-CUST-00772-0,CUST-00772,2026-01-28 00:00:00+00:00,2026-01-29 20:07:05.897183178+00:00,medium,general,2.9
TICKET-CUST-00773-0,CUST-00773,2026-04-07 00:00:00+00:00,2026-04-08 17:49:40.358736091+00:00,low,general,3.9
TICKET-CUST-00773-1,CUST-00773,2026-02-19 00:00:00+00:00,2026-02-20 10:58:33.112298887+00:00,low,general,3.5
TICKET-CUST-00775-0,CUST-00775,2026-03-28 00:00:00+00:00,2026-03-29 12:44:49.887921723+00:00,low,general,3.0
TICKET-CUST-00776-0,CUST-00776,2026-02-20 00:00:00+00:00,2026-02-20 17:17:48.469704417+00:00,medium,training,4.0
TICKET-CUST-00777-0,CUST-00777,2026-04-10 00:00:00+00:00,2026-04-12 03:48:36.158524830+00:00,low,bug,4.3
TICKET-CUST-00778-0,CUST-00778,2026-03-13 00:00:00+00:00,2026-03-14 15:16:05.339986162+00:00,high,billing,2.9
TICKET-CUST-00778-1,CUST-00778,2026-03-16 00:00:00+00:00,2026-03-17 10:41:35.670121315+00:00,low,bug,4.4
TICKET-CUST-00778-2,CUST-00778,2026-04-12 00:00:00+00:00,2026-04-13 15:58:05.404075856+00:00,low,general,2.3
TICKET-CUST-00779-0,CUST-00779,2026-04-14 00:00:00+00:00,2026-04-15 19:17:06.250222447+00:00,low,bug,2.2
TICKET-CUST-00779-1,CUST-00779,2026-03-17 00:00:00+00:00,2026-03-18 12:23:21.639554268+00:00,medium,billing,3.7
TICKET-CUST-00780-0,CUST-00780,2026-03-10 00:00:00+00:00,2026-03-10 22:20:56.789164441+00:00,medium,billing,3.1
TICKET-CUST-00782-0,CUST-00782,2026-04-19 00:00:00+00:00,2026-04-20 10:39:31.885734986+00:00,high,general,3.0
TICKET-CUST-00785-0,CUST-00785,2026-03-21 00:00:00+00:00,2026-03-22 07:31:50.503407051+00:00,low,training,5.0
TICKET-CUST-00785-1,CUST-00785,2026-02-22 00:00:00+00:00,2026-02-23 13:17:07.281367273+00:00,medium,training,3.9
TICKET-CUST-00786-0,CUST-00786,2026-02-21 00:00:00+00:00,2026-02-22 02:45:34.173450432+00:00,low,general,3.5
TICKET-CUST-00786-1,CUST-00786,2026-02-17 00:00:00+00:00,2026-02-18 19:44:28.150810397+00:00,low,billing,2.1
TICKET-CUST-00789-0,CUST-00789,2026-03-09 00:00:00+00:00,2026-03-10 17:48:53.098243714+00:00,low,bug,2.8
TICKET-CUST-00792-0,CUST-00792,2026-02-22 00:00:00+00:00,2026-02-23 14:49:01.597798066+00:00,low,training,3.4
TICKET-CUST-00792-1,CUST-00792,2026-02-07 00:00:00+00:00,2026-02-09 01:22:22.604546676+00:00,high,general,4.1
TICKET-CUST-00793-0,CUST-00793,2026-02-18 00:00:00+00:00,2026-02-18 22:07:35.739610713+00:00,low,training,3.8
TICKET-CUST-00794-0,CUST-00794,2026-04-11 00:00:00+00:00,2026-04-12 18:25:23.908593069+00:00,low,bug,1.3
TICKET-CUST-00796-0,CUST-00796,2026-02-05 00:00:00+00:00,2026-02-07 04:32:17.636842002+00:00,low,bug,3.1
TICKET-CUST-00796-1,CUST-00796,2026-04-06 00:00:00+00:00,2026-04-07 04:46:44.788992491+00:00,medium,bug,2.9
TICKET-CUST-00797-0,CUST-00797,2026-03-29 00:00:00+00:00,2026-03-30 06:16:34.521680624+00:00,low,billing,3.5
TICKET-CUST-00798-0,CUST-00798,2026-03-21 00:00:00+00:00,2026-03-22 23:18:47.868369303+00:00,low,billing,3.0
TICKET-CUST-00798-1,CUST-00798,2026-01-27 00:00:00+00:00,2026-01-28 14:34:51.844683107+00:00,medium,billing,2.6
TICKET-CUST-00799-0,CUST-00799,2026-02-08 00:00:00+00:00,2026-02-09 04:15:47.427756482+00:00,medium,bug,2.6
TICKET-CUST-00799-1,CUST-00799,2026-03-23 00:00:00+00:00,2026-03-24 06:28:00.681663351+00:00,low,general,3.3
TICKET-CUST-00800-0,CUST-00800,2026-03-30 00:00:00+00:00,2026-03-30 21:49:30.179041688+00:00,low,general,3.2
TICKET-CUST-00800-1,CUST-00800,2026-01-26 00:00:00+00:00,2026-01-27 08:44:15.597147958+00:00,low,billing,4.1
TICKET-CUST-00802-0,CUST-00802,2026-03-06 00:00:00+00:00,2026-03-07 02:05:36.392477426+00:00,low,billing,3.4
TICKET-CUST-00803-0,CUST-00803,2026-03-25 00:00:00+00:00,2026-03-26 20:30:12.269403314+00:00,medium,general,2.6
TICKET-CUST-00804-0,CUST-00804,2026-03-29 00:00:00+00:00,2026-03-31 01:51:51.647640790+00:00,low,training,2.3
TICKET-CUST-00804-1,CUST-00804,2026-03-21 00:00:00+00:00,2026-03-23 13:30:34.572927223+00:00,low,general,1.1
TICKET-CUST-00804-2,CUST-00804,2026-03-14 00:00:00+00:00,2026-03-16 12:32:32.304792292+00:00,high,bug,3.2
TICKET-CUST-00805-0,CUST-00805,2026-02-25 00:00:00+00:00,2026-02-26 08:43:48.274516659+00:00,low,general,3.5
TICKET-CUST-00805-1,CUST-00805,2026-02-04 00:00:00+00:00,2026-02-05 10:01:30.325976960+00:00,low,billing,3.9
TICKET-CUST-00806-0,CUST-00806,2026-01-23 00:00:00+00:00,2026-01-24 02:08:50.218510200+00:00,high,general,3.5
TICKET-CUST-00807-0,CUST-00807,2026-04-18 00:00:00+00:00,2026-04-19 17:31:21.643133197+00:00,medium,training,3.8
TICKET-CUST-00807-1,CUST-00807,2026-04-05 00:00:00+00:00,,medium,training,3.1
TICKET-CUST-00807-2,CUST-00807,2026-04-20 00:00:00+00:00,2026-04-22 07:16:11.107669414+00:00,low,bug,2.7
TICKET-CUST-00807-3,CUST-00807,2026-02-19 00:00:00+00:00,2026-02-20 08:05:55.256995085+00:00,low,bug,3.2
TICKET-CUST-00808-0,CUST-00808,2026-01-22 00:00:00+00:00,2026-01-23 20:01:58.327201965+00:00,low,bug,2.3
TICKET-CUST-00808-1,CUST-00808,2026-03-02 00:00:00+00:00,2026-03-03 21:08:23.103835322+00:00,low,billing,3.4
TICKET-CUST-00809-0,CUST-00809,2026-03-21 00:00:00+00:00,2026-03-22 02:13:08.996664390+00:00,medium,training,5.0
TICKET-CUST-00811-0,CUST-00811,2026-02-28 00:00:00+00:00,2026-03-01 13:26:58.402394646+00:00,low,bug,4.9
TICKET-CUST-00811-1,CUST-00811,2026-04-20 00:00:00+00:00,2026-04-21 16:11:26.560669006+00:00,high,general,3.2
TICKET-CUST-00814-0,CUST-00814,2026-02-26 00:00:00+00:00,2026-02-27 00:27:31.652503674+00:00,low,training,3.7
TICKET-CUST-00814-1,CUST-00814,2026-03-30 00:00:00+00:00,2026-03-31 04:09:06.982004048+00:00,medium,general,3.0
TICKET-CUST-00816-0,CUST-00816,2026-03-19 00:00:00+00:00,2026-03-19 17:59:25.298361815+00:00,low,training,3.5
TICKET-CUST-00817-0,CUST-00817,2026-04-18 00:00:00+00:00,2026-04-19 00:41:50.334716359+00:00,low,training,2.2
TICKET-CUST-00818-0,CUST-00818,2026-03-02 00:00:00+00:00,2026-03-03 04:20:06.493724338+00:00,high,general,4.1
TICKET-CUST-00818-1,CUST-00818,2026-03-27 00:00:00+00:00,2026-03-27 21:37:00.824611708+00:00,medium,billing,3.0
TICKET-CUST-00818-2,CUST-00818,2026-04-13 00:00:00+00:00,2026-04-13 20:19:58.461713385+00:00,low,training,1.5
TICKET-CUST-00819-0,CUST-00819,2026-01-27 00:00:00+00:00,2026-01-27 13:27:11.910742736+00:00,low,bug,2.2
TICKET-CUST-00819-1,CUST-00819,2026-04-07 00:00:00+00:00,2026-04-07 22:32:09.634427729+00:00,medium,billing,2.2
TICKET-CUST-00820-0,CUST-00820,2026-02-10 00:00:00+00:00,,low,bug,2.8
TICKET-CUST-00820-1,CUST-00820,2026-02-23 00:00:00+00:00,2026-02-24 03:33:34.458971837+00:00,low,training,3.3
TICKET-CUST-00820-2,CUST-00820,2026-04-03 00:00:00+00:00,2026-04-04 05:19:25.775380759+00:00,low,billing,3.1
TICKET-CUST-00820-3,CUST-00820,2026-03-06 00:00:00+00:00,2026-03-07 23:11:37.107374221+00:00,medium,billing,1.0
TICKET-CUST-00821-0,CUST-00821,2026-01-26 00:00:00+00:00,,high,bug,3.3
TICKET-CUST-00822-0,CUST-00822,2026-02-10 00:00:00+00:00,2026-02-11 16:54:27.554681289+00:00,high,bug,3.9
TICKET-CUST-00823-0,CUST-00823,2026-03-03 00:00:00+00:00,2026-03-03 18:39:33.450934516+00:00,low,bug,2.3
TICKET-CUST-00823-1,CUST-00823,2026-03-14 00:00:00+00:00,2026-03-15 11:34:17.082773408+00:00,low,bug,2.3
TICKET-CUST-00824-0,CUST-00824,2026-02-07 00:00:00+00:00,2026-02-08 07:34:07.165904319+00:00,high,training,4.0
TICKET-CUST-00824-1,CUST-00824,2026-01-29 00:00:00+00:00,2026-01-29 23:24:13.622244241+00:00,low,general,3.1
TICKET-CUST-00825-0,CUST-00825,2026-03-26 00:00:00+00:00,2026-03-26 21:41:36.033625463+00:00,low,bug,4.1
TICKET-CUST-00827-0,CUST-00827,2026-03-19 00:00:00+00:00,,medium,general,3.5
TICKET-CUST-00827-1,CUST-00827,2026-02-17 00:00:00+00:00,2026-02-18 07:46:47.468664745+00:00,low,training,3.2
TICKET-CUST-00827-2,CUST-00827,2026-03-12 00:00:00+00:00,2026-03-13 08:13:12.368894546+00:00,low,billing,1.2
TICKET-CUST-00827-3,CUST-00827,2026-02-27 00:00:00+00:00,2026-02-28 08:53:12.056552705+00:00,medium,billing,3.3
TICKET-CUST-00828-0,CUST-00828,2026-02-06 00:00:00+00:00,2026-02-07 17:38:24.056767385+00:00,low,bug,3.4
TICKET-CUST-00828-1,CUST-00828,2026-03-29 00:00:00+00:00,2026-03-29 17:44:27.396222392+00:00,low,general,5.0
TICKET-CUST-00830-0,CUST-00830,2026-03-29 00:00:00+00:00,2026-03-30 02:43:28.121780833+00:00,high,billing,2.6
TICKET-CUST-00831-0,CUST-00831,2026-04-05 00:00:00+00:00,2026-04-06 06:11:03.048864061+00:00,low,billing,4.4
TICKET-CUST-00832-0,CUST-00832,2026-02-21 00:00:00+00:00,2026-02-22 22:56:23.770886691+00:00,low,general,3.3
TICKET-CUST-00835-0,CUST-00835,2026-03-18 00:00:00+00:00,2026-03-18 22:53:57.601154655+00:00,medium,bug,4.2
TICKET-CUST-00837-0,CUST-00837,2026-03-15 00:00:00+00:00,2026-03-16 10:12:19.189399015+00:00,medium,training,2.8
TICKET-CUST-00837-1,CUST-00837,2026-02-01 00:00:00+00:00,2026-02-01 19:42:24.424902522+00:00,medium,bug,3.2
TICKET-CUST-00839-0,CUST-00839,2026-03-12 00:00:00+00:00,2026-03-13 14:41:13.055377245+00:00,medium,training,2.5
TICKET-CUST-00839-1,CUST-00839,2026-04-13 00:00:00+00:00,2026-04-14 15:47:36.444349004+00:00,medium,billing,4.8
TICKET-CUST-00841-0,CUST-00841,2026-03-07 00:00:00+00:00,2026-03-09 18:17:49.766384742+00:00,medium,bug,2.2
TICKET-CUST-00842-0,CUST-00842,2026-03-18 00:00:00+00:00,2026-03-19 04:55:12.341175555+00:00,medium,bug,3.4
TICKET-CUST-00843-0,CUST-00843,2026-02-01 00:00:00+00:00,2026-02-01 15:19:38.159374016+00:00,low,general,3.9
TICKET-CUST-00843-1,CUST-00843,2026-02-08 00:00:00+00:00,2026-02-08 18:39:48.835293391+00:00,medium,billing,3.3
TICKET-CUST-00844-0,CUST-00844,2026-04-14 00:00:00+00:00,2026-04-14 23:52:05.804048732+00:00,low,training,3.9
TICKET-CUST-00845-0,CUST-00845,2026-02-18 00:00:00+00:00,2026-02-19 01:42:38.437315854+00:00,medium,training,3.1
TICKET-CUST-00847-0,CUST-00847,2026-03-23 00:00:00+00:00,2026-03-24 01:18:54.912793366+00:00,low,billing,3.8
TICKET-CUST-00849-0,CUST-00849,2026-02-12 00:00:00+00:00,2026-02-13 06:24:38.984111880+00:00,low,general,5.0
TICKET-CUST-00850-0,CUST-00850,2026-04-14 00:00:00+00:00,2026-04-15 22:06:58.576822483+00:00,low,bug,2.1
TICKET-CUST-00850-1,CUST-00850,2026-04-09 00:00:00+00:00,,medium,bug,3.4
TICKET-CUST-00850-2,CUST-00850,2026-04-01 00:00:00+00:00,2026-04-03 00:11:33.192934185+00:00,medium,training,2.7
TICKET-CUST-00851-0,CUST-00851,2026-02-01 00:00:00+00:00,2026-02-01 05:34:31.229382637+00:00,medium,bug,4.3
TICKET-CUST-00852-0,CUST-00852,2026-01-27 00:00:00+00:00,2026-01-29 12:39:53.831447206+00:00,low,bug,4.2
TICKET-CUST-00852-1,CUST-00852,2026-02-01 00:00:00+00:00,2026-02-02 20:47:12.275705640+00:00,medium,bug,2.3
TICKET-CUST-00853-0,CUST-00853,2026-02-23 00:00:00+00:00,2026-02-23 17:48:40.945959077+00:00,low,billing,4.4
TICKET-CUST-00853-1,CUST-00853,2026-03-12 00:00:00+00:00,2026-03-13 10:57:55.010290875+00:00,low,training,3.3
TICKET-CUST-00854-0,CUST-00854,2026-03-31 00:00:00+00:00,2026-03-31 14:20:00.408244153+00:00,low,bug,3.7
TICKET-CUST-00854-1,CUST-00854,2026-03-12 00:00:00+00:00,2026-03-12 17:50:54.584810229+00:00,high,billing,2.3
TICKET-CUST-00855-0,CUST-00855,2026-02-28 00:00:00+00:00,2026-03-01 14:31:09.503978106+00:00,medium,general,3.5
TICKET-CUST-00855-1,CUST-00855,2026-04-03 00:00:00+00:00,2026-04-04 14:39:50.849902299+00:00,low,general,4.0
TICKET-CUST-00856-0,CUST-00856,2026-04-01 00:00:00+00:00,2026-04-02 09:35:04.860767218+00:00,medium,bug,4.6
TICKET-CUST-00856-1,CUST-00856,2026-03-17 00:00:00+00:00,2026-03-18 09:40:54.470393885+00:00,low,training,2.1
TICKET-CUST-00856-2,CUST-00856,2026-03-20 00:00:00+00:00,2026-03-22 06:26:14.241669666+00:00,low,general,3.5
TICKET-CUST-00858-0,CUST-00858,2026-03-24 00:00:00+00:00,2026-03-25 08:38:00.782226082+00:00,low,general,3.7
TICKET-CUST-00859-0,CUST-00859,2026-04-03 00:00:00+00:00,2026-04-05 04:24:51.468913004+00:00,high,training,2.9
TICKET-CUST-00860-0,CUST-00860,2026-02-13 00:00:00+00:00,2026-02-13 22:25:26.445607640+00:00,low,general,4.1
TICKET-CUST-00860-1,CUST-00860,2026-02-20 00:00:00+00:00,2026-02-21 04:51:55.585728153+00:00,high,general,2.8
TICKET-CUST-00860-2,CUST-00860,2026-04-11 00:00:00+00:00,2026-04-12 12:02:14.173577309+00:00,low,bug,4.3
TICKET-CUST-00862-0,CUST-00862,2026-03-03 00:00:00+00:00,2026-03-04 11:58:37.830863019+00:00,medium,general,2.2
TICKET-CUST-00866-0,CUST-00866,2026-02-28 00:00:00+00:00,2026-02-28 17:29:25.457915368+00:00,low,training,2.7
TICKET-CUST-00866-1,CUST-00866,2026-04-01 00:00:00+00:00,2026-04-02 10:33:37.897761311+00:00,low,general,3.8
TICKET-CUST-00867-0,CUST-00867,2026-03-22 00:00:00+00:00,2026-03-23 07:37:06.347255479+00:00,high,billing,4.4
TICKET-CUST-00868-0,CUST-00868,2026-03-28 00:00:00+00:00,2026-03-30 13:22:27.072992529+00:00,low,bug,2.2
TICKET-CUST-00868-1,CUST-00868,2026-02-04 00:00:00+00:00,2026-02-06 07:11:22.654144466+00:00,low,training,2.8
TICKET-CUST-00869-0,CUST-00869,2026-02-05 00:00:00+00:00,2026-02-05 23:41:52.295796781+00:00,medium,general,3.9
TICKET-CUST-00870-0,CUST-00870,2026-03-18 00:00:00+00:00,2026-03-19 02:19:00.364840652+00:00,high,bug,3.9
TICKET-CUST-00870-1,CUST-00870,2026-02-01 00:00:00+00:00,2026-02-02 16:14:38.437682384+00:00,medium,bug,2.8
TICKET-CUST-00871-0,CUST-00871,2026-03-31 00:00:00+00:00,2026-04-01 01:41:16.401427174+00:00,medium,training,4.7
TICKET-CUST-00871-1,CUST-00871,2026-04-12 00:00:00+00:00,2026-04-13 04:41:43.687111015+00:00,low,bug,3.9
TICKET-CUST-00874-0,CUST-00874,2026-02-03 00:00:00+00:00,2026-02-05 12:01:51.103860077+00:00,low,training,2.3
TICKET-CUST-00874-1,CUST-00874,2026-04-20 00:00:00+00:00,,low,bug,2.4
TICKET-CUST-00874-2,CUST-00874,2026-04-18 00:00:00+00:00,2026-04-20 09:25:41.824982985+00:00,high,training,2.6
TICKET-CUST-00874-3,CUST-00874,2026-02-03 00:00:00+00:00,2026-02-05 06:47:14.828762443+00:00,high,training,2.2
TICKET-CUST-00874-4,CUST-00874,2026-02-01 00:00:00+00:00,2026-02-03 11:41:49.660676918+00:00,medium,bug,1.3
TICKET-CUST-00875-0,CUST-00875,2026-03-30 00:00:00+00:00,2026-03-30 20:23:53.073140644+00:00,low,billing,3.6
TICKET-CUST-00877-0,CUST-00877,2026-02-23 00:00:00+00:00,2026-02-24 18:44:57.296083584+00:00,medium,general,2.9
TICKET-CUST-00880-0,CUST-00880,2026-04-15 00:00:00+00:00,2026-04-16 16:55:16.337595484+00:00,medium,bug,3.4
TICKET-CUST-00881-0,CUST-00881,2026-04-19 00:00:00+00:00,2026-04-19 22:07:45.246118114+00:00,low,billing,3.2
TICKET-CUST-00882-0,CUST-00882,2026-03-24 00:00:00+00:00,2026-03-25 07:39:17.370946968+00:00,low,billing,2.4
TICKET-CUST-00882-1,CUST-00882,2026-01-22 00:00:00+00:00,2026-01-23 07:16:18.263274727+00:00,high,training,3.1
TICKET-CUST-00882-2,CUST-00882,2026-03-06 00:00:00+00:00,2026-03-07 02:30:20.613969906+00:00,medium,general,3.5
TICKET-CUST-00882-3,CUST-00882,2026-03-25 00:00:00+00:00,2026-03-25 20:14:35.064032239+00:00,medium,bug,3.6
TICKET-CUST-00885-0,CUST-00885,2026-02-01 00:00:00+00:00,2026-02-01 15:08:41.095399416+00:00,medium,training,5.0
TICKET-CUST-00887-0,CUST-00887,2026-04-12 00:00:00+00:00,2026-04-13 13:46:00.653627525+00:00,low,general,4.4
TICKET-CUST-00888-0,CUST-00888,2026-03-29 00:00:00+00:00,,low,general,3.9
TICKET-CUST-00889-0,CUST-00889,2026-04-11 00:00:00+00:00,2026-04-11 13:46:33.760434366+00:00,high,bug,3.0
TICKET-CUST-00889-1,CUST-00889,2026-03-24 00:00:00+00:00,2026-03-25 02:09:17.885939418+00:00,low,bug,3.8
TICKET-CUST-00889-2,CUST-00889,2026-03-29 00:00:00+00:00,2026-03-30 12:02:41.981636522+00:00,low,training,3.4
TICKET-CUST-00889-3,CUST-00889,2026-01-30 00:00:00+00:00,2026-01-31 17:35:26.566033088+00:00,high,training,2.9
TICKET-CUST-00891-0,CUST-00891,2026-02-02 00:00:00+00:00,2026-02-02 20:26:56.293046115+00:00,medium,billing,2.0
TICKET-CUST-00893-0,CUST-00893,2026-03-12 00:00:00+00:00,2026-03-13 21:39:46.767875847+00:00,low,billing,3.3
TICKET-CUST-00893-1,CUST-00893,2026-03-11 00:00:00+00:00,2026-03-12 23:41:18.789556500+00:00,medium,bug,2.9
TICKET-CUST-00894-0,CUST-00894,2026-03-02 00:00:00+00:00,2026-03-03 03:14:05.754219347+00:00,medium,billing,3.2
TICKET-CUST-00896-0,CUST-00896,2026-03-29 00:00:00+00:00,2026-03-30 16:43:39.473746077+00:00,medium,training,4.5
TICKET-CUST-00896-1,CUST-00896,2026-03-05 00:00:00+00:00,2026-03-06 16:10:28.806191725+00:00,high,general,2.7
TICKET-CUST-00896-2,CUST-00896,2026-04-06 00:00:00+00:00,2026-04-07 17:40:21.177697853+00:00,medium,training,3.2
TICKET-CUST-00896-3,CUST-00896,2026-04-06 00:00:00+00:00,2026-04-07 21:11:14.451437202+00:00,high,bug,3.6
TICKET-CUST-00896-4,CUST-00896,2026-02-07 00:00:00+00:00,2026-02-08 18:50:13.342893156+00:00,high,general,4.4
TICKET-CUST-00896-5,CUST-00896,2026-03-22 00:00:00+00:00,2026-03-23 10:56:52.987905794+00:00,low,billing,3.1
TICKET-CUST-00898-0,CUST-00898,2026-01-27 00:00:00+00:00,2026-01-27 14:49:26.862802176+00:00,high,bug,5.0
TICKET-CUST-00898-1,CUST-00898,2026-04-08 00:00:00+00:00,2026-04-08 20:36:50.376278734+00:00,low,billing,3.0
TICKET-CUST-00899-0,CUST-00899,2026-03-24 00:00:00+00:00,2026-03-24 23:41:11.346306031+00:00,medium,bug,4.6
TICKET-CUST-00901-0,CUST-00901,2026-03-17 00:00:00+00:00,2026-03-18 05:04:07.335811225+00:00,low,bug,3.1
TICKET-CUST-00901-1,CUST-00901,2026-01-28 00:00:00+00:00,2026-01-29 09:21:14.960279018+00:00,low,billing,2.5
TICKET-CUST-00901-2,CUST-00901,2026-01-27 00:00:00+00:00,2026-01-27 18:37:46.982362412+00:00,medium,billing,3.5
TICKET-CUST-00903-0,CUST-00903,2026-04-20 00:00:00+00:00,2026-04-21 19:00:01.872854236+00:00,high,general,3.0
TICKET-CUST-00904-0,CUST-00904,2026-03-14 00:00:00+00:00,2026-03-15 08:51:18.249102778+00:00,low,general,3.1
TICKET-CUST-00904-1,CUST-00904,2026-03-27 00:00:00+00:00,2026-03-28 06:31:32.878339514+00:00,low,training,2.1
TICKET-CUST-00905-0,CUST-00905,2026-01-28 00:00:00+00:00,2026-01-29 20:26:25.013430034+00:00,medium,training,2.9
TICKET-CUST-00905-1,CUST-00905,2026-02-19 00:00:00+00:00,2026-02-20 10:17:44.843682349+00:00,high,general,3.2
TICKET-CUST-00906-0,CUST-00906,2026-04-11 00:00:00+00:00,2026-04-13 01:56:00.016111642+00:00,high,bug,3.0
TICKET-CUST-00906-1,CUST-00906,2026-04-05 00:00:00+00:00,,low,billing,3.7
TICKET-CUST-00910-0,CUST-00910,2026-03-27 00:00:00+00:00,2026-03-28 13:17:33.800902272+00:00,low,billing,3.9
TICKET-CUST-00911-0,CUST-00911,2026-04-19 00:00:00+00:00,2026-04-20 08:37:29.514198259+00:00,medium,general,2.6
TICKET-CUST-00911-1,CUST-00911,2026-03-15 00:00:00+00:00,2026-03-16 15:04:57.801992623+00:00,medium,bug,3.1
TICKET-CUST-00912-0,CUST-00912,2026-03-14 00:00:00+00:00,,medium,billing,3.9
TICKET-CUST-00912-1,CUST-00912,2026-04-07 00:00:00+00:00,2026-04-07 21:00:55.744071851+00:00,low,training,3.3
TICKET-CUST-00912-2,CUST-00912,2026-03-27 00:00:00+00:00,2026-03-27 15:51:52.578324708+00:00,medium,bug,3.1
TICKET-CUST-00913-0,CUST-00913,2026-01-23 00:00:00+00:00,2026-01-24 03:53:42.780795446+00:00,low,billing,3.8
TICKET-CUST-00914-0,CUST-00914,2026-02-06 00:00:00+00:00,,medium,training,1.0
TICKET-CUST-00914-1,CUST-00914,2026-04-16 00:00:00+00:00,,medium,billing,2.6
TICKET-CUST-00915-0,CUST-00915,2026-03-03 00:00:00+00:00,,low,training,2.5
TICKET-CUST-00916-0,CUST-00916,2026-04-15 00:00:00+00:00,2026-04-15 22:13:57.317139289+00:00,medium,training,3.9
TICKET-CUST-00916-1,CUST-00916,2026-02-14 00:00:00+00:00,2026-02-15 10:50:01.082679603+00:00,medium,training,4.4
TICKET-CUST-00917-0,CUST-00917,2026-02-18 00:00:00+00:00,2026-02-19 04:38:12.539157146+00:00,medium,general,3.2
TICKET-CUST-00917-1,CUST-00917,2026-02-17 00:00:00+00:00,2026-02-17 12:36:01.317314446+00:00,high,billing,4.6
TICKET-CUST-00917-2,CUST-00917,2026-02-21 00:00:00+00:00,2026-02-21 14:52:40.374415771+00:00,low,billing,3.4
TICKET-CUST-00917-3,CUST-00917,2026-04-18 00:00:00+00:00,2026-04-19 08:20:24.357676166+00:00,low,billing,3.3
TICKET-CUST-00918-0,CUST-00918,2026-02-10 00:00:00+00:00,2026-02-11 05:19:28.896662914+00:00,low,training,3.8
TICKET-CUST-00918-1,CUST-00918,2026-04-03 00:00:00+00:00,2026-04-04 03:55:00.171218887+00:00,high,general,3.2
TICKET-CUST-00921-0,CUST-00921,2026-03-09 00:00:00+00:00,2026-03-10 10:42:11.294226207+00:00,low,billing,2.8
TICKET-CUST-00925-0,CUST-00925,2026-02-01 00:00:00+00:00,2026-02-02 05:44:04.986879190+00:00,medium,bug,3.8
TICKET-CUST-00925-1,CUST-00925,2026-03-10 00:00:00+00:00,2026-03-11 01:59:52.903875952+00:00,low,bug,4.3
TICKET-CUST-00925-2,CUST-00925,2026-02-20 00:00:00+00:00,,low,bug,2.5
TICKET-CUST-00926-0,CUST-00926,2026-01-28 00:00:00+00:00,2026-01-29 02:13:35.931670953+00:00,medium,bug,3.8
TICKET-CUST-00927-0,CUST-00927,2026-02-08 00:00:00+00:00,2026-02-09 16:21:16.402620147+00:00,low,training,2.4
TICKET-CUST-00927-1,CUST-00927,2026-03-31 00:00:00+00:00,2026-04-02 08:35:16.592968990+00:00,low,billing,4.2
TICKET-CUST-00927-2,CUST-00927,2026-03-14 00:00:00+00:00,2026-03-16 04:18:41.881634406+00:00,low,training,2.5
TICKET-CUST-00927-3,CUST-00927,2026-03-30 00:00:00+00:00,2026-04-01 04:56:18.645788411+00:00,medium,bug,2.5
TICKET-CUST-00928-0,CUST-00928,2026-01-31 00:00:00+00:00,2026-02-01 07:43:03.110837568+00:00,medium,bug,3.3
TICKET-CUST-00928-1,CUST-00928,2026-03-16 00:00:00+00:00,,medium,billing,3.6
TICKET-CUST-00929-0,CUST-00929,2026-03-30 00:00:00+00:00,2026-03-31 01:40:34.320533959+00:00,medium,bug,2.5
TICKET-CUST-00931-0,CUST-00931,2026-03-28 00:00:00+00:00,2026-03-28 18:53:59.514574340+00:00,medium,general,4.6
TICKET-CUST-00932-0,CUST-00932,2026-02-16 00:00:00+00:00,2026-02-17 21:42:26.100580096+00:00,high,training,3.9
TICKET-CUST-00933-0,CUST-00933,2026-03-09 00:00:00+00:00,2026-03-09 17:05:35.520990254+00:00,medium,training,3.2
TICKET-CUST-00935-0,CUST-00935,2026-02-07 00:00:00+00:00,2026-02-08 16:51:45.633210489+00:00,high,billing,4.0
TICKET-CUST-00935-1,CUST-00935,2026-03-06 00:00:00+00:00,2026-03-07 16:46:39.738922075+00:00,low,billing,2.0
TICKET-CUST-00935-2,CUST-00935,2026-03-25 00:00:00+00:00,2026-03-26 10:59:25.194028399+00:00,low,bug,4.1
TICKET-CUST-00936-0,CUST-00936,2026-03-20 00:00:00+00:00,2026-03-21 08:37:40.215702609+00:00,low,bug,2.5
TICKET-CUST-00936-1,CUST-00936,2026-02-15 00:00:00+00:00,2026-02-16 12:02:03.605856993+00:00,medium,training,1.8
TICKET-CUST-00937-0,CUST-00937,2026-04-02 00:00:00+00:00,2026-04-03 01:50:42.382076174+00:00,low,bug,4.8
TICKET-CUST-00937-1,CUST-00937,2026-02-24 00:00:00+00:00,2026-02-25 03:27:44.064987725+00:00,low,training,3.3
TICKET-CUST-00937-2,CUST-00937,2026-01-31 00:00:00+00:00,2026-02-01 00:07:51.109827467+00:00,low,bug,4.4
TICKET-CUST-00938-0,CUST-00938,2026-02-24 00:00:00+00:00,2026-02-25 06:13:35.402467321+00:00,high,training,1.7
TICKET-CUST-00939-0,CUST-00939,2026-02-26 00:00:00+00:00,2026-02-27 02:37:24.328784253+00:00,high,bug,3.4
TICKET-CUST-00940-0,CUST-00940,2026-03-09 00:00:00+00:00,2026-03-09 13:46:09.879953700+00:00,low,general,3.9
TICKET-CUST-00943-0,CUST-00943,2026-03-21 00:00:00+00:00,2026-03-22 09:36:10.051123826+00:00,high,general,3.0
TICKET-CUST-00943-1,CUST-00943,2026-02-22 00:00:00+00:00,2026-02-22 22:13:01.016641536+00:00,low,bug,3.6
TICKET-CUST-00945-0,CUST-00945,2026-04-15 00:00:00+00:00,2026-04-17 10:04:28.117475096+00:00,low,general,3.5
TICKET-CUST-00949-0,CUST-00949,2026-03-17 00:00:00+00:00,,low,training,2.9
TICKET-CUST-00953-0,CUST-00953,2026-03-17 00:00:00+00:00,2026-03-17 20:23:33.857319023+00:00,low,training,3.0
TICKET-CUST-00953-1,CUST-00953,2026-02-20 00:00:00+00:00,2026-02-20 18:23:51.330916864+00:00,medium,billing,3.5
TICKET-CUST-00958-0,CUST-00958,2026-02-28 00:00:00+00:00,2026-02-28 23:55:26.272133960+00:00,low,training,4.1
TICKET-CUST-00958-1,CUST-00958,2026-04-05 00:00:00+00:00,2026-04-05 19:24:59.389119167+00:00,high,training,3.7
TICKET-CUST-00959-0,CUST-00959,2026-03-29 00:00:00+00:00,2026-03-31 00:15:51.431097268+00:00,medium,bug,2.7
TICKET-CUST-00959-1,CUST-00959,2026-02-09 00:00:00+00:00,2026-02-11 05:00:59.060678105+00:00,medium,training,2.9
TICKET-CUST-00961-0,CUST-00961,2026-03-12 00:00:00+00:00,2026-03-12 22:06:16.814920821+00:00,low,training,3.4
TICKET-CUST-00961-1,CUST-00961,2026-02-07 00:00:00+00:00,2026-02-08 05:28:29.051098101+00:00,medium,general,3.2
TICKET-CUST-00963-0,CUST-00963,2026-04-19 00:00:00+00:00,2026-04-20 13:45:19.416012945+00:00,high,bug,2.8
TICKET-CUST-00963-1,CUST-00963,2026-02-22 00:00:00+00:00,2026-02-23 09:03:28.010570206+00:00,low,bug,3.2
TICKET-CUST-00963-2,CUST-00963,2026-03-05 00:00:00+00:00,2026-03-06 01:16:45.411757853+00:00,high,training,2.6
TICKET-CUST-00963-3,CUST-00963,2026-03-27 00:00:00+00:00,2026-03-27 23:07:05.072212986+00:00,low,billing,4.0
TICKET-CUST-00964-0,CUST-00964,2026-02-04 00:00:00+00:00,2026-02-05 02:54:35.280050420+00:00,low,general,4.1
TICKET-CUST-00964-1,CUST-00964,2026-02-20 00:00:00+00:00,2026-02-21 02:35:47.441403281+00:00,low,training,2.7
TICKET-CUST-00964-2,CUST-00964,2026-03-11 00:00:00+00:00,2026-03-13 00:34:36.344131898+00:00,high,training,2.8
TICKET-CUST-00965-0,CUST-00965,2026-04-18 00:00:00+00:00,2026-04-19 17:44:45.947334481+00:00,medium,general,1.8
TICKET-CUST-00966-0,CUST-00966,2026-03-02 00:00:00+00:00,2026-03-03 04:27:35.802535256+00:00,low,bug,4.9
TICKET-CUST-00966-1,CUST-00966,2026-04-15 00:00:00+00:00,2026-04-15 23:08:24.869560347+00:00,low,bug,4.2
TICKET-CUST-00967-0,CUST-00967,2026-02-06 00:00:00+00:00,,medium,general,3.7
TICKET-CUST-00967-1,CUST-00967,2026-02-12 00:00:00+00:00,2026-02-13 12:10:33.587123923+00:00,medium,billing,2.6
TICKET-CUST-00968-0,CUST-00968,2026-03-18 00:00:00+00:00,2026-03-18 16:38:40.575237303+00:00,high,billing,5.0
TICKET-CUST-00968-1,CUST-00968,2026-01-23 00:00:00+00:00,2026-01-24 06:58:39.890555913+00:00,high,training,3.5
TICKET-CUST-00969-0,CUST-00969,2026-02-09 00:00:00+00:00,2026-02-10 22:05:15.192108527+00:00,low,bug,3.0
TICKET-CUST-00969-1,CUST-00969,2026-04-04 00:00:00+00:00,2026-04-06 04:23:21.544869188+00:00,medium,training,3.6
TICKET-CUST-00970-0,CUST-00970,2026-04-11 00:00:00+00:00,2026-04-12 21:36:58.409318894+00:00,high,billing,1.9
TICKET-CUST-00970-1,CUST-00970,2026-02-19 00:00:00+00:00,2026-02-21 05:51:33.412117339+00:00,low,general,2.2
TICKET-CUST-00971-0,CUST-00971,2026-03-26 00:00:00+00:00,2026-03-27 14:34:02.344214040+00:00,high,bug,3.7
TICKET-CUST-00973-0,CUST-00973,2026-03-07 00:00:00+00:00,2026-03-08 01:46:09.462873107+00:00,high,billing,3.9
TICKET-CUST-00973-1,CUST-00973,2026-01-22 00:00:00+00:00,2026-01-22 10:50:22.361135809+00:00,medium,general,3.8
TICKET-CUST-00974-0,CUST-00974,2026-02-01 00:00:00+00:00,2026-02-02 01:39:19.482396022+00:00,low,general,3.8
TICKET-CUST-00975-0,CUST-00975,2026-03-24 00:00:00+00:00,,medium,training,4.3
TICKET-CUST-00975-1,CUST-00975,2026-02-04 00:00:00+00:00,2026-02-06 08:10:05.533807850+00:00,medium,training,3.0
TICKET-CUST-00976-0,CUST-00976,2026-03-27 00:00:00+00:00,2026-03-28 07:46:08.555698901+00:00,low,general,3.1
TICKET-CUST-00976-1,CUST-00976,2026-02-12 00:00:00+00:00,2026-02-14 02:58:56.023951055+00:00,high,general,3.8
TICKET-CUST-00979-0,CUST-00979,2026-01-23 00:00:00+00:00,2026-01-23 12:40:44.650539043+00:00,medium,general,3.4
TICKET-CUST-00980-0,CUST-00980,2026-03-31 00:00:00+00:00,2026-04-01 11:33:49.205104119+00:00,low,billing,3.1
TICKET-CUST-00981-0,CUST-00981,2026-04-01 00:00:00+00:00,2026-04-02 16:20:33.108640537+00:00,low,billing,2.4
TICKET-CUST-00982-0,CUST-00982,2026-04-17 00:00:00+00:00,2026-04-18 04:36:16.273000252+00:00,medium,training,3.2
TICKET-CUST-00982-1,CUST-00982,2026-03-22 00:00:00+00:00,2026-03-23 15:45:14.313300299+00:00,high,training,3.0
TICKET-CUST-00982-2,CUST-00982,2026-02-11 00:00:00+00:00,2026-02-11 08:47:34.053873581+00:00,medium,general,5.0
TICKET-CUST-00982-3,CUST-00982,2026-02-07 00:00:00+00:00,2026-02-07 23:28:42.424530229+00:00,low,training,2.5
TICKET-CUST-00983-0,CUST-00983,2026-02-05 00:00:00+00:00,2026-02-06 22:55:27.352864757+00:00,medium,billing,3.9
TICKET-CUST-00985-0,CUST-00985,2026-03-22 00:00:00+00:00,2026-03-23 09:25:36.193142217+00:00,medium,billing,3.7
TICKET-CUST-00985-1,CUST-00985,2026-03-31 00:00:00+00:00,2026-04-01 22:53:53.820649096+00:00,medium,general,2.6
TICKET-CUST-00985-2,CUST-00985,2026-02-11 00:00:00+00:00,2026-02-13 12:41:10.735090361+00:00,high,bug,4.7
TICKET-CUST-00985-3,CUST-00985,2026-02-01 00:00:00+00:00,2026-02-02 19:00:40.122731162+00:00,low,general,3.7
TICKET-CUST-00986-0,CUST-00986,2026-01-30 00:00:00+00:00,2026-01-31 00:33:08.094540275+00:00,medium,general,4.4
TICKET-CUST-00987-0,CUST-00987,2026-04-17 00:00:00+00:00,2026-04-18 13:18:18.538521023+00:00,low,bug,3.4
TICKET-CUST-00987-1,CUST-00987,2026-03-10 00:00:00+00:00,,low,bug,4.1
TICKET-CUST-00988-0,CUST-00988,2026-03-22 00:00:00+00:00,2026-03-23 18:46:17.956492838+00:00,low,bug,2.1
TICKET-CUST-00988-1,CUST-00988,2026-03-25 00:00:00+00:00,2026-03-26 21:27:08.166384135+00:00,low,training,1.4
TICKET-CUST-00989-0,CUST-00989,2026-04-06 00:00:00+00:00,2026-04-08 11:18:16.028939438+00:00,low,bug,3.2
TICKET-CUST-00989-1,CUST-00989,2026-04-16 00:00:00+00:00,2026-04-17 17:56:53.008486560+00:00,medium,general,4.1
TICKET-CUST-00989-2,CUST-00989,2026-03-24 00:00:00+00:00,2026-03-25 15:37:37.092893149+00:00,medium,bug,4.3
TICKET-CUST-00991-0,CUST-00991,2026-03-06 00:00:00+00:00,2026-03-07 01:56:32.473580972+00:00,high,bug,2.8
TICKET-CUST-00993-0,CUST-00993,2026-04-10 00:00:00+00:00,2026-04-10 18:57:44.003263532+00:00,low,bug,3.8
TICKET-CUST-00994-0,CUST-00994,2026-04-06 00:00:00+00:00,,low,billing,2.1
TICKET-CUST-00994-1,CUST-00994,2026-03-22 00:00:00+00:00,2026-03-23 15:14:49.987721837+00:00,high,general,5.0
TICKET-CUST-00997-0,CUST-00997,2026-02-24 00:00:00+00:00,2026-02-25 22:48:31.790401460+00:00,medium,bug,3.8
TICKET-CUST-00997-1,CUST-00997,2026-04-18 00:00:00+00:00,2026-04-19 22:07:28.207393243+00:00,low,billing,2.7
TICKET-CUST-00997-2,CUST-00997,2026-03-05 00:00:00+00:00,2026-03-06 01:38:50.586223340+00:00,high,general,2.6
TICKET-CUST-00998-0,CUST-00998,2026-03-19 00:00:00+00:00,2026-03-20 16:20:24.152047390+00:00,medium,bug,3.6
TICKET-CUST-00999-0,CUST-00999,2026-02-25 00:00:00+00:00,2026-02-26 04:08:21.990305577+00:00,low,training,3.7
TICKET-CUST-00999-1,CUST-00999,2026-02-05 00:00:00+00:00,2026-02-06 17:35:20.250360198+00:00,low,billing,4.5
TICKET-CUST-00999-2,CUST-00999,2026-02-17 00:00:00+00:00,2026-02-18 01:42:01.520173338+00:00,low,general,4.1
TICKET-CUST-00999-3,CUST-00999,2026-04-01 00:00:00+00:00,2026-04-03 02:13:26.201833774+00:00,medium,training,3.9
TICKET-CUST-01001-0,CUST-01001,2026-02-25 00:00:00+00:00,2026-02-26 06:49:40.463980645+00:00,low,general,3.7
TICKET-CUST-01002-0,CUST-01002,2026-04-06 00:00:00+00:00,2026-04-06 20:13:13.966421053+00:00,low,general,4.1
TICKET-CUST-01002-1,CUST-01002,2026-03-08 00:00:00+00:00,2026-03-08 10:54:11.779058719+00:00,medium,billing,3.5
TICKET-CUST-01002-2,CUST-01002,2026-04-14 00:00:00+00:00,,low,bug,5.0
TICKET-CUST-01003-0,CUST-01003,2026-01-25 00:00:00+00:00,2026-01-26 11:44:36.272869593+00:00,low,training,3.9
TICKET-CUST-01004-0,CUST-01004,2026-02-15 00:00:00+00:00,2026-02-16 01:40:03.204602404+00:00,low,training,2.8
TICKET-CUST-01005-0,CUST-01005,2026-03-21 00:00:00+00:00,2026-03-22 03:06:25.062986424+00:00,high,billing,3.2
TICKET-CUST-01005-1,CUST-01005,2026-04-18 00:00:00+00:00,2026-04-18 11:26:08.929295486+00:00,medium,bug,3.8
TICKET-CUST-01006-0,CUST-01006,2026-02-15 00:00:00+00:00,,high,bug,3.0
TICKET-CUST-01006-1,CUST-01006,2026-04-19 00:00:00+00:00,2026-04-20 07:42:38.503988552+00:00,low,training,3.8
TICKET-CUST-01006-2,CUST-01006,2026-04-18 00:00:00+00:00,2026-04-18 22:53:56.667408864+00:00,medium,training,4.0
TICKET-CUST-01007-0,CUST-01007,2026-04-09 00:00:00+00:00,,low,training,2.0
TICKET-CUST-01009-0,CUST-01009,2026-03-20 00:00:00+00:00,2026-03-21 13:30:40.910934888+00:00,low,training,3.9
TICKET-CUST-01009-1,CUST-01009,2026-03-12 00:00:00+00:00,,low,training,4.1
TICKET-CUST-01010-0,CUST-01010,2026-03-07 00:00:00+00:00,2026-03-08 05:37:44.784353150+00:00,low,training,2.5
TICKET-CUST-01010-1,CUST-01010,2026-02-08 00:00:00+00:00,2026-02-08 12:19:31.410358948+00:00,medium,billing,2.5
TICKET-CUST-01011-0,CUST-01011,2026-04-18 00:00:00+00:00,2026-04-18 13:29:33.381555937+00:00,medium,bug,4.6
TICKET-CUST-01012-0,CUST-01012,2026-01-30 00:00:00+00:00,2026-01-31 02:10:02.401569987+00:00,low,billing,1.8
TICKET-CUST-01013-0,CUST-01013,2026-04-02 00:00:00+00:00,2026-04-02 19:06:43.338594574+00:00,low,general,4.5
TICKET-CUST-01015-0,CUST-01015,2026-01-27 00:00:00+00:00,2026-01-28 13:32:28.931133387+00:00,low,general,3.8
TICKET-CUST-01015-1,CUST-01015,2026-01-29 00:00:00+00:00,2026-01-30 15:30:18.573985078+00:00,low,training,3.4
TICKET-CUST-01015-2,CUST-01015,2026-04-07 00:00:00+00:00,2026-04-08 21:46:39.274154036+00:00,low,training,3.1
TICKET-CUST-01016-0,CUST-01016,2026-03-17 00:00:00+00:00,,low,billing,3.7
TICKET-CUST-01016-1,CUST-01016,2026-04-09 00:00:00+00:00,2026-04-11 04:28:23.837975588+00:00,low,billing,3.1
TICKET-CUST-01017-0,CUST-01017,2026-04-02 00:00:00+00:00,2026-04-04 12:58:24.234047648+00:00,low,general,2.6
TICKET-CUST-01017-1,CUST-01017,2026-03-17 00:00:00+00:00,2026-03-19 03:36:14.896043576+00:00,low,general,3.4
TICKET-CUST-01018-0,CUST-01018,2026-02-03 00:00:00+00:00,2026-02-04 12:31:41.656280913+00:00,high,billing,3.9
TICKET-CUST-01019-0,CUST-01019,2026-02-05 00:00:00+00:00,2026-02-05 14:51:55.290080247+00:00,low,bug,4.0
TICKET-CUST-01020-0,CUST-01020,2026-03-09 00:00:00+00:00,2026-03-10 04:24:45.152153593+00:00,medium,training,3.0
TICKET-CUST-01022-0,CUST-01022,2026-04-13 00:00:00+00:00,2026-04-14 02:42:52.336140659+00:00,high,bug,3.8
TICKET-CUST-01022-1,CUST-01022,2026-02-19 00:00:00+00:00,2026-02-20 15:32:19.707597673+00:00,low,general,2.8
TICKET-CUST-01022-2,CUST-01022,2026-02-11 00:00:00+00:00,2026-02-11 22:56:14.176059815+00:00,low,training,4.3
TICKET-CUST-01022-3,CUST-01022,2026-04-08 00:00:00+00:00,2026-04-08 14:15:21.349021571+00:00,low,training,3.8
TICKET-CUST-01025-0,CUST-01025,2026-03-02 00:00:00+00:00,2026-03-03 03:59:42.628951322+00:00,high,billing,2.9
TICKET-CUST-01025-1,CUST-01025,2026-03-10 00:00:00+00:00,2026-03-11 17:29:41.977713567+00:00,low,billing,4.1
TICKET-CUST-01027-0,CUST-01027,2026-03-31 00:00:00+00:00,2026-04-01 15:41:12.489622181+00:00,low,general,4.3
TICKET-CUST-01027-1,CUST-01027,2026-03-13 00:00:00+00:00,2026-03-14 16:57:43.046564825+00:00,low,billing,4.4
TICKET-CUST-01029-0,CUST-01029,2026-02-28 00:00:00+00:00,2026-03-02 05:30:33.476696195+00:00,medium,general,3.2
TICKET-CUST-01029-1,CUST-01029,2026-02-18 00:00:00+00:00,2026-02-20 09:48:03.547500902+00:00,high,bug,3.1
TICKET-CUST-01029-2,CUST-01029,2026-03-08 00:00:00+00:00,2026-03-09 16:14:17.032039784+00:00,high,billing,3.7
TICKET-CUST-01029-3,CUST-01029,2026-04-19 00:00:00+00:00,,low,billing,3.6
TICKET-CUST-01030-0,CUST-01030,2026-04-01 00:00:00+00:00,2026-04-03 07:10:48.039654157+00:00,low,general,2.8
TICKET-CUST-01030-1,CUST-01030,2026-02-19 00:00:00+00:00,2026-02-21 02:46:28.038005545+00:00,medium,general,3.4
TICKET-CUST-01030-2,CUST-01030,2026-03-05 00:00:00+00:00,,high,billing,3.5
TICKET-CUST-01030-3,CUST-01030,2026-04-12 00:00:00+00:00,2026-04-14 16:05:54.712384552+00:00,medium,general,2.7
TICKET-CUST-01031-0,CUST-01031,2026-04-04 00:00:00+00:00,2026-04-04 19:45:28.163490921+00:00,low,bug,3.3
TICKET-CUST-01032-0,CUST-01032,2026-02-05 00:00:00+00:00,2026-02-06 22:11:00.520691583+00:00,high,general,2.7
TICKET-CUST-01032-1,CUST-01032,2026-03-26 00:00:00+00:00,2026-03-27 13:15:01.018658794+00:00,medium,billing,3.0
TICKET-CUST-01032-2,CUST-01032,2026-03-25 00:00:00+00:00,2026-03-26 10:38:17.779132893+00:00,low,general,3.6
TICKET-CUST-01034-0,CUST-01034,2026-03-12 00:00:00+00:00,2026-03-12 19:38:02.505733111+00:00,medium,training,4.3
TICKET-CUST-01035-0,CUST-01035,2026-03-25 00:00:00+00:00,,high,general,2.7
TICKET-CUST-01036-0,CUST-01036,2026-03-08 00:00:00+00:00,2026-03-09 06:08:53.892910395+00:00,medium,training,3.6
TICKET-CUST-01038-0,CUST-01038,2026-02-09 00:00:00+00:00,2026-02-10 04:32:18.313316684+00:00,medium,training,4.6
TICKET-CUST-01041-0,CUST-01041,2026-01-30 00:00:00+00:00,2026-01-31 09:59:13.786854612+00:00,medium,bug,2.4
TICKET-CUST-01046-0,CUST-01046,2026-04-14 00:00:00+00:00,2026-04-16 08:33:21.761596299+00:00,medium,training,2.7
TICKET-CUST-01046-1,CUST-01046,2026-04-10 00:00:00+00:00,2026-04-11 18:34:11.853217066+00:00,low,billing,3.4
TICKET-CUST-01047-0,CUST-01047,2026-02-28 00:00:00+00:00,2026-03-02 12:11:36.113331337+00:00,medium,bug,3.1
TICKET-CUST-01047-1,CUST-01047,2026-03-21 00:00:00+00:00,2026-03-22 09:36:34.848798238+00:00,low,general,3.6
TICKET-CUST-01048-0,CUST-01048,2026-02-15 00:00:00+00:00,2026-02-15 18:01:18.792640609+00:00,low,training,3.5
TICKET-CUST-01048-1,CUST-01048,2026-03-22 00:00:00+00:00,2026-03-23 03:16:36.054701263+00:00,low,general,2.4
TICKET-CUST-01050-0,CUST-01050,2026-02-15 00:00:00+00:00,2026-02-16 07:31:50.515796302+00:00,high,bug,3.9
TICKET-CUST-01050-1,CUST-01050,2026-01-29 00:00:00+00:00,2026-01-30 02:57:08.753227543+00:00,medium,billing,2.9
TICKET-CUST-01053-0,CUST-01053,2026-01-27 00:00:00+00:00,2026-01-29 07:31:16.450988807+00:00,low,training,2.6
TICKET-CUST-01053-1,CUST-01053,2026-04-02 00:00:00+00:00,2026-04-03 20:06:00.764063648+00:00,low,bug,3.1
TICKET-CUST-01054-0,CUST-01054,2026-03-17 00:00:00+00:00,2026-03-18 09:27:27.739943646+00:00,medium,billing,4.8
TICKET-CUST-01055-0,CUST-01055,2026-02-14 00:00:00+00:00,,high,general,3.8
TICKET-CUST-01055-1,CUST-01055,2026-02-03 00:00:00+00:00,2026-02-05 00:37:49.717796839+00:00,medium,general,4.0
TICKET-CUST-01055-2,CUST-01055,2026-03-10 00:00:00+00:00,2026-03-11 17:48:25.700615077+00:00,high,billing,3.2
TICKET-CUST-01055-3,CUST-01055,2026-04-07 00:00:00+00:00,2026-04-08 05:03:19.673204456+00:00,low,general,3.4
TICKET-CUST-01056-0,CUST-01056,2026-02-16 00:00:00+00:00,2026-02-17 13:43:37.162230001+00:00,low,bug,4.3
TICKET-CUST-01056-1,CUST-01056,2026-04-04 00:00:00+00:00,2026-04-05 14:17:32.231085664+00:00,medium,billing,2.9
TICKET-CUST-01058-0,CUST-01058,2026-04-20 00:00:00+00:00,2026-04-20 21:00:33.948895239+00:00,low,general,4.0
TICKET-CUST-01059-0,CUST-01059,2026-02-05 00:00:00+00:00,2026-02-06 07:35:40.064739519+00:00,medium,general,3.5
TICKET-CUST-01061-0,CUST-01061,2026-02-26 00:00:00+00:00,2026-02-27 03:03:27.017900348+00:00,low,billing,3.7
TICKET-CUST-01061-1,CUST-01061,2026-03-13 00:00:00+00:00,2026-03-14 07:59:42.599028370+00:00,low,billing,4.8
TICKET-CUST-01061-2,CUST-01061,2026-02-24 00:00:00+00:00,2026-02-25 04:12:51.980350450+00:00,medium,billing,2.1
TICKET-CUST-01061-3,CUST-01061,2026-02-23 00:00:00+00:00,2026-02-24 07:43:25.642599186+00:00,low,billing,4.4
TICKET-CUST-01062-0,CUST-01062,2026-03-24 00:00:00+00:00,,low,bug,4.3
TICKET-CUST-01062-1,CUST-01062,2026-02-18 00:00:00+00:00,2026-02-20 00:00:24.347520240+00:00,low,training,2.0
TICKET-CUST-01065-0,CUST-01065,2026-02-14 00:00:00+00:00,2026-02-15 23:33:37.605170678+00:00,low,billing,3.7
TICKET-CUST-01065-1,CUST-01065,2026-02-08 00:00:00+00:00,2026-02-10 01:41:23.365192292+00:00,low,bug,2.2
TICKET-CUST-01065-2,CUST-01065,2026-03-18 00:00:00+00:00,2026-03-19 08:02:29.225087557+00:00,low,billing,1.7
TICKET-CUST-01065-3,CUST-01065,2026-01-28 00:00:00+00:00,2026-01-30 00:31:59.737609385+00:00,medium,bug,2.4
TICKET-CUST-01065-4,CUST-01065,2026-03-07 00:00:00+00:00,,low,bug,1.8
TICKET-CUST-01065-5,CUST-01065,2026-03-05 00:00:00+00:00,2026-03-06 23:28:40.259660537+00:00,low,general,3.2
TICKET-CUST-01065-6,CUST-01065,2026-01-26 00:00:00+00:00,2026-01-27 23:45:59.243867991+00:00,low,general,3.1
TICKET-CUST-01066-0,CUST-01066,2026-02-13 00:00:00+00:00,2026-02-14 09:01:48.401681117+00:00,low,general,3.2
TICKET-CUST-01069-0,CUST-01069,2026-02-08 00:00:00+00:00,2026-02-10 02:02:22.249579848+00:00,low,general,3.7
TICKET-CUST-01070-0,CUST-01070,2026-03-23 00:00:00+00:00,2026-03-23 14:32:45.456582928+00:00,medium,general,4.2
TICKET-CUST-01072-0,CUST-01072,2026-04-16 00:00:00+00:00,2026-04-17 16:14:18.507977738+00:00,medium,billing,2.7
TICKET-CUST-01072-1,CUST-01072,2026-04-18 00:00:00+00:00,2026-04-19 19:40:28.897634137+00:00,low,training,2.7
TICKET-CUST-01073-0,CUST-01073,2026-01-22 00:00:00+00:00,2026-01-23 08:42:23.000345040+00:00,high,billing,2.8
TICKET-CUST-01073-1,CUST-01073,2026-02-21 00:00:00+00:00,2026-02-22 17:11:29.590315444+00:00,low,general,2.0
TICKET-CUST-01075-0,CUST-01075,2026-02-20 00:00:00+00:00,2026-02-20 20:22:34.164043415+00:00,low,bug,4.7
TICKET-CUST-01076-0,CUST-01076,2026-04-15 00:00:00+00:00,2026-04-17 03:17:03.800993357+00:00,medium,billing,2.9
TICKET-CUST-01076-1,CUST-01076,2026-02-28 00:00:00+00:00,2026-03-01 17:06:06.223081102+00:00,high,general,1.5
TICKET-CUST-01078-0,CUST-01078,2026-04-12 00:00:00+00:00,2026-04-13 20:06:15.606370197+00:00,medium,billing,2.9
TICKET-CUST-01078-1,CUST-01078,2026-02-25 00:00:00+00:00,,low,training,3.2
TICKET-CUST-01078-2,CUST-01078,2026-02-25 00:00:00+00:00,2026-02-27 12:16:21.180207557+00:00,high,training,3.9
TICKET-CUST-01079-0,CUST-01079,2026-04-03 00:00:00+00:00,2026-04-04 14:40:47.228847701+00:00,medium,billing,2.5
TICKET-CUST-01079-1,CUST-01079,2026-03-01 00:00:00+00:00,2026-03-02 09:25:05.444160448+00:00,low,bug,3.2
TICKET-CUST-01080-0,CUST-01080,2026-02-23 00:00:00+00:00,2026-02-24 16:21:35.357162114+00:00,low,training,2.9
TICKET-CUST-01080-1,CUST-01080,2026-04-06 00:00:00+00:00,2026-04-07 09:43:51.881395216+00:00,low,billing,3.1
TICKET-CUST-01080-2,CUST-01080,2026-03-08 00:00:00+00:00,2026-03-09 08:03:22.370802181+00:00,medium,billing,3.2
TICKET-CUST-01080-3,CUST-01080,2026-03-13 00:00:00+00:00,2026-03-14 03:46:13.397479332+00:00,low,bug,2.3
TICKET-CUST-01083-0,CUST-01083,2026-04-14 00:00:00+00:00,2026-04-15 04:59:59.190449620+00:00,low,training,2.5
TICKET-CUST-01084-0,CUST-01084,2026-01-22 00:00:00+00:00,,medium,general,4.2
TICKET-CUST-01085-0,CUST-01085,2026-04-04 00:00:00+00:00,2026-04-06 09:56:27.854647146+00:00,medium,general,3.9
TICKET-CUST-01085-1,CUST-01085,2026-01-27 00:00:00+00:00,2026-01-28 23:03:54.352668992+00:00,medium,training,3.2
TICKET-CUST-01087-0,CUST-01087,2026-02-15 00:00:00+00:00,,low,training,4.4
TICKET-CUST-01087-1,CUST-01087,2026-02-16 00:00:00+00:00,2026-02-17 15:48:32.765535465+00:00,low,bug,3.5
TICKET-CUST-01090-0,CUST-01090,2026-03-18 00:00:00+00:00,2026-03-19 16:34:27.283489170+00:00,medium,general,3.2
TICKET-CUST-01090-1,CUST-01090,2026-03-10 00:00:00+00:00,2026-03-11 01:34:17.867455044+00:00,low,training,2.9
TICKET-CUST-01090-2,CUST-01090,2026-02-25 00:00:00+00:00,2026-02-26 04:17:04.919266555+00:00,low,training,1.7
TICKET-CUST-01091-0,CUST-01091,2026-03-10 00:00:00+00:00,,medium,training,3.3
TICKET-CUST-01091-1,CUST-01091,2026-04-09 00:00:00+00:00,2026-04-10 11:39:21.349647914+00:00,low,training,4.0
TICKET-CUST-01091-2,CUST-01091,2026-03-11 00:00:00+00:00,,low,general,2.3
TICKET-CUST-01092-0,CUST-01092,2026-03-07 00:00:00+00:00,2026-03-09 08:24:30.482026877+00:00,low,general,2.4
TICKET-CUST-01093-0,CUST-01093,2026-03-25 00:00:00+00:00,2026-03-25 20:57:33.537049830+00:00,low,bug,3.0
TICKET-CUST-01093-1,CUST-01093,2026-04-16 00:00:00+00:00,2026-04-17 00:11:44.153671079+00:00,medium,bug,1.8
TICKET-CUST-01093-2,CUST-01093,2026-01-27 00:00:00+00:00,2026-01-27 18:51:50.191631641+00:00,low,training,3.7
TICKET-CUST-01094-0,CUST-01094,2026-04-06 00:00:00+00:00,2026-04-06 19:35:23.499699501+00:00,medium,training,4.0
TICKET-CUST-01095-0,CUST-01095,2026-01-23 00:00:00+00:00,2026-01-24 16:34:07.521936622+00:00,medium,billing,2.9
TICKET-CUST-01095-1,CUST-01095,2026-04-04 00:00:00+00:00,2026-04-05 21:29:16.301846558+00:00,medium,billing,2.6
TICKET-CUST-01095-2,CUST-01095,2026-01-22 00:00:00+00:00,2026-01-23 16:13:49.769170850+00:00,low,training,3.0
TICKET-CUST-01096-0,CUST-01096,2026-03-16 00:00:00+00:00,2026-03-16 07:46:53.069298944+00:00,high,training,4.9
TICKET-CUST-01098-0,CUST-01098,2026-04-02 00:00:00+00:00,2026-04-03 19:37:52.941976584+00:00,low,general,3.0
TICKET-CUST-01098-1,CUST-01098,2026-01-25 00:00:00+00:00,2026-01-26 07:08:36.810121596+00:00,medium,general,3.4
TICKET-CUST-01099-0,CUST-01099,2026-03-02 00:00:00+00:00,2026-03-02 03:10:42.152217804+00:00,medium,bug,4.7
TICKET-CUST-01102-0,CUST-01102,2026-02-22 00:00:00+00:00,2026-02-23 10:04:11.428268405+00:00,medium,bug,2.8
TICKET-CUST-01104-0,CUST-01104,2026-02-15 00:00:00+00:00,2026-02-16 00:05:53.971388349+00:00,low,billing,4.3
TICKET-CUST-01105-0,CUST-01105,2026-02-02 00:00:00+00:00,2026-02-03 17:09:15.669198407+00:00,high,billing,1.8
TICKET-CUST-01106-0,CUST-01106,2026-02-19 00:00:00+00:00,2026-02-21 08:35:44.945099061+00:00,low,general,3.2
TICKET-CUST-01106-1,CUST-01106,2026-02-09 00:00:00+00:00,2026-02-11 04:49:15.047515277+00:00,low,billing,2.9
TICKET-CUST-01106-2,CUST-01106,2026-02-19 00:00:00+00:00,2026-02-21 06:02:04.608457880+00:00,low,general,3.0
TICKET-CUST-01106-3,CUST-01106,2026-02-05 00:00:00+00:00,,high,training,3.8
TICKET-CUST-01106-4,CUST-01106,2026-04-16 00:00:00+00:00,2026-04-18 07:31:36.120181215+00:00,low,training,1.4
TICKET-CUST-01107-0,CUST-01107,2026-03-06 00:00:00+00:00,2026-03-07 14:43:14.491861268+00:00,low,bug,3.9
TICKET-CUST-01107-1,CUST-01107,2026-03-11 00:00:00+00:00,2026-03-12 19:00:35.469614368+00:00,medium,billing,2.0
TICKET-CUST-01108-0,CUST-01108,2026-04-17 00:00:00+00:00,,medium,general,2.3
TICKET-CUST-01108-1,CUST-01108,2026-02-17 00:00:00+00:00,2026-02-18 14:34:14.204117903+00:00,low,training,2.7
TICKET-CUST-01108-2,CUST-01108,2026-03-07 00:00:00+00:00,2026-03-08 22:34:31.643757794+00:00,low,general,2.9
TICKET-CUST-01109-0,CUST-01109,2026-04-13 00:00:00+00:00,2026-04-13 23:36:24.782396904+00:00,low,bug,3.4
TICKET-CUST-01112-0,CUST-01112,2026-03-29 00:00:00+00:00,2026-03-31 11:53:55.608304978+00:00,medium,bug,1.8
TICKET-CUST-01112-1,CUST-01112,2026-02-18 00:00:00+00:00,,medium,billing,3.9
TICKET-CUST-01112-2,CUST-01112,2026-04-09 00:00:00+00:00,2026-04-10 17:33:39.238456112+00:00,low,billing,2.0
TICKET-CUST-01112-3,CUST-01112,2026-03-04 00:00:00+00:00,2026-03-05 20:26:10.583687282+00:00,high,billing,3.0
TICKET-CUST-01112-4,CUST-01112,2026-02-01 00:00:00+00:00,2026-02-03 11:31:42.292846800+00:00,low,training,3.8
TICKET-CUST-01116-0,CUST-01116,2026-02-21 00:00:00+00:00,2026-02-21 17:38:37.996392245+00:00,medium,billing,4.7
TICKET-CUST-01117-0,CUST-01117,2026-03-14 00:00:00+00:00,2026-03-15 21:13:26.071684136+00:00,low,billing,2.5
TICKET-CUST-01117-1,CUST-01117,2026-03-24 00:00:00+00:00,2026-03-25 13:44:10.150143879+00:00,low,training,1.6
TICKET-CUST-01117-2,CUST-01117,2026-03-15 00:00:00+00:00,2026-03-16 06:01:36.432681858+00:00,medium,bug,4.2
TICKET-CUST-01118-0,CUST-01118,2026-02-18 00:00:00+00:00,2026-02-19 19:04:27.471159148+00:00,medium,bug,3.1
TICKET-CUST-01119-0,CUST-01119,2026-03-19 00:00:00+00:00,2026-03-20 09:35:07.737699183+00:00,low,training,1.8
TICKET-CUST-01119-1,CUST-01119,2026-03-26 00:00:00+00:00,2026-03-27 16:30:22.285974322+00:00,medium,training,1.8
TICKET-CUST-01119-2,CUST-01119,2026-02-14 00:00:00+00:00,2026-02-15 03:48:22.352723606+00:00,medium,bug,4.3
TICKET-CUST-01120-0,CUST-01120,2026-04-15 00:00:00+00:00,2026-04-16 22:52:05.141331751+00:00,low,training,2.9
TICKET-CUST-01120-1,CUST-01120,2026-04-10 00:00:00+00:00,2026-04-11 08:47:26.427421109+00:00,medium,bug,3.1
TICKET-CUST-01120-2,CUST-01120,2026-04-17 00:00:00+00:00,2026-04-18 20:57:56.444000922+00:00,high,billing,4.3
TICKET-CUST-01120-3,CUST-01120,2026-02-18 00:00:00+00:00,2026-02-19 18:25:28.617832808+00:00,medium,billing,2.8
TICKET-CUST-01122-0,CUST-01122,2026-02-03 00:00:00+00:00,2026-02-04 11:48:42.022485445+00:00,low,general,3.5
TICKET-CUST-01122-1,CUST-01122,2026-04-20 00:00:00+00:00,2026-04-21 07:01:15.571931736+00:00,medium,billing,5.0
TICKET-CUST-01124-0,CUST-01124,2026-02-07 00:00:00+00:00,2026-02-08 14:41:00.023658728+00:00,low,billing,3.4
TICKET-CUST-01126-0,CUST-01126,2026-03-04 00:00:00+00:00,2026-03-04 21:59:07.052512831+00:00,medium,general,3.7
TICKET-CUST-01126-1,CUST-01126,2026-04-10 00:00:00+00:00,2026-04-11 08:53:14.239021504+00:00,medium,training,3.4
TICKET-CUST-01126-2,CUST-01126,2026-03-17 00:00:00+00:00,2026-03-17 23:48:43.127921432+00:00,low,billing,4.8
TICKET-CUST-01128-0,CUST-01128,2026-02-21 00:00:00+00:00,,low,training,2.9
TICKET-CUST-01128-1,CUST-01128,2026-04-15 00:00:00+00:00,2026-04-16 21:14:46.757044798+00:00,medium,training,2.5
TICKET-CUST-01129-0,CUST-01129,2026-02-22 00:00:00+00:00,2026-02-23 09:07:49.930060491+00:00,medium,billing,1.9
TICKET-CUST-01129-1,CUST-01129,2026-01-24 00:00:00+00:00,2026-01-25 11:43:32.637920615+00:00,low,general,2.6
TICKET-CUST-01129-2,CUST-01129,2026-02-18 00:00:00+00:00,,medium,bug,1.8
TICKET-CUST-01129-3,CUST-01129,2026-02-04 00:00:00+00:00,2026-02-06 01:26:56.283461181+00:00,high,billing,4.8
TICKET-CUST-01130-0,CUST-01130,2026-01-27 00:00:00+00:00,2026-01-28 20:01:23.740110437+00:00,low,general,3.4
TICKET-CUST-01130-1,CUST-01130,2026-02-25 00:00:00+00:00,2026-02-26 12:02:31.615374241+00:00,medium,training,2.7
TICKET-CUST-01130-2,CUST-01130,2026-03-11 00:00:00+00:00,,low,billing,3.5
TICKET-CUST-01130-3,CUST-01130,2026-02-20 00:00:00+00:00,2026-02-21 03:35:54.651945909+00:00,low,billing,4.1
TICKET-CUST-01130-4,CUST-01130,2026-02-13 00:00:00+00:00,2026-02-14 16:16:47.496246300+00:00,medium,general,3.0
TICKET-CUST-01131-0,CUST-01131,2026-03-03 00:00:00+00:00,2026-03-03 19:08:28.575833693+00:00,low,training,3.6
TICKET-CUST-01131-1,CUST-01131,2026-03-14 00:00:00+00:00,,low,training,3.5
TICKET-CUST-01131-2,CUST-01131,2026-03-18 00:00:00+00:00,2026-03-18 18:47:40.430263783+00:00,high,billing,3.1
TICKET-CUST-01131-3,CUST-01131,2026-03-04 00:00:00+00:00,2026-03-05 07:36:01.632464923+00:00,low,general,3.3
TICKET-CUST-01133-0,CUST-01133,2026-03-17 00:00:00+00:00,2026-03-19 01:55:27.293036189+00:00,low,billing,3.3
TICKET-CUST-01133-1,CUST-01133,2026-03-07 00:00:00+00:00,2026-03-08 13:16:57.994431380+00:00,low,bug,3.8
TICKET-CUST-01133-2,CUST-01133,2026-04-14 00:00:00+00:00,2026-04-15 05:53:26.467246828+00:00,low,bug,2.5
TICKET-CUST-01133-3,CUST-01133,2026-02-24 00:00:00+00:00,2026-02-25 03:59:14.094875588+00:00,low,training,3.1
TICKET-CUST-01135-0,CUST-01135,2026-04-07 00:00:00+00:00,2026-04-08 15:32:30.517985452+00:00,low,training,2.5
TICKET-CUST-01136-0,CUST-01136,2026-04-05 00:00:00+00:00,,low,general,3.2
TICKET-CUST-01137-0,CUST-01137,2026-01-26 00:00:00+00:00,,medium,bug,3.7
TICKET-CUST-01137-1,CUST-01137,2026-04-08 00:00:00+00:00,2026-04-09 14:02:50.015407356+00:00,medium,general,3.0
TICKET-CUST-01139-0,CUST-01139,2026-01-26 00:00:00+00:00,2026-01-28 06:47:51.406454770+00:00,medium,general,2.4
TICKET-CUST-01140-0,CUST-01140,2026-02-07 00:00:00+00:00,2026-02-09 11:37:00.286341147+00:00,low,training,2.4
TICKET-CUST-01140-1,CUST-01140,2026-02-20 00:00:00+00:00,2026-02-22 08:13:07.171715195+00:00,high,billing,2.4
TICKET-CUST-01140-2,CUST-01140,2026-04-09 00:00:00+00:00,,low,bug,3.0
TICKET-CUST-01140-3,CUST-01140,2026-03-02 00:00:00+00:00,2026-03-04 14:53:18.954069395+00:00,low,billing,2.2
TICKET-CUST-01140-4,CUST-01140,2026-04-05 00:00:00+00:00,2026-04-06 21:24:32.737108961+00:00,medium,bug,1.9
TICKET-CUST-01141-0,CUST-01141,2026-01-29 00:00:00+00:00,2026-01-29 23:35:04.653288901+00:00,low,general,2.9
TICKET-CUST-01143-0,CUST-01143,2026-03-14 00:00:00+00:00,2026-03-15 22:40:55.691315790+00:00,medium,billing,3.2
TICKET-CUST-01143-1,CUST-01143,2026-02-27 00:00:00+00:00,2026-03-01 06:47:49.771259446+00:00,medium,general,3.3
TICKET-CUST-01147-0,CUST-01147,2026-04-15 00:00:00+00:00,2026-04-16 03:45:06.928752635+00:00,low,billing,3.3
TICKET-CUST-01148-0,CUST-01148,2026-02-25 00:00:00+00:00,2026-02-25 18:01:16.818466092+00:00,low,billing,4.8
TICKET-CUST-01150-0,CUST-01150,2026-02-27 00:00:00+00:00,2026-02-28 16:30:47.383661659+00:00,medium,training,3.4
TICKET-CUST-01150-1,CUST-01150,2026-03-27 00:00:00+00:00,2026-03-28 20:58:03.812265761+00:00,medium,billing,3.5
TICKET-CUST-01154-0,CUST-01154,2026-03-03 00:00:00+00:00,2026-03-04 13:25:53.139771073+00:00,low,billing,3.5
TICKET-CUST-01155-0,CUST-01155,2026-02-01 00:00:00+00:00,2026-02-02 10:59:03.136025146+00:00,low,billing,4.5
TICKET-CUST-01155-1,CUST-01155,2026-02-20 00:00:00+00:00,2026-02-20 21:52:52.958513194+00:00,medium,general,4.3
TICKET-CUST-01155-2,CUST-01155,2026-01-24 00:00:00+00:00,2026-01-25 10:11:56.587893077+00:00,low,general,3.6
TICKET-CUST-01155-3,CUST-01155,2026-02-08 00:00:00+00:00,2026-02-09 12:55:31.587086435+00:00,low,general,4.0
TICKET-CUST-01155-4,CUST-01155,2026-03-01 00:00:00+00:00,2026-03-02 18:42:54.118541974+00:00,high,bug,3.3
TICKET-CUST-01157-0,CUST-01157,2026-02-02 00:00:00+00:00,2026-02-03 10:20:28.500126188+00:00,low,billing,2.2
TICKET-CUST-01159-0,CUST-01159,2026-03-19 00:00:00+00:00,2026-03-20 21:34:44.663319709+00:00,low,billing,2.2
TICKET-CUST-01159-1,CUST-01159,2026-04-08 00:00:00+00:00,2026-04-09 21:34:12.009312109+00:00,medium,general,3.9
TICKET-CUST-01160-0,CUST-01160,2026-02-23 00:00:00+00:00,2026-02-24 04:26:28.611897627+00:00,high,billing,3.1
TICKET-CUST-01161-0,CUST-01161,2026-03-30 00:00:00+00:00,2026-03-31 07:45:33.291037703+00:00,low,training,3.2
TICKET-CUST-01162-0,CUST-01162,2026-02-11 00:00:00+00:00,2026-02-12 10:09:21.343777251+00:00,medium,bug,2.0
TICKET-CUST-01162-1,CUST-01162,2026-02-23 00:00:00+00:00,,low,general,4.0
TICKET-CUST-01163-0,CUST-01163,2026-03-26 00:00:00+00:00,2026-03-26 12:02:45.317077403+00:00,low,billing,4.3
TICKET-CUST-01163-1,CUST-01163,2026-03-25 00:00:00+00:00,2026-03-25 13:02:41.040188921+00:00,high,general,3.9
TICKET-CUST-01167-0,CUST-01167,2026-03-31 00:00:00+00:00,2026-04-01 13:14:00.562310075+00:00,high,training,4.2
TICKET-CUST-01168-0,CUST-01168,2026-04-06 00:00:00+00:00,2026-04-06 11:43:01.712214015+00:00,medium,billing,3.4
TICKET-CUST-01169-0,CUST-01169,2026-04-05 00:00:00+00:00,2026-04-06 23:56:13.353124225+00:00,low,training,2.5
TICKET-CUST-01171-0,CUST-01171,2026-03-18 00:00:00+00:00,2026-03-18 21:24:23.800807249+00:00,low,billing,2.6
TICKET-CUST-01172-0,CUST-01172,2026-03-02 00:00:00+00:00,2026-03-04 10:34:52.343144422+00:00,low,general,2.2
TICKET-CUST-01172-1,CUST-01172,2026-01-23 00:00:00+00:00,2026-01-25 04:15:18.818092646+00:00,medium,billing,3.0
TICKET-CUST-01172-2,CUST-01172,2026-03-10 00:00:00+00:00,2026-03-12 15:12:44.206452172+00:00,medium,general,3.2
TICKET-CUST-01172-3,CUST-01172,2026-02-05 00:00:00+00:00,,low,general,1.0
TICKET-CUST-01173-0,CUST-01173,2026-04-17 00:00:00+00:00,2026-04-18 13:43:06.893723648+00:00,low,bug,2.3
TICKET-CUST-01174-0,CUST-01174,2026-02-04 00:00:00+00:00,2026-02-05 15:11:49.588595073+00:00,low,bug,3.9
TICKET-CUST-01174-1,CUST-01174,2026-04-08 00:00:00+00:00,2026-04-10 01:59:56.005410485+00:00,low,general,2.0
TICKET-CUST-01177-0,CUST-01177,2026-02-25 00:00:00+00:00,2026-02-26 13:47:59.711843041+00:00,high,general,4.2
TICKET-CUST-01178-0,CUST-01178,2026-04-07 00:00:00+00:00,2026-04-07 18:11:01.522732691+00:00,low,training,4.3
TICKET-CUST-01180-0,CUST-01180,2026-04-14 00:00:00+00:00,2026-04-14 19:52:42.168798174+00:00,medium,general,4.4
TICKET-CUST-01180-1,CUST-01180,2026-03-28 00:00:00+00:00,2026-03-29 07:03:39.370713406+00:00,medium,general,3.9
TICKET-CUST-01181-0,CUST-01181,2026-02-07 00:00:00+00:00,2026-02-08 22:55:00.642111751+00:00,low,billing,4.6
TICKET-CUST-01182-0,CUST-01182,2026-02-16 00:00:00+00:00,2026-02-16 18:41:19.186944641+00:00,low,training,4.2
TICKET-CUST-01184-0,CUST-01184,2026-02-14 00:00:00+00:00,,medium,bug,3.6
TICKET-CUST-01184-1,CUST-01184,2026-02-11 00:00:00+00:00,,low,training,2.8
TICKET-CUST-01184-2,CUST-01184,2026-03-23 00:00:00+00:00,2026-03-24 18:46:17.083695341+00:00,medium,bug,4.1
TICKET-CUST-01185-0,CUST-01185,2026-03-20 00:00:00+00:00,2026-03-21 07:29:12.730469451+00:00,low,general,4.2
TICKET-CUST-01186-0,CUST-01186,2026-03-15 00:00:00+00:00,,medium,billing,2.1
TICKET-CUST-01186-1,CUST-01186,2026-04-07 00:00:00+00:00,2026-04-08 11:32:47.699024871+00:00,medium,bug,3.1
TICKET-CUST-01187-0,CUST-01187,2026-02-06 00:00:00+00:00,2026-02-08 01:02:49.390495323+00:00,medium,billing,2.2
TICKET-CUST-01188-0,CUST-01188,2026-02-17 00:00:00+00:00,,medium,billing,3.9
TICKET-CUST-01188-1,CUST-01188,2026-01-25 00:00:00+00:00,2026-01-25 17:35:50.689765217+00:00,low,bug,4.7
TICKET-CUST-01188-2,CUST-01188,2026-03-21 00:00:00+00:00,2026-03-22 07:21:43.337578680+00:00,low,training,3.9
TICKET-CUST-01189-0,CUST-01189,2026-03-31 00:00:00+00:00,2026-03-31 16:38:07.912755981+00:00,medium,general,3.4
TICKET-CUST-01190-0,CUST-01190,2026-01-24 00:00:00+00:00,2026-01-25 04:09:39.740702268+00:00,high,billing,4.1
TICKET-CUST-01190-1,CUST-01190,2026-02-05 00:00:00+00:00,2026-02-06 02:04:11.203433485+00:00,low,training,5.0
TICKET-CUST-01191-0,CUST-01191,2026-02-17 00:00:00+00:00,2026-02-17 08:08:33.091093378+00:00,low,billing,3.0
TICKET-CUST-01192-0,CUST-01192,2026-03-03 00:00:00+00:00,2026-03-04 11:25:08.779235645+00:00,medium,general,2.1
TICKET-CUST-01192-1,CUST-01192,2026-03-30 00:00:00+00:00,2026-03-30 20:57:32.506469052+00:00,low,billing,2.9
TICKET-CUST-01193-0,CUST-01193,2026-01-30 00:00:00+00:00,2026-01-31 00:40:00.356539541+00:00,medium,bug,3.1
TICKET-CUST-01193-1,CUST-01193,2026-03-09 00:00:00+00:00,2026-03-10 17:31:49.030939316+00:00,low,bug,2.9
TICKET-CUST-01193-2,CUST-01193,2026-04-04 00:00:00+00:00,2026-04-05 05:39:03.521846394+00:00,low,training,3.7
TICKET-CUST-01193-3,CUST-01193,2026-03-20 00:00:00+00:00,2026-03-20 23:34:35.722695264+00:00,low,general,3.3
TICKET-CUST-01195-0,CUST-01195,2026-04-17 00:00:00+00:00,2026-04-18 13:51:16.452087329+00:00,high,general,3.9
TICKET-CUST-01195-1,CUST-01195,2026-03-31 00:00:00+00:00,2026-04-01 03:13:46.229369733+00:00,medium,bug,4.3
TICKET-CUST-01195-2,CUST-01195,2026-03-30 00:00:00+00:00,2026-03-31 09:16:23.465514063+00:00,medium,training,4.5
TICKET-CUST-01195-3,CUST-01195,2026-02-06 00:00:00+00:00,2026-02-07 08:39:04.254835102+00:00,medium,bug,2.2
TICKET-CUST-01198-0,CUST-01198,2026-02-24 00:00:00+00:00,2026-02-25 14:19:36.781722495+00:00,low,billing,1.9
TICKET-CUST-01198-1,CUST-01198,2026-02-17 00:00:00+00:00,2026-02-18 20:09:53.081052160+00:00,high,training,4.5
TICKET-CUST-01199-0,CUST-01199,2026-02-05 00:00:00+00:00,2026-02-05 15:17:40.824549285+00:00,medium,billing,3.7
TICKET-CUST-01202-0,CUST-01202,2026-03-10 00:00:00+00:00,2026-03-11 12:47:32.808623987+00:00,medium,bug,3.4
TICKET-CUST-01204-0,CUST-01204,2026-04-02 00:00:00+00:00,2026-04-02 23:51:13.052152984+00:00,low,training,4.4
TICKET-CUST-01204-1,CUST-01204,2026-01-25 00:00:00+00:00,2026-01-25 23:46:19.781142490+00:00,medium,general,4.0
TICKET-CUST-01204-2,CUST-01204,2026-02-05 00:00:00+00:00,2026-02-06 12:10:58.774883550+00:00,low,training,4.6
TICKET-CUST-01206-0,CUST-01206,2026-01-24 00:00:00+00:00,2026-01-26 18:01:17.667518317+00:00,medium,general,2.2
TICKET-CUST-01206-1,CUST-01206,2026-01-23 00:00:00+00:00,2026-01-25 22:29:16.226626186+00:00,low,training,1.4
TICKET-CUST-01206-2,CUST-01206,2026-02-18 00:00:00+00:00,2026-02-20 08:57:07.274279206+00:00,high,training,2.9
TICKET-CUST-01206-3,CUST-01206,2026-02-22 00:00:00+00:00,2026-02-24 15:32:34.409926135+00:00,low,billing,1.0
TICKET-CUST-01207-0,CUST-01207,2026-03-18 00:00:00+00:00,2026-03-19 09:13:05.791379652+00:00,high,general,2.6
TICKET-CUST-01208-0,CUST-01208,2026-03-16 00:00:00+00:00,2026-03-16 12:16:02.413948452+00:00,medium,billing,3.9
TICKET-CUST-01209-0,CUST-01209,2026-03-17 00:00:00+00:00,2026-03-18 03:47:10.604962610+00:00,low,bug,4.0
TICKET-CUST-01209-1,CUST-01209,2026-03-18 00:00:00+00:00,2026-03-19 07:27:38.899886341+00:00,low,billing,3.5
TICKET-CUST-01211-0,CUST-01211,2026-02-15 00:00:00+00:00,2026-02-16 11:53:47.423426664+00:00,low,training,3.5
TICKET-CUST-01212-0,CUST-01212,2026-04-03 00:00:00+00:00,2026-04-04 09:06:16.947559762+00:00,medium,bug,3.8
TICKET-CUST-01213-0,CUST-01213,2026-02-15 00:00:00+00:00,2026-02-15 19:39:46.633876644+00:00,medium,general,4.6
TICKET-CUST-01214-0,CUST-01214,2026-02-08 00:00:00+00:00,2026-02-09 09:18:07.267751116+00:00,low,bug,5.0
TICKET-CUST-01214-1,CUST-01214,2026-04-01 00:00:00+00:00,2026-04-02 13:40:29.669360866+00:00,medium,billing,4.0
TICKET-CUST-01216-0,CUST-01216,2026-04-13 00:00:00+00:00,2026-04-14 07:35:39.613423856+00:00,high,training,3.0
TICKET-CUST-01216-1,CUST-01216,2026-01-31 00:00:00+00:00,2026-02-01 05:33:32.860825326+00:00,low,training,4.0
TICKET-CUST-01217-0,CUST-01217,2026-02-13 00:00:00+00:00,2026-02-14 18:46:00.339031753+00:00,low,bug,4.9
TICKET-CUST-01219-0,CUST-01219,2026-04-14 00:00:00+00:00,2026-04-14 20:30:18.269564782+00:00,low,training,3.6
TICKET-CUST-01220-0,CUST-01220,2026-04-05 00:00:00+00:00,,low,training,3.1
TICKET-CUST-01220-1,CUST-01220,2026-02-21 00:00:00+00:00,2026-02-22 05:59:54.667163350+00:00,medium,general,3.9
TICKET-CUST-01221-0,CUST-01221,2026-02-11 00:00:00+00:00,2026-02-13 05:22:15.147957504+00:00,medium,training,2.4
TICKET-CUST-01221-1,CUST-01221,2026-02-21 00:00:00+00:00,2026-02-23 07:05:49.904533205+00:00,high,billing,3.8
TICKET-CUST-01223-0,CUST-01223,2026-02-09 00:00:00+00:00,2026-02-10 15:48:51.602549788+00:00,low,bug,3.4
TICKET-CUST-01225-0,CUST-01225,2026-02-08 00:00:00+00:00,2026-02-09 19:22:31.012282103+00:00,low,training,3.1
TICKET-CUST-01225-1,CUST-01225,2026-03-13 00:00:00+00:00,2026-03-14 06:21:24.253193434+00:00,low,billing,4.3
TICKET-CUST-01225-2,CUST-01225,2026-03-21 00:00:00+00:00,2026-03-22 04:21:27.642779754+00:00,low,billing,3.1
TICKET-CUST-01225-3,CUST-01225,2026-01-23 00:00:00+00:00,2026-01-23 12:53:59.320934416+00:00,low,training,3.6
TICKET-CUST-01226-0,CUST-01226,2026-01-28 00:00:00+00:00,2026-01-29 07:53:26.414880315+00:00,low,bug,4.0
TICKET-CUST-01226-1,CUST-01226,2026-02-15 00:00:00+00:00,2026-02-15 22:49:46.072621379+00:00,high,bug,2.4
TICKET-CUST-01226-2,CUST-01226,2026-03-23 00:00:00+00:00,,high,general,2.4
TICKET-CUST-01227-0,CUST-01227,2026-02-05 00:00:00+00:00,2026-02-05 11:55:23.847078013+00:00,low,bug,3.3
TICKET-CUST-01228-0,CUST-01228,2026-03-30 00:00:00+00:00,2026-03-30 23:19:41.229169893+00:00,low,bug,2.4
TICKET-CUST-01229-0,CUST-01229,2026-02-08 00:00:00+00:00,2026-02-09 12:22:32.940705841+00:00,medium,general,2.7
TICKET-CUST-01229-1,CUST-01229,2026-03-31 00:00:00+00:00,2026-04-01 22:09:51.445085616+00:00,low,training,3.3
TICKET-CUST-01229-2,CUST-01229,2026-03-25 00:00:00+00:00,2026-03-26 14:59:32.138158002+00:00,high,billing,1.0
TICKET-CUST-01230-0,CUST-01230,2026-03-16 00:00:00+00:00,2026-03-17 14:03:20.075840640+00:00,low,bug,3.6
TICKET-CUST-01231-0,CUST-01231,2026-03-13 00:00:00+00:00,2026-03-15 03:05:27.976239928+00:00,low,billing,2.1
TICKET-CUST-01231-1,CUST-01231,2026-02-07 00:00:00+00:00,,medium,training,1.5
TICKET-CUST-01232-0,CUST-01232,2026-04-17 00:00:00+00:00,2026-04-19 11:48:37.333562820+00:00,medium,general,3.0
TICKET-CUST-01234-0,CUST-01234,2026-01-27 00:00:00+00:00,2026-01-27 02:00:00+00:00,medium,general,3.7
TICKET-CUST-01234-1,CUST-01234,2026-01-30 00:00:00+00:00,2026-01-30 02:54:14.923352313+00:00,low,billing,5.0
TICKET-CUST-01235-0,CUST-01235,2026-02-01 00:00:00+00:00,2026-02-02 23:17:45.597944245+00:00,low,general,2.6
TICKET-CUST-01236-0,CUST-01236,2026-04-03 00:00:00+00:00,2026-04-03 20:48:25.708981678+00:00,low,training,4.3
TICKET-CUST-01238-0,CUST-01238,2026-03-27 00:00:00+00:00,2026-03-27 18:26:16.459706606+00:00,low,general,3.5
TICKET-CUST-01239-0,CUST-01239,2026-04-02 00:00:00+00:00,2026-04-03 08:31:54.284887118+00:00,low,training,3.7
TICKET-CUST-01240-0,CUST-01240,2026-04-15 00:00:00+00:00,,medium,general,3.3
TICKET-CUST-01244-0,CUST-01244,2026-02-06 00:00:00+00:00,2026-02-07 10:34:16.380691711+00:00,low,billing,3.9
TICKET-CUST-01248-0,CUST-01248,2026-02-07 00:00:00+00:00,2026-02-08 10:48:34.885688034+00:00,medium,bug,4.1
TICKET-CUST-01250-0,CUST-01250,2026-03-31 00:00:00+00:00,2026-04-01 01:11:30.657151640+00:00,medium,billing,4.6
TICKET-CUST-01251-0,CUST-01251,2026-02-21 00:00:00+00:00,,low,billing,3.4
TICKET-CUST-01253-0,CUST-01253,2026-04-18 00:00:00+00:00,2026-04-19 18:48:27.710319223+00:00,low,billing,2.4
TICKET-CUST-01255-0,CUST-01255,2026-03-11 00:00:00+00:00,2026-03-12 16:21:46.935075644+00:00,high,training,2.3
TICKET-CUST-01259-0,CUST-01259,2026-03-04 00:00:00+00:00,2026-03-04 19:32:05.703886741+00:00,low,training,3.3
TICKET-CUST-01259-1,CUST-01259,2026-02-23 00:00:00+00:00,2026-02-24 10:55:41.750315440+00:00,low,billing,3.6
TICKET-CUST-01259-2,CUST-01259,2026-03-26 00:00:00+00:00,2026-03-27 10:39:02.738224130+00:00,medium,billing,3.3
TICKET-CUST-01259-3,CUST-01259,2026-02-23 00:00:00+00:00,,high,general,3.3
TICKET-CUST-01261-0,CUST-01261,2026-01-25 00:00:00+00:00,2026-01-26 06:24:25.667969523+00:00,medium,general,4.5
TICKET-CUST-01261-1,CUST-01261,2026-04-09 00:00:00+00:00,2026-04-10 11:07:53.839543844+00:00,medium,bug,4.1
TICKET-CUST-01261-2,CUST-01261,2026-03-31 00:00:00+00:00,2026-04-01 07:53:46.171867061+00:00,medium,bug,3.9
TICKET-CUST-01262-0,CUST-01262,2026-02-12 00:00:00+00:00,2026-02-12 23:49:59.769636520+00:00,low,billing,5.0
TICKET-CUST-01262-1,CUST-01262,2026-03-30 00:00:00+00:00,2026-03-31 21:23:21.370153398+00:00,low,bug,3.6
TICKET-CUST-01263-0,CUST-01263,2026-01-23 00:00:00+00:00,2026-01-25 09:55:26.696688983+00:00,medium,training,2.2
TICKET-CUST-01263-1,CUST-01263,2026-04-01 00:00:00+00:00,2026-04-03 04:15:36.609134697+00:00,medium,training,1.9
TICKET-CUST-01263-2,CUST-01263,2026-02-09 00:00:00+00:00,2026-02-10 14:36:50.042059772+00:00,medium,bug,3.7
TICKET-CUST-01266-0,CUST-01266,2026-03-28 00:00:00+00:00,2026-03-29 21:54:03.265603580+00:00,medium,training,3.6
TICKET-CUST-01267-0,CUST-01267,2026-02-12 00:00:00+00:00,2026-02-13 14:12:02.850810889+00:00,low,billing,4.3
TICKET-CUST-01268-0,CUST-01268,2026-03-21 00:00:00+00:00,2026-03-22 08:00:27.589644055+00:00,high,general,3.4
TICKET-CUST-01268-1,CUST-01268,2026-03-24 00:00:00+00:00,2026-03-25 11:21:44.096569630+00:00,low,general,2.6
TICKET-CUST-01268-2,CUST-01268,2026-03-29 00:00:00+00:00,2026-03-30 07:03:39.136011682+00:00,low,billing,2.5
TICKET-CUST-01270-0,CUST-01270,2026-04-06 00:00:00+00:00,2026-04-06 23:25:42.205828168+00:00,high,billing,2.6
TICKET-CUST-01270-1,CUST-01270,2026-02-19 00:00:00+00:00,2026-02-20 14:55:47.144641984+00:00,high,general,3.1
TICKET-CUST-01270-2,CUST-01270,2026-02-13 00:00:00+00:00,2026-02-14 06:04:36.951646186+00:00,medium,billing,3.1
TICKET-CUST-01271-0,CUST-01271,2026-03-13 00:00:00+00:00,2026-03-14 01:13:48.075915826+00:00,high,billing,3.6
TICKET-CUST-01272-0,CUST-01272,2026-03-25 00:00:00+00:00,2026-03-26 20:31:26.019328573+00:00,high,bug,4.0
TICKET-CUST-01272-1,CUST-01272,2026-03-29 00:00:00+00:00,2026-03-30 07:10:28.831424764+00:00,low,training,4.5
TICKET-CUST-01273-0,CUST-01273,2026-02-22 00:00:00+00:00,2026-02-23 17:36:31.437347655+00:00,medium,training,4.3
TICKET-CUST-01274-0,CUST-01274,2026-04-06 00:00:00+00:00,2026-04-06 13:37:55.724039833+00:00,medium,training,5.0
TICKET-CUST-01278-0,CUST-01278,2026-03-01 00:00:00+00:00,2026-03-02 18:32:49.870627571+00:00,high,general,3.9
TICKET-CUST-01280-0,CUST-01280,2026-03-30 00:00:00+00:00,2026-03-30 15:43:44.375550372+00:00,medium,training,3.8
TICKET-CUST-01281-0,CUST-01281,2026-04-17 00:00:00+00:00,2026-04-18 03:21:33.271485439+00:00,low,training,4.0
TICKET-CUST-01281-1,CUST-01281,2026-03-06 00:00:00+00:00,2026-03-06 20:39:16.136913489+00:00,high,billing,2.1
TICKET-CUST-01282-0,CUST-01282,2026-03-12 00:00:00+00:00,2026-03-13 13:05:14.341030854+00:00,medium,general,3.1
TICKET-CUST-01282-1,CUST-01282,2026-02-26 00:00:00+00:00,2026-02-27 08:46:42.490421037+00:00,medium,bug,1.6
TICKET-CUST-01283-0,CUST-01283,2026-02-25 00:00:00+00:00,2026-02-26 04:39:35.072779750+00:00,low,training,2.7
TICKET-CUST-01283-1,CUST-01283,2026-02-20 00:00:00+00:00,2026-02-20 16:04:24.526499919+00:00,low,general,4.3
TICKET-CUST-01283-2,CUST-01283,2026-04-20 00:00:00+00:00,2026-04-20 07:58:43.699758134+00:00,low,training,5.0
TICKET-CUST-01287-0,CUST-01287,2026-03-01 00:00:00+00:00,2026-03-02 00:25:15.708449227+00:00,low,billing,4.9
TICKET-CUST-01288-0,CUST-01288,2026-03-06 00:00:00+00:00,2026-03-07 09:08:09.038004101+00:00,low,bug,3.0
TICKET-CUST-01288-1,CUST-01288,2026-04-13 00:00:00+00:00,2026-04-14 23:04:27.224304208+00:00,low,training,2.3
TICKET-CUST-01288-2,CUST-01288,2026-03-08 00:00:00+00:00,2026-03-09 06:18:48.531552992+00:00,low,general,4.4
TICKET-CUST-01291-0,CUST-01291,2026-04-19 00:00:00+00:00,2026-04-19 11:08:21.048775282+00:00,medium,training,3.5
TICKET-CUST-01293-0,CUST-01293,2026-03-04 00:00:00+00:00,2026-03-05 08:06:36.015337239+00:00,low,billing,4.8
TICKET-CUST-01294-0,CUST-01294,2026-03-20 00:00:00+00:00,2026-03-20 06:51:24.829526263+00:00,low,training,3.5
TICKET-CUST-01295-0,CUST-01295,2026-04-04 00:00:00+00:00,2026-04-04 22:25:24.261713803+00:00,high,training,3.2
TICKET-CUST-01296-0,CUST-01296,2026-04-16 00:00:00+00:00,2026-04-17 21:44:05.721038603+00:00,low,training,1.8
TICKET-CUST-01296-1,CUST-01296,2026-03-09 00:00:00+00:00,2026-03-10 07:56:02.585912121+00:00,medium,billing,3.2
TICKET-CUST-01296-2,CUST-01296,2026-04-07 00:00:00+00:00,2026-04-08 08:15:53.154516366+00:00,high,billing,1.0
TICKET-CUST-01297-0,CUST-01297,2026-04-02 00:00:00+00:00,2026-04-02 16:30:49.837811821+00:00,medium,general,3.6
TICKET-CUST-01298-0,CUST-01298,2026-04-13 00:00:00+00:00,2026-04-14 07:37:43.564740298+00:00,medium,general,2.6
TICKET-CUST-01299-0,CUST-01299,2026-04-03 00:00:00+00:00,2026-04-04 02:10:33.964655750+00:00,low,training,3.0
TICKET-CUST-01299-1,CUST-01299,2026-03-10 00:00:00+00:00,2026-03-11 03:48:18.423363233+00:00,low,training,3.8
TICKET-CUST-01299-2,CUST-01299,2026-02-05 00:00:00+00:00,2026-02-06 00:57:48.625711974+00:00,medium,billing,2.9
TICKET-CUST-01300-0,CUST-01300,2026-03-17 00:00:00+00:00,2026-03-18 04:03:06.543219652+00:00,medium,billing,3.4
TICKET-CUST-01301-0,CUST-01301,2026-03-30 00:00:00+00:00,2026-03-30 15:09:48.138647706+00:00,low,bug,2.0
TICKET-CUST-01302-0,CUST-01302,2026-04-04 00:00:00+00:00,2026-04-05 03:07:13.295665575+00:00,medium,bug,3.7
TICKET-CUST-01304-0,CUST-01304,2026-02-23 00:00:00+00:00,2026-02-24 20:27:14.586261447+00:00,low,billing,3.1
TICKET-CUST-01304-1,CUST-01304,2026-02-01 00:00:00+00:00,2026-02-02 15:52:52.999191510+00:00,high,training,3.0
TICKET-CUST-01306-0,CUST-01306,2026-02-26 00:00:00+00:00,2026-02-27 02:03:20.054196343+00:00,low,training,2.9
TICKET-CUST-01306-1,CUST-01306,2026-01-29 00:00:00+00:00,2026-01-30 16:57:27.149499697+00:00,low,training,3.8
TICKET-CUST-01307-0,CUST-01307,2026-02-27 00:00:00+00:00,2026-02-28 08:14:59.538372213+00:00,low,bug,3.0
TICKET-CUST-01307-1,CUST-01307,2026-02-18 00:00:00+00:00,2026-02-19 16:56:51.324267068+00:00,high,billing,3.8
TICKET-CUST-01307-2,CUST-01307,2026-01-22 00:00:00+00:00,2026-01-23 22:39:33.424978112+00:00,medium,training,4.4
TICKET-CUST-01308-0,CUST-01308,2026-02-11 00:00:00+00:00,2026-02-12 21:01:43.166004737+00:00,low,training,4.4
TICKET-CUST-01308-1,CUST-01308,2026-03-13 00:00:00+00:00,2026-03-14 18:12:51.601917014+00:00,low,bug,3.6
TICKET-CUST-01308-2,CUST-01308,2026-02-12 00:00:00+00:00,2026-02-12 22:56:46.532362419+00:00,medium,billing,2.3
TICKET-CUST-01308-3,CUST-01308,2026-03-10 00:00:00+00:00,2026-03-11 02:06:46.088440865+00:00,medium,training,4.0
TICKET-CUST-01309-0,CUST-01309,2026-01-22 00:00:00+00:00,2026-01-22 17:46:45.031770943+00:00,medium,training,5.0
TICKET-CUST-01309-1,CUST-01309,2026-04-11 00:00:00+00:00,2026-04-11 23:51:18.957952097+00:00,low,billing,3.4
TICKET-CUST-01310-0,CUST-01310,2026-04-14 00:00:00+00:00,,high,general,3.0
TICKET-CUST-01310-1,CUST-01310,2026-04-02 00:00:00+00:00,2026-04-04 15:17:57.686808582+00:00,low,billing,1.5
TICKET-CUST-01311-0,CUST-01311,2026-02-05 00:00:00+00:00,2026-02-05 23:23:49.264411024+00:00,low,general,5.0
TICKET-CUST-01313-0,CUST-01313,2026-03-11 00:00:00+00:00,2026-03-11 19:18:20.089725637+00:00,medium,training,4.1
TICKET-CUST-01314-0,CUST-01314,2026-04-02 00:00:00+00:00,2026-04-04 19:44:54.435195241+00:00,low,bug,3.5
TICKET-CUST-01315-0,CUST-01315,2026-03-20 00:00:00+00:00,2026-03-21 01:11:22.481807441+00:00,medium,billing,3.8
TICKET-CUST-01316-0,CUST-01316,2026-02-07 00:00:00+00:00,2026-02-08 18:47:47.382617594+00:00,medium,bug,2.4
TICKET-CUST-01316-1,CUST-01316,2026-04-01 00:00:00+00:00,2026-04-02 18:33:10.159345389+00:00,low,general,3.2
TICKET-CUST-01316-2,CUST-01316,2026-02-05 00:00:00+00:00,2026-02-06 10:39:02.486574887+00:00,medium,billing,3.3
TICKET-CUST-01317-0,CUST-01317,2026-04-02 00:00:00+00:00,2026-04-03 02:01:29.066436222+00:00,low,training,4.6
TICKET-CUST-01317-1,CUST-01317,2026-01-22 00:00:00+00:00,2026-01-23 14:18:18.734847913+00:00,medium,general,3.9
TICKET-CUST-01318-0,CUST-01318,2026-03-26 00:00:00+00:00,,low,bug,3.8
TICKET-CUST-01318-1,CUST-01318,2026-02-26 00:00:00+00:00,2026-02-27 06:18:22.154883196+00:00,low,training,4.8
TICKET-CUST-01319-0,CUST-01319,2026-04-07 00:00:00+00:00,2026-04-07 15:14:00.282301415+00:00,low,training,3.9
TICKET-CUST-01320-0,CUST-01320,2026-03-12 00:00:00+00:00,2026-03-12 08:02:02.476831521+00:00,low,general,3.8
TICKET-CUST-01321-0,CUST-01321,2026-01-30 00:00:00+00:00,2026-01-30 19:50:44.894617622+00:00,medium,bug,4.2
TICKET-CUST-01322-0,CUST-01322,2026-04-14 00:00:00+00:00,2026-04-16 03:12:54.378675844+00:00,low,bug,3.1
TICKET-CUST-01322-1,CUST-01322,2026-03-11 00:00:00+00:00,2026-03-13 04:22:01.809007562+00:00,medium,training,2.3
TICKET-CUST-01322-2,CUST-01322,2026-02-21 00:00:00+00:00,2026-02-22 22:43:19.034911124+00:00,medium,bug,2.7
TICKET-CUST-01323-0,CUST-01323,2026-03-05 00:00:00+00:00,2026-03-06 11:43:33.567338208+00:00,medium,training,2.8
TICKET-CUST-01323-1,CUST-01323,2026-03-09 00:00:00+00:00,2026-03-10 00:05:00.644956682+00:00,medium,general,4.4
TICKET-CUST-01324-0,CUST-01324,2026-03-18 00:00:00+00:00,2026-03-19 10:11:16.442860662+00:00,medium,billing,3.7
TICKET-CUST-01325-0,CUST-01325,2026-03-09 00:00:00+00:00,2026-03-10 03:23:38.637726549+00:00,medium,general,3.4
TICKET-CUST-01327-0,CUST-01327,2026-04-15 00:00:00+00:00,2026-04-17 09:16:51.015799431+00:00,medium,general,2.8
TICKET-CUST-01327-1,CUST-01327,2026-01-28 00:00:00+00:00,2026-01-29 23:19:22.001158147+00:00,low,billing,3.6
TICKET-CUST-01327-2,CUST-01327,2026-02-04 00:00:00+00:00,,high,bug,2.8
TICKET-CUST-01330-0,CUST-01330,2026-03-17 00:00:00+00:00,2026-03-17 16:55:26.913346062+00:00,medium,bug,4.4
TICKET-CUST-01331-0,CUST-01331,2026-02-22 00:00:00+00:00,2026-02-22 08:54:42.966155853+00:00,low,bug,3.5
TICKET-CUST-01333-0,CUST-01333,2026-03-25 00:00:00+00:00,2026-03-26 01:28:43.295849373+00:00,medium,bug,4.0
TICKET-CUST-01336-0,CUST-01336,2026-03-22 00:00:00+00:00,2026-03-23 17:05:43.082850749+00:00,low,billing,2.1
TICKET-CUST-01337-0,CUST-01337,2026-02-22 00:00:00+00:00,2026-02-23 16:45:21.925028362+00:00,low,bug,2.4
TICKET-CUST-01337-1,CUST-01337,2026-04-04 00:00:00+00:00,2026-04-05 07:28:48.262598445+00:00,medium,training,3.0
TICKET-CUST-01337-2,CUST-01337,2026-04-14 00:00:00+00:00,2026-04-16 01:11:43.662521085+00:00,low,bug,4.4
TICKET-CUST-01337-3,CUST-01337,2026-04-05 00:00:00+00:00,2026-04-06 04:47:54.898960271+00:00,low,general,2.3
TICKET-CUST-01338-0,CUST-01338,2026-04-17 00:00:00+00:00,2026-04-18 11:10:21.940189143+00:00,low,general,1.7
TICKET-CUST-01338-1,CUST-01338,2026-03-02 00:00:00+00:00,2026-03-03 22:59:54.850210592+00:00,low,billing,2.8
TICKET-CUST-01338-2,CUST-01338,2026-02-19 00:00:00+00:00,2026-02-21 18:40:12.411685675+00:00,low,training,1.5
TICKET-CUST-01341-0,CUST-01341,2026-04-02 00:00:00+00:00,2026-04-04 12:30:34.020217987+00:00,low,bug,3.0
TICKET-CUST-01342-0,CUST-01342,2026-04-09 00:00:00+00:00,2026-04-10 10:43:27.209768209+00:00,medium,billing,3.9
TICKET-CUST-01342-1,CUST-01342,2026-04-16 00:00:00+00:00,2026-04-17 05:00:12.259102493+00:00,low,billing,3.9
TICKET-CUST-01343-0,CUST-01343,2026-02-01 00:00:00+00:00,2026-02-01 19:25:11.410099987+00:00,medium,training,3.1
TICKET-CUST-01343-1,CUST-01343,2026-04-17 00:00:00+00:00,2026-04-18 13:32:52.198121424+00:00,low,bug,3.4
TICKET-CUST-01344-0,CUST-01344,2026-02-28 00:00:00+00:00,2026-02-28 23:35:10.661994235+00:00,low,training,3.8
TICKET-CUST-01344-1,CUST-01344,2026-01-31 00:00:00+00:00,2026-02-01 20:32:47.489074866+00:00,high,training,3.2
TICKET-CUST-01344-2,CUST-01344,2026-02-20 00:00:00+00:00,2026-02-21 07:32:33.966744800+00:00,high,bug,2.8
TICKET-CUST-01345-0,CUST-01345,2026-03-24 00:00:00+00:00,2026-03-25 00:34:56.799882657+00:00,low,billing,2.0
TICKET-CUST-01346-0,CUST-01346,2026-03-18 00:00:00+00:00,2026-03-19 05:41:56.700313216+00:00,medium,billing,4.1
TICKET-CUST-01346-1,CUST-01346,2026-02-26 00:00:00+00:00,2026-02-27 11:38:50.062380814+00:00,high,bug,4.3
TICKET-CUST-01347-0,CUST-01347,2026-01-28 00:00:00+00:00,2026-01-29 20:37:59.262837687+00:00,medium,billing,2.0
TICKET-CUST-01349-0,CUST-01349,2026-02-01 00:00:00+00:00,2026-02-02 10:49:16.248211423+00:00,medium,general,3.9
TICKET-CUST-01350-0,CUST-01350,2026-02-04 00:00:00+00:00,2026-02-05 02:01:15.780125476+00:00,low,training,4.4
TICKET-CUST-01351-0,CUST-01351,2026-03-31 00:00:00+00:00,,high,general,3.1
TICKET-CUST-01352-0,CUST-01352,2026-02-26 00:00:00+00:00,2026-02-27 13:16:38.090394568+00:00,low,bug,3.2
TICKET-CUST-01352-1,CUST-01352,2026-03-26 00:00:00+00:00,2026-03-27 13:21:25.777792033+00:00,low,bug,3.2
TICKET-CUST-01353-0,CUST-01353,2026-02-28 00:00:00+00:00,2026-03-01 18:06:45.625127928+00:00,low,billing,2.6
TICKET-CUST-01353-1,CUST-01353,2026-04-02 00:00:00+00:00,,medium,billing,1.0
TICKET-CUST-01353-2,CUST-01353,2026-04-06 00:00:00+00:00,,low,general,2.5
TICKET-CUST-01353-3,CUST-01353,2026-02-14 00:00:00+00:00,2026-02-16 01:52:48.790002541+00:00,low,general,3.0
TICKET-CUST-01354-0,CUST-01354,2026-01-24 00:00:00+00:00,2026-01-25 12:52:56.983275759+00:00,medium,billing,4.5
TICKET-CUST-01354-1,CUST-01354,2026-03-05 00:00:00+00:00,2026-03-05 16:35:43.145584872+00:00,medium,bug,2.4
TICKET-CUST-01355-0,CUST-01355,2026-02-11 00:00:00+00:00,,low,bug,3.8
TICKET-CUST-01356-0,CUST-01356,2026-02-14 00:00:00+00:00,2026-02-16 07:51:40.576533086+00:00,low,general,1.0
TICKET-CUST-01357-0,CUST-01357,2026-03-03 00:00:00+00:00,2026-03-05 01:07:09.885191217+00:00,low,bug,3.1
TICKET-CUST-01357-1,CUST-01357,2026-02-19 00:00:00+00:00,,medium,billing,1.0
TICKET-CUST-01357-2,CUST-01357,2026-02-24 00:00:00+00:00,,low,training,4.2
TICKET-CUST-01358-0,CUST-01358,2026-01-31 00:00:00+00:00,2026-02-01 13:40:29.886943161+00:00,high,general,3.1
TICKET-CUST-01359-0,CUST-01359,2026-03-22 00:00:00+00:00,2026-03-22 14:01:32.937833198+00:00,low,bug,4.1
TICKET-CUST-01361-0,CUST-01361,2026-01-27 00:00:00+00:00,2026-01-27 15:50:13.988217258+00:00,medium,bug,2.3
TICKET-CUST-01362-0,CUST-01362,2026-02-04 00:00:00+00:00,2026-02-04 21:24:53.213710487+00:00,medium,bug,2.8
TICKET-CUST-01362-1,CUST-01362,2026-03-12 00:00:00+00:00,2026-03-13 00:17:45.541823255+00:00,medium,bug,3.0
TICKET-CUST-01363-0,CUST-01363,2026-02-10 00:00:00+00:00,2026-02-11 07:12:56.784102155+00:00,low,bug,3.7
TICKET-CUST-01365-0,CUST-01365,2026-01-31 00:00:00+00:00,2026-02-02 11:34:03.292443087+00:00,low,billing,2.7
TICKET-CUST-01366-0,CUST-01366,2026-01-25 00:00:00+00:00,,medium,training,4.4
TICKET-CUST-01367-0,CUST-01367,2026-04-09 00:00:00+00:00,2026-04-11 10:28:49.841112508+00:00,low,training,2.1
TICKET-CUST-01369-0,CUST-01369,2026-02-22 00:00:00+00:00,2026-02-22 17:08:54.923728944+00:00,medium,bug,3.7
TICKET-CUST-01370-0,CUST-01370,2026-03-27 00:00:00+00:00,2026-03-29 11:20:41.291718936+00:00,medium,general,3.1
TICKET-CUST-01371-0,CUST-01371,2026-03-15 00:00:00+00:00,2026-03-16 20:02:56.801521420+00:00,low,bug,3.0
TICKET-CUST-01372-0,CUST-01372,2026-04-06 00:00:00+00:00,2026-04-08 00:37:15.082043336+00:00,low,general,2.7
TICKET-CUST-01372-1,CUST-01372,2026-02-04 00:00:00+00:00,2026-02-05 22:35:52.663723808+00:00,high,billing,3.5
TICKET-CUST-01374-0,CUST-01374,2026-03-31 00:00:00+00:00,2026-03-31 22:55:23.922987871+00:00,low,bug,4.3
TICKET-CUST-01380-0,CUST-01380,2026-02-08 00:00:00+00:00,2026-02-08 22:28:08.125460391+00:00,low,billing,4.6
TICKET-CUST-01380-1,CUST-01380,2026-01-31 00:00:00+00:00,2026-01-31 12:51:23.014342242+00:00,low,general,3.9
TICKET-CUST-01380-2,CUST-01380,2026-02-12 00:00:00+00:00,2026-02-13 00:48:01.854380468+00:00,high,general,2.0
TICKET-CUST-01381-0,CUST-01381,2026-03-26 00:00:00+00:00,2026-03-27 18:06:42.881473216+00:00,low,general,1.5
TICKET-CUST-01381-1,CUST-01381,2026-01-23 00:00:00+00:00,2026-01-24 04:17:59.676567271+00:00,low,billing,3.9
TICKET-CUST-01382-0,CUST-01382,2026-02-22 00:00:00+00:00,2026-02-23 21:26:45.431074984+00:00,medium,general,2.8
TICKET-CUST-01382-1,CUST-01382,2026-02-26 00:00:00+00:00,2026-02-27 15:26:44.294967109+00:00,medium,bug,2.9
TICKET-CUST-01383-0,CUST-01383,2026-04-14 00:00:00+00:00,2026-04-15 11:05:10.050979645+00:00,high,billing,4.0
TICKET-CUST-01383-1,CUST-01383,2026-03-15 00:00:00+00:00,2026-03-16 16:04:04.957723361+00:00,low,bug,4.9
TICKET-CUST-01383-2,CUST-01383,2026-04-08 00:00:00+00:00,2026-04-09 13:02:06.209587349+00:00,low,general,4.1
TICKET-CUST-01384-0,CUST-01384,2026-01-28 00:00:00+00:00,2026-01-30 01:25:18.142196792+00:00,medium,general,2.4
TICKET-CUST-01384-1,CUST-01384,2026-03-10 00:00:00+00:00,2026-03-12 04:40:53.203977864+00:00,low,bug,3.1
TICKET-CUST-01384-2,CUST-01384,2026-04-09 00:00:00+00:00,,medium,general,2.8
TICKET-CUST-01385-0,CUST-01385,2026-02-06 00:00:00+00:00,2026-02-07 10:10:56.246715028+00:00,low,bug,5.0
TICKET-CUST-01386-0,CUST-01386,2026-04-15 00:00:00+00:00,2026-04-16 05:21:37.305673928+00:00,high,billing,1.9
TICKET-CUST-01386-1,CUST-01386,2026-03-21 00:00:00+00:00,2026-03-22 09:57:13.114046307+00:00,low,training,3.0
TICKET-CUST-01386-2,CUST-01386,2026-03-12 00:00:00+00:00,2026-03-13 05:34:26.722527090+00:00,low,bug,3.0
TICKET-CUST-01386-3,CUST-01386,2026-04-09 00:00:00+00:00,2026-04-10 09:20:03.631939516+00:00,low,billing,3.4
TICKET-CUST-01387-0,CUST-01387,2026-03-06 00:00:00+00:00,2026-03-07 12:32:30.252012958+00:00,high,billing,3.2
TICKET-CUST-01390-0,CUST-01390,2026-03-02 00:00:00+00:00,2026-03-03 05:19:06.916777706+00:00,low,training,3.4
TICKET-CUST-01390-1,CUST-01390,2026-01-31 00:00:00+00:00,2026-01-31 17:21:44.012744927+00:00,low,training,2.9
TICKET-CUST-01391-0,CUST-01391,2026-03-24 00:00:00+00:00,2026-03-25 16:51:47.621028685+00:00,high,billing,3.5
TICKET-CUST-01391-1,CUST-01391,2026-01-28 00:00:00+00:00,2026-01-29 01:21:08.965846458+00:00,medium,billing,4.7
TICKET-CUST-01392-0,CUST-01392,2026-02-06 00:00:00+00:00,2026-02-07 07:54:15.266117775+00:00,medium,general,4.5
TICKET-CUST-01394-0,CUST-01394,2026-04-05 00:00:00+00:00,,low,billing,3.3
TICKET-CUST-01394-1,CUST-01394,2026-02-21 00:00:00+00:00,2026-02-22 23:59:05.026095797+00:00,low,training,3.5
TICKET-CUST-01395-0,CUST-01395,2026-02-10 00:00:00+00:00,2026-02-11 08:50:43.857682137+00:00,medium,general,3.4
TICKET-CUST-01396-0,CUST-01396,2026-03-06 00:00:00+00:00,2026-03-07 07:38:53.278426585+00:00,low,training,3.1
TICKET-CUST-01398-0,CUST-01398,2026-02-27 00:00:00+00:00,2026-02-28 02:54:03.636769181+00:00,low,bug,3.6
TICKET-CUST-01398-1,CUST-01398,2026-04-02 00:00:00+00:00,2026-04-04 06:27:07.895245405+00:00,low,bug,3.7
TICKET-CUST-01398-2,CUST-01398,2026-02-02 00:00:00+00:00,,low,billing,3.7
TICKET-CUST-01400-0,CUST-01400,2026-04-10 00:00:00+00:00,2026-04-12 10:57:15.752251361+00:00,low,billing,2.9
TICKET-CUST-01401-0,CUST-01401,2026-04-16 00:00:00+00:00,2026-04-18 10:38:19.207146632+00:00,high,billing,1.7
TICKET-CUST-01401-1,CUST-01401,2026-03-04 00:00:00+00:00,2026-03-05 23:05:14.192910982+00:00,low,billing,1.7
TICKET-CUST-01401-2,CUST-01401,2026-02-11 00:00:00+00:00,2026-02-13 00:09:10.562941490+00:00,high,billing,3.6
TICKET-CUST-01401-3,CUST-01401,2026-02-25 00:00:00+00:00,2026-02-27 02:31:14.032036431+00:00,medium,billing,3.3
TICKET-CUST-01403-0,CUST-01403,2026-03-16 00:00:00+00:00,2026-03-17 08:38:50.377048718+00:00,medium,billing,5.0
TICKET-CUST-01404-0,CUST-01404,2026-04-08 00:00:00+00:00,2026-04-09 06:00:45.168367815+00:00,high,general,3.9
TICKET-CUST-01404-1,CUST-01404,2026-03-16 00:00:00+00:00,2026-03-17 04:50:27.050107328+00:00,low,bug,3.2
TICKET-CUST-01405-0,CUST-01405,2026-02-28 00:00:00+00:00,2026-02-28 18:33:46.189944255+00:00,medium,bug,4.5
TICKET-CUST-01405-1,CUST-01405,2026-02-23 00:00:00+00:00,2026-02-23 23:22:19.194476194+00:00,low,bug,4.5
TICKET-CUST-01405-2,CUST-01405,2026-03-14 00:00:00+00:00,2026-03-15 00:24:07.388606279+00:00,low,bug,3.9
TICKET-CUST-01406-0,CUST-01406,2026-03-03 00:00:00+00:00,2026-03-03 16:00:29.240103990+00:00,low,billing,3.3
TICKET-CUST-01406-1,CUST-01406,2026-02-08 00:00:00+00:00,2026-02-09 16:12:08.619944952+00:00,medium,training,1.0
TICKET-CUST-01407-0,CUST-01407,2026-03-19 00:00:00+00:00,2026-03-20 18:19:47.756750103+00:00,low,bug,2.4
TICKET-CUST-01409-0,CUST-01409,2026-04-04 00:00:00+00:00,2026-04-05 10:46:41.872409182+00:00,high,general,4.4
TICKET-CUST-01410-0,CUST-01410,2026-03-13 00:00:00+00:00,2026-03-13 22:06:07.123521381+00:00,low,general,3.9
TICKET-CUST-01410-1,CUST-01410,2026-01-25 00:00:00+00:00,2026-01-26 11:31:26.207253370+00:00,medium,general,3.5
TICKET-CUST-01411-0,CUST-01411,2026-01-25 00:00:00+00:00,2026-01-26 02:25:28.723115441+00:00,low,training,2.1
TICKET-CUST-01411-1,CUST-01411,2026-04-17 00:00:00+00:00,2026-04-18 12:03:57.471271663+00:00,high,billing,2.9
TICKET-CUST-01411-2,CUST-01411,2026-01-29 00:00:00+00:00,2026-01-29 18:17:27.429148278+00:00,low,general,3.3
TICKET-CUST-01412-0,CUST-01412,2026-02-21 00:00:00+00:00,2026-02-21 22:38:06.440131136+00:00,medium,bug,3.7
TICKET-CUST-01413-0,CUST-01413,2026-02-17 00:00:00+00:00,2026-02-18 23:14:49.633662225+00:00,low,general,2.1
TICKET-CUST-01415-0,CUST-01415,2026-03-14 00:00:00+00:00,2026-03-15 09:34:49.972244613+00:00,low,bug,2.1
TICKET-CUST-01415-1,CUST-01415,2026-04-11 00:00:00+00:00,2026-04-12 12:35:38.660845084+00:00,medium,general,4.3
TICKET-CUST-01416-0,CUST-01416,2026-02-01 00:00:00+00:00,2026-02-02 10:09:48.999722453+00:00,low,bug,3.9
TICKET-CUST-01416-1,CUST-01416,2026-03-30 00:00:00+00:00,2026-03-31 00:54:20.166358855+00:00,medium,training,4.0
TICKET-CUST-01418-0,CUST-01418,2026-02-13 00:00:00+00:00,2026-02-15 02:29:23.968120466+00:00,medium,billing,3.9
TICKET-CUST-01419-0,CUST-01419,2026-03-22 00:00:00+00:00,2026-03-22 20:29:37.904468804+00:00,low,bug,3.7
TICKET-CUST-01419-1,CUST-01419,2026-02-25 00:00:00+00:00,2026-02-26 15:41:46.671966527+00:00,low,training,3.5
TICKET-CUST-01421-0,CUST-01421,2026-02-16 00:00:00+00:00,2026-02-17 07:31:51.468439081+00:00,low,bug,2.6
TICKET-CUST-01421-1,CUST-01421,2026-04-17 00:00:00+00:00,2026-04-17 19:39:09.148193365+00:00,low,bug,3.4
TICKET-CUST-01421-2,CUST-01421,2026-04-17 00:00:00+00:00,2026-04-17 21:17:10.072253953+00:00,medium,general,2.9
TICKET-CUST-01421-3,CUST-01421,2026-02-25 00:00:00+00:00,2026-02-25 23:29:30.192960824+00:00,low,training,4.0
TICKET-CUST-01421-4,CUST-01421,2026-03-07 00:00:00+00:00,2026-03-08 10:02:06.207526473+00:00,low,general,3.9
TICKET-CUST-01421-5,CUST-01421,2026-02-26 00:00:00+00:00,2026-02-27 11:05:17.839622191+00:00,medium,billing,4.6
TICKET-CUST-01422-0,CUST-01422,2026-02-02 00:00:00+00:00,2026-02-04 11:30:23.001931341+00:00,high,bug,3.3
TICKET-CUST-01423-0,CUST-01423,2026-04-04 00:00:00+00:00,2026-04-06 00:11:15.986042845+00:00,low,general,2.7
TICKET-CUST-01424-0,CUST-01424,2026-04-05 00:00:00+00:00,2026-04-07 02:51:12.023899249+00:00,low,bug,3.5
TICKET-CUST-01424-1,CUST-01424,2026-03-06 00:00:00+00:00,2026-03-08 07:09:52.796298996+00:00,low,general,2.5
TICKET-CUST-01424-2,CUST-01424,2026-02-03 00:00:00+00:00,2026-02-04 12:28:45.276721663+00:00,low,general,3.8
TICKET-CUST-01426-0,CUST-01426,2026-03-05 00:00:00+00:00,2026-03-06 17:38:22.360571829+00:00,low,bug,1.8
TICKET-CUST-01426-1,CUST-01426,2026-02-18 00:00:00+00:00,2026-02-19 10:29:33.512185886+00:00,medium,training,3.3
TICKET-CUST-01428-0,CUST-01428,2026-02-17 00:00:00+00:00,2026-02-18 21:43:34.480930457+00:00,medium,billing,3.0
TICKET-CUST-01428-1,CUST-01428,2026-04-17 00:00:00+00:00,2026-04-19 03:32:06.336813128+00:00,low,bug,1.9
TICKET-CUST-01428-2,CUST-01428,2026-02-09 00:00:00+00:00,2026-02-10 02:56:01.793545502+00:00,medium,training,2.6
TICKET-CUST-01429-0,CUST-01429,2026-04-10 00:00:00+00:00,2026-04-11 04:11:29.005606652+00:00,low,general,3.8
TICKET-CUST-01430-0,CUST-01430,2026-01-25 00:00:00+00:00,2026-01-26 13:06:40.803306649+00:00,high,training,3.6
TICKET-CUST-01432-0,CUST-01432,2026-03-26 00:00:00+00:00,2026-03-27 14:07:28.116722432+00:00,low,bug,2.7
TICKET-CUST-01432-1,CUST-01432,2026-03-19 00:00:00+00:00,2026-03-21 05:27:38.023119555+00:00,low,training,2.4
TICKET-CUST-01434-0,CUST-01434,2026-04-17 00:00:00+00:00,2026-04-18 13:17:23.652948553+00:00,medium,training,3.2
TICKET-CUST-01434-1,CUST-01434,2026-03-31 00:00:00+00:00,2026-03-31 20:51:58.372777325+00:00,low,training,3.2
TICKET-CUST-01435-0,CUST-01435,2026-01-30 00:00:00+00:00,,medium,bug,3.3
TICKET-CUST-01435-1,CUST-01435,2026-02-07 00:00:00+00:00,2026-02-08 09:18:37.100431750+00:00,low,general,3.3
TICKET-CUST-01435-2,CUST-01435,2026-02-22 00:00:00+00:00,,medium,billing,1.6
TICKET-CUST-01435-3,CUST-01435,2026-01-28 00:00:00+00:00,2026-01-29 21:21:07.636213349+00:00,low,bug,3.3
TICKET-CUST-01436-0,CUST-01436,2026-02-08 00:00:00+00:00,,low,billing,3.1
TICKET-CUST-01438-0,CUST-01438,2026-02-25 00:00:00+00:00,2026-02-25 16:30:58.341630972+00:00,medium,billing,4.2
TICKET-CUST-01439-0,CUST-01439,2026-04-12 00:00:00+00:00,2026-04-12 23:35:24.777320980+00:00,medium,bug,3.1
TICKET-CUST-01440-0,CUST-01440,2026-02-13 00:00:00+00:00,2026-02-15 04:33:05.690530027+00:00,medium,training,2.7
TICKET-CUST-01440-1,CUST-01440,2026-04-06 00:00:00+00:00,,medium,general,1.8
TICKET-CUST-01440-2,CUST-01440,2026-01-30 00:00:00+00:00,2026-01-31 15:45:17.336001890+00:00,medium,billing,2.4
TICKET-CUST-01440-3,CUST-01440,2026-01-24 00:00:00+00:00,,medium,billing,3.0
TICKET-CUST-01444-0,CUST-01444,2026-03-23 00:00:00+00:00,2026-03-24 07:15:52.784254514+00:00,medium,training,1.9
TICKET-CUST-01444-1,CUST-01444,2026-02-03 00:00:00+00:00,2026-02-04 14:12:15.720473313+00:00,low,bug,1.9
TICKET-CUST-01444-2,CUST-01444,2026-02-18 00:00:00+00:00,2026-02-19 19:00:13.645556379+00:00,high,bug,3.9
TICKET-CUST-01445-0,CUST-01445,2026-02-24 00:00:00+00:00,2026-02-25 02:42:43.565578833+00:00,medium,training,4.3
TICKET-CUST-01448-0,CUST-01448,2026-02-01 00:00:00+00:00,,low,bug,3.2
TICKET-CUST-01449-0,CUST-01449,2026-03-28 00:00:00+00:00,2026-03-28 23:37:29.728969458+00:00,low,bug,4.8
TICKET-CUST-01450-0,CUST-01450,2026-03-21 00:00:00+00:00,,low,training,3.3
TICKET-CUST-01450-1,CUST-01450,2026-03-27 00:00:00+00:00,2026-03-28 17:22:34.809190905+00:00,low,general,2.6
TICKET-CUST-01450-2,CUST-01450,2026-01-26 00:00:00+00:00,2026-01-27 08:22:36.989520642+00:00,medium,billing,3.7
TICKET-CUST-01451-0,CUST-01451,2026-02-01 00:00:00+00:00,2026-02-03 03:02:17.328676523+00:00,medium,bug,4.7
TICKET-CUST-01455-0,CUST-01455,2026-02-11 00:00:00+00:00,2026-02-11 05:59:14.700609704+00:00,high,general,4.8
TICKET-CUST-01456-0,CUST-01456,2026-03-27 00:00:00+00:00,2026-03-28 23:53:43.573139938+00:00,low,bug,2.6
TICKET-CUST-01457-0,CUST-01457,2026-01-23 00:00:00+00:00,2026-01-24 14:52:22.976822603+00:00,medium,training,3.5
TICKET-CUST-01457-1,CUST-01457,2026-03-11 00:00:00+00:00,2026-03-12 03:32:05.554055972+00:00,high,general,1.9
TICKET-CUST-01457-2,CUST-01457,2026-02-16 00:00:00+00:00,2026-02-17 19:06:15.046342921+00:00,medium,general,2.3
TICKET-CUST-01458-0,CUST-01458,2026-01-29 00:00:00+00:00,2026-01-30 23:59:23.977069394+00:00,low,training,3.0
TICKET-CUST-01458-1,CUST-01458,2026-04-13 00:00:00+00:00,2026-04-14 18:31:43.460254714+00:00,high,billing,3.9
TICKET-CUST-01458-2,CUST-01458,2026-04-02 00:00:00+00:00,2026-04-03 14:32:19.210972373+00:00,medium,bug,2.7
TICKET-CUST-01459-0,CUST-01459,2026-02-05 00:00:00+00:00,2026-02-06 04:12:55.580187962+00:00,low,training,3.6
TICKET-CUST-01460-0,CUST-01460,2026-03-29 00:00:00+00:00,2026-03-30 11:56:23.586831144+00:00,low,bug,3.9
TICKET-CUST-01464-0,CUST-01464,2026-03-14 00:00:00+00:00,2026-03-15 12:03:47.199147540+00:00,low,general,3.2
TICKET-CUST-01465-0,CUST-01465,2026-03-03 00:00:00+00:00,2026-03-04 19:57:11.327582955+00:00,low,bug,2.9
TICKET-CUST-01465-1,CUST-01465,2026-03-23 00:00:00+00:00,2026-03-24 23:14:21.198715987+00:00,low,training,3.2
TICKET-CUST-01465-2,CUST-01465,2026-02-16 00:00:00+00:00,2026-02-17 19:52:33.838034347+00:00,medium,training,3.3
TICKET-CUST-01466-0,CUST-01466,2026-02-10 00:00:00+00:00,2026-02-12 00:01:03.836023084+00:00,medium,training,1.7
TICKET-CUST-01466-1,CUST-01466,2026-04-17 00:00:00+00:00,,medium,general,4.2
TICKET-CUST-01467-0,CUST-01467,2026-03-11 00:00:00+00:00,2026-03-11 20:32:57.680406631+00:00,medium,bug,3.5
TICKET-CUST-01469-0,CUST-01469,2026-02-11 00:00:00+00:00,2026-02-12 20:13:00.566045341+00:00,high,training,3.7
TICKET-CUST-01469-1,CUST-01469,2026-02-12 00:00:00+00:00,2026-02-13 14:33:51.072990680+00:00,high,general,3.5
TICKET-CUST-01469-2,CUST-01469,2026-02-06 00:00:00+00:00,2026-02-07 19:47:07.606503743+00:00,medium,billing,1.8
TICKET-CUST-01470-0,CUST-01470,2026-04-07 00:00:00+00:00,2026-04-07 19:49:20.401811229+00:00,high,bug,3.1
TICKET-CUST-01470-1,CUST-01470,2026-04-02 00:00:00+00:00,2026-04-03 03:03:34.479261696+00:00,medium,training,4.3
TICKET-CUST-01472-0,CUST-01472,2026-03-27 00:00:00+00:00,2026-03-29 00:04:08.914146594+00:00,low,general,4.4
TICKET-CUST-01474-0,CUST-01474,2026-02-01 00:00:00+00:00,2026-02-01 14:15:19.653200217+00:00,low,billing,2.6
TICKET-CUST-01475-0,CUST-01475,2026-03-30 00:00:00+00:00,2026-03-31 03:28:21.919754068+00:00,medium,general,3.2
TICKET-CUST-01476-0,CUST-01476,2026-04-19 00:00:00+00:00,2026-04-19 17:34:35.330476006+00:00,low,bug,3.3
TICKET-CUST-01476-1,CUST-01476,2026-03-09 00:00:00+00:00,2026-03-10 16:31:38.991869047+00:00,low,training,3.8
TICKET-CUST-01478-0,CUST-01478,2026-01-24 00:00:00+00:00,2026-01-25 11:36:15.126857035+00:00,low,billing,4.0
TICKET-CUST-01479-0,CUST-01479,2026-04-14 00:00:00+00:00,2026-04-16 06:45:42.210437716+00:00,high,training,1.3
TICKET-CUST-01479-1,CUST-01479,2026-02-21 00:00:00+00:00,2026-02-23 01:08:51.489717013+00:00,medium,bug,2.9
TICKET-CUST-01480-0,CUST-01480,2026-03-04 00:00:00+00:00,2026-03-05 17:34:00.906460646+00:00,medium,training,2.1
TICKET-CUST-01480-1,CUST-01480,2026-04-20 00:00:00+00:00,2026-04-21 17:54:58.717169896+00:00,low,bug,3.1
TICKET-CUST-01480-2,CUST-01480,2026-02-19 00:00:00+00:00,2026-02-20 08:43:10.199204728+00:00,low,billing,3.5
TICKET-CUST-01480-3,CUST-01480,2026-03-03 00:00:00+00:00,2026-03-04 16:54:44.562785509+00:00,low,general,3.2
TICKET-CUST-01481-0,CUST-01481,2026-04-09 00:00:00+00:00,2026-04-09 23:32:04.842493457+00:00,low,general,3.0
TICKET-CUST-01481-1,CUST-01481,2026-03-09 00:00:00+00:00,2026-03-10 10:45:22.141639948+00:00,low,bug,3.6
TICKET-CUST-01483-0,CUST-01483,2026-03-25 00:00:00+00:00,,low,billing,3.1
TICKET-CUST-01484-0,CUST-01484,2026-01-29 00:00:00+00:00,,medium,bug,3.4
TICKET-CUST-01484-1,CUST-01484,2026-02-19 00:00:00+00:00,2026-02-20 04:34:21.626545386+00:00,low,bug,4.2
TICKET-CUST-01484-2,CUST-01484,2026-04-16 00:00:00+00:00,2026-04-17 07:36:31.483450641+00:00,medium,bug,4.3
TICKET-CUST-01485-0,CUST-01485,2026-03-12 00:00:00+00:00,2026-03-13 04:19:11.793708366+00:00,medium,bug,3.3
TICKET-CUST-01487-0,CUST-01487,2026-01-24 00:00:00+00:00,2026-01-25 10:43:46.246310643+00:00,medium,bug,2.9
TICKET-CUST-01489-0,CUST-01489,2026-03-05 00:00:00+00:00,2026-03-06 14:26:47.285712918+00:00,high,training,3.4
TICKET-CUST-01489-1,CUST-01489,2026-04-10 00:00:00+00:00,,low,training,4.6
TICKET-CUST-01490-0,CUST-01490,2026-04-18 00:00:00+00:00,2026-04-19 06:48:30.417842366+00:00,medium,billing,2.8
TICKET-CUST-01491-0,CUST-01491,2026-03-28 00:00:00+00:00,2026-03-29 12:07:15.085395337+00:00,low,training,3.0
TICKET-CUST-01491-1,CUST-01491,2026-03-31 00:00:00+00:00,2026-03-31 20:00:16.608075104+00:00,medium,bug,3.4
TICKET-CUST-01493-0,CUST-01493,2026-04-12 00:00:00+00:00,2026-04-13 22:32:50.748521353+00:00,medium,training,1.7
TICKET-CUST-01493-1,CUST-01493,2026-04-05 00:00:00+00:00,2026-04-06 23:34:13.162396857+00:00,low,general,3.4
TICKET-CUST-01493-2,CUST-01493,2026-03-20 00:00:00+00:00,2026-03-21 09:36:05.204830289+00:00,low,bug,2.6
TICKET-CUST-01493-3,CUST-01493,2026-03-24 00:00:00+00:00,,low,general,2.2
TICKET-CUST-01494-0,CUST-01494,2026-02-27 00:00:00+00:00,2026-02-27 22:16:25.456639315+00:00,low,general,4.3
TICKET-CUST-01495-0,CUST-01495,2026-03-04 00:00:00+00:00,2026-03-05 10:00:11.271573881+00:00,low,billing,3.9
TICKET-CUST-01495-1,CUST-01495,2026-01-23 00:00:00+00:00,2026-01-23 20:36:24.541338327+00:00,high,general,3.9
TICKET-CUST-01496-0,CUST-01496,2026-02-20 00:00:00+00:00,2026-02-21 13:48:39.706710049+00:00,low,billing,1.7
TICKET-CUST-01496-1,CUST-01496,2026-03-05 00:00:00+00:00,2026-03-06 13:40:52.575512667+00:00,medium,bug,2.6
TICKET-CUST-01497-0,CUST-01497,2026-03-16 00:00:00+00:00,2026-03-17 14:23:18.250219956+00:00,medium,training,3.5
TICKET-CUST-01497-1,CUST-01497,2026-02-25 00:00:00+00:00,2026-02-26 01:23:16.763566274+00:00,low,general,4.5
TICKET-CUST-01499-0,CUST-01499,2026-03-02 00:00:00+00:00,2026-03-02 22:01:03.872858326+00:00,medium,billing,3.9
TICKET-CUST-01500-0,CUST-01500,2026-01-24 00:00:00+00:00,,medium,billing,4.0
