customer_id,transaction_time,amount,status,days_late
CUST-00001,2026-04-21 00:00:00+00:00,32.65,succeeded,1
CUST-00001,2026-03-22 00:00:00+00:00,31.15,succeeded,0
CUST-00001,2026-02-20 00:00:00+00:00,28.32,succeeded,1
CUST-00001,2026-01-21 00:00:00+00:00,28.85,succeeded,2
CUST-00001,2025-12-22 00:00:00+00:00,29.37,succeeded,1
CUST-00001,2025-11-22 00:00:00+00:00,32.06,succeeded,3
CUST-00002,2026-04-21 00:00:00+00:00,30.9,succeeded,1
CUST-00002,2026-03-22 00:00:00+00:00,26.79,failed,10
CUST-00002,2026-02-20 00:00:00+00:00,22.71,succeeded,0
CUST-00002,2026-01-21 00:00:00+00:00,27.14,succeeded,2
CUST-00002,2025-12-22 00:00:00+00:00,26.68,succeeded,1
CUST-00002,2025-11-22 00:00:00+00:00,33.59,succeeded,2
CUST-00003,2026-04-21 00:00:00+00:00,16.65,succeeded,0
CUST-00003,2026-03-22 00:00:00+00:00,12.05,succeeded,1
CUST-00003,2026-02-20 00:00:00+00:00,14.45,succeeded,0
CUST-00003,2026-01-21 00:00:00+00:00,12.11,succeeded,2
CUST-00003,2025-12-22 00:00:00+00:00,14.04,succeeded,1
CUST-00003,2025-11-22 00:00:00+00:00,15.9,succeeded,0
CUST-00004,2026-03-22 00:00:00+00:00,36.31,succeeded,1
CUST-00004,2026-02-20 00:00:00+00:00,23.13,succeeded,0
CUST-00004,2026-01-21 00:00:00+00:00,31.41,succeeded,1
CUST-00004,2025-12-22 00:00:00+00:00,19.71,succeeded,3
CUST-00004,2025-11-22 00:00:00+00:00,37.41,succeeded,2
CUST-00005,2026-04-21 00:00:00+00:00,68.4,succeeded,0
CUST-00005,2026-03-22 00:00:00+00:00,76.86,succeeded,3
CUST-00005,2026-02-20 00:00:00+00:00,70.74,succeeded,1
CUST-00005,2026-01-21 00:00:00+00:00,71.78,succeeded,3
CUST-00005,2025-12-22 00:00:00+00:00,65.15,succeeded,2
CUST-00005,2025-11-22 00:00:00+00:00,67.37,succeeded,1
CUST-00006,2026-04-21 00:00:00+00:00,10.0,succeeded,0
CUST-00006,2026-03-22 00:00:00+00:00,16.39,succeeded,1
CUST-00006,2026-02-20 00:00:00+00:00,21.72,succeeded,1
CUST-00006,2026-01-21 00:00:00+00:00,15.33,succeeded,2
CUST-00006,2025-12-22 00:00:00+00:00,65.01,succeeded,3
CUST-00006,2025-11-22 00:00:00+00:00,16.93,succeeded,0
CUST-00007,2026-04-21 00:00:00+00:00,30.05,succeeded,3
CUST-00007,2026-03-22 00:00:00+00:00,32.56,succeeded,3
CUST-00007,2026-02-20 00:00:00+00:00,31.02,succeeded,2
CUST-00007,2026-01-21 00:00:00+00:00,34.42,succeeded,3
CUST-00007,2025-12-22 00:00:00+00:00,29.06,succeeded,2
CUST-00007,2025-11-22 00:00:00+00:00,33.39,succeeded,3
CUST-00008,2026-03-22 00:00:00+00:00,200.52,succeeded,1
CUST-00008,2026-02-20 00:00:00+00:00,202.77,succeeded,2
CUST-00008,2026-01-21 00:00:00+00:00,205.87,succeeded,0
CUST-00008,2025-12-22 00:00:00+00:00,205.76,succeeded,1
CUST-00008,2025-11-22 00:00:00+00:00,203.13,succeeded,1
CUST-00009,2026-04-21 00:00:00+00:00,33.96,succeeded,3
CUST-00009,2026-03-22 00:00:00+00:00,28.42,failed,9
CUST-00009,2026-02-20 00:00:00+00:00,28.07,succeeded,3
CUST-00009,2026-01-21 00:00:00+00:00,38.56,succeeded,3
CUST-00009,2025-12-22 00:00:00+00:00,28.91,succeeded,0
CUST-00009,2025-11-22 00:00:00+00:00,28.9,succeeded,2
CUST-00010,2026-03-22 00:00:00+00:00,34.75,failed,13
CUST-00010,2026-02-20 00:00:00+00:00,31.31,succeeded,3
CUST-00010,2026-01-21 00:00:00+00:00,28.53,succeeded,3
CUST-00010,2025-12-22 00:00:00+00:00,34.01,failed,11
CUST-00010,2025-11-22 00:00:00+00:00,29.52,succeeded,1
CUST-00011,2026-03-22 00:00:00+00:00,61.8,succeeded,3
CUST-00011,2026-02-20 00:00:00+00:00,67.15,succeeded,3
CUST-00011,2026-01-21 00:00:00+00:00,70.67,succeeded,3
CUST-00011,2025-12-22 00:00:00+00:00,60.37,failed,0
CUST-00011,2025-11-22 00:00:00+00:00,62.39,succeeded,1
CUST-00012,2026-04-21 00:00:00+00:00,23.98,succeeded,0
CUST-00012,2026-03-22 00:00:00+00:00,11.79,succeeded,3
CUST-00012,2026-02-20 00:00:00+00:00,15.58,succeeded,0
CUST-00012,2026-01-21 00:00:00+00:00,15.16,succeeded,2
CUST-00012,2025-12-22 00:00:00+00:00,18.94,succeeded,3
CUST-00012,2025-11-22 00:00:00+00:00,17.55,succeeded,3
CUST-00013,2026-04-21 00:00:00+00:00,49.38,succeeded,3
CUST-00013,2026-03-22 00:00:00+00:00,40.35,succeeded,2
CUST-00013,2026-02-20 00:00:00+00:00,48.54,succeeded,0
CUST-00013,2026-01-21 00:00:00+00:00,50.33,succeeded,2
CUST-00013,2025-12-22 00:00:00+00:00,41.46,succeeded,2
CUST-00013,2025-11-22 00:00:00+00:00,46.46,failed,6
CUST-00014,2026-04-21 00:00:00+00:00,21.85,succeeded,2
CUST-00014,2026-03-22 00:00:00+00:00,16.26,succeeded,1
CUST-00014,2026-02-20 00:00:00+00:00,15.69,succeeded,0
CUST-00014,2026-01-21 00:00:00+00:00,12.95,succeeded,2
CUST-00014,2025-12-22 00:00:00+00:00,21.88,succeeded,1
CUST-00014,2025-11-22 00:00:00+00:00,20.96,succeeded,2
CUST-00015,2026-04-21 00:00:00+00:00,204.19,succeeded,1
CUST-00015,2026-03-22 00:00:00+00:00,203.52,succeeded,1
CUST-00015,2026-02-20 00:00:00+00:00,198.65,succeeded,2
CUST-00015,2026-01-21 00:00:00+00:00,201.08,succeeded,1
CUST-00015,2025-12-22 00:00:00+00:00,203.95,succeeded,1
CUST-00015,2025-11-22 00:00:00+00:00,202.22,succeeded,2
CUST-00016,2026-04-21 00:00:00+00:00,25.66,succeeded,3
CUST-00016,2026-03-22 00:00:00+00:00,17.75,succeeded,3
CUST-00016,2026-02-20 00:00:00+00:00,17.3,succeeded,2
CUST-00016,2026-01-21 00:00:00+00:00,27.65,failed,4
CUST-00016,2025-12-22 00:00:00+00:00,26.68,succeeded,2
CUST-00016,2025-11-22 00:00:00+00:00,22.92,succeeded,2
CUST-00017,2026-04-21 00:00:00+00:00,20.06,succeeded,1
CUST-00017,2026-03-22 00:00:00+00:00,29.95,succeeded,0
CUST-00017,2026-02-20 00:00:00+00:00,31.05,succeeded,0
CUST-00017,2026-01-21 00:00:00+00:00,28.77,failed,12
CUST-00017,2025-12-22 00:00:00+00:00,32.87,succeeded,0
CUST-00017,2025-11-22 00:00:00+00:00,21.72,succeeded,1
CUST-00018,2026-04-21 00:00:00+00:00,21.83,succeeded,2
CUST-00018,2026-03-22 00:00:00+00:00,12.93,succeeded,2
CUST-00018,2026-02-20 00:00:00+00:00,20.3,succeeded,3
CUST-00018,2026-01-21 00:00:00+00:00,17.64,failed,3
CUST-00018,2025-12-22 00:00:00+00:00,24.53,succeeded,2
CUST-00018,2025-11-22 00:00:00+00:00,21.98,succeeded,0
CUST-00019,2026-03-22 00:00:00+00:00,32.0,succeeded,0
CUST-00019,2026-02-20 00:00:00+00:00,26.72,succeeded,1
CUST-00019,2026-01-21 00:00:00+00:00,40.15,succeeded,1
CUST-00019,2025-12-22 00:00:00+00:00,33.16,succeeded,3
CUST-00019,2025-11-22 00:00:00+00:00,38.12,succeeded,3
CUST-00020,2026-04-21 00:00:00+00:00,74.25,succeeded,2
CUST-00020,2026-03-22 00:00:00+00:00,90.0,succeeded,3
CUST-00020,2026-02-20 00:00:00+00:00,80.46,succeeded,0
CUST-00020,2026-01-21 00:00:00+00:00,89.03,succeeded,1
CUST-00020,2025-12-22 00:00:00+00:00,77.28,failed,1
CUST-00020,2025-11-22 00:00:00+00:00,81.14,succeeded,2
CUST-00021,2026-04-21 00:00:00+00:00,21.4,succeeded,1
CUST-00021,2026-03-22 00:00:00+00:00,33.57,succeeded,1
CUST-00021,2026-02-20 00:00:00+00:00,32.3,succeeded,2
CUST-00021,2026-01-21 00:00:00+00:00,18.12,succeeded,3
CUST-00021,2025-12-22 00:00:00+00:00,12.39,failed,12
CUST-00021,2025-11-22 00:00:00+00:00,21.79,succeeded,0
CUST-00022,2026-03-22 00:00:00+00:00,73.25,succeeded,2
CUST-00022,2026-02-20 00:00:00+00:00,70.67,succeeded,0
CUST-00022,2026-01-21 00:00:00+00:00,67.52,succeeded,2
CUST-00022,2025-12-22 00:00:00+00:00,73.03,succeeded,1
CUST-00022,2025-11-22 00:00:00+00:00,67.01,succeeded,1
CUST-00023,2026-04-21 00:00:00+00:00,70.42,failed,12
CUST-00023,2026-03-22 00:00:00+00:00,71.52,succeeded,0
CUST-00023,2026-02-20 00:00:00+00:00,81.82,succeeded,2
CUST-00023,2026-01-21 00:00:00+00:00,86.4,succeeded,1
CUST-00023,2025-12-22 00:00:00+00:00,79.38,succeeded,1
CUST-00023,2025-11-22 00:00:00+00:00,74.84,succeeded,2
CUST-00024,2026-04-21 00:00:00+00:00,74.39,succeeded,1
CUST-00024,2026-03-22 00:00:00+00:00,70.81,succeeded,2
CUST-00024,2026-02-20 00:00:00+00:00,71.17,failed,5
CUST-00024,2026-01-21 00:00:00+00:00,67.64,failed,2
CUST-00024,2025-12-22 00:00:00+00:00,68.96,failed,11
CUST-00024,2025-11-22 00:00:00+00:00,68.6,succeeded,0
CUST-00025,2026-04-21 00:00:00+00:00,25.06,succeeded,2
CUST-00025,2026-03-22 00:00:00+00:00,30.14,failed,14
CUST-00025,2026-02-20 00:00:00+00:00,29.24,succeeded,3
CUST-00025,2026-01-21 00:00:00+00:00,42.2,succeeded,2
CUST-00025,2025-12-22 00:00:00+00:00,30.27,succeeded,1
CUST-00025,2025-11-22 00:00:00+00:00,27.4,failed,4
CUST-00026,2026-03-22 00:00:00+00:00,222.58,succeeded,2
CUST-00026,2026-02-20 00:00:00+00:00,215.17,succeeded,3
CUST-00026,2026-01-21 00:00:00+00:00,212.66,succeeded,3
CUST-00026,2025-12-22 00:00:00+00:00,209.81,succeeded,0
CUST-00026,2025-11-22 00:00:00+00:00,218.76,succeeded,0
CUST-00027,2026-04-21 00:00:00+00:00,94.63,failed,0
CUST-00027,2026-03-22 00:00:00+00:00,80.17,succeeded,2
CUST-00027,2026-02-20 00:00:00+00:00,95.93,failed,5
CUST-00027,2026-01-21 00:00:00+00:00,90.58,succeeded,2
CUST-00027,2025-12-22 00:00:00+00:00,91.26,succeeded,1
CUST-00027,2025-11-22 00:00:00+00:00,89.6,succeeded,1
CUST-00028,2026-03-22 00:00:00+00:00,31.15,succeeded,3
CUST-00028,2026-02-20 00:00:00+00:00,34.74,succeeded,0
CUST-00028,2026-01-21 00:00:00+00:00,28.79,succeeded,3
CUST-00028,2025-12-22 00:00:00+00:00,38.51,succeeded,1
CUST-00028,2025-11-22 00:00:00+00:00,36.85,succeeded,3
CUST-00029,2026-03-22 00:00:00+00:00,73.61,succeeded,0
CUST-00029,2026-02-20 00:00:00+00:00,76.19,succeeded,2
CUST-00029,2026-01-21 00:00:00+00:00,74.63,succeeded,1
CUST-00029,2025-12-22 00:00:00+00:00,84.24,failed,5
CUST-00029,2025-11-22 00:00:00+00:00,75.46,succeeded,2
CUST-00030,2026-04-21 00:00:00+00:00,185.18,succeeded,3
CUST-00030,2026-03-22 00:00:00+00:00,189.83,succeeded,1
CUST-00030,2026-02-20 00:00:00+00:00,185.52,succeeded,0
CUST-00030,2026-01-21 00:00:00+00:00,177.16,succeeded,0
CUST-00030,2025-12-22 00:00:00+00:00,189.62,succeeded,1
CUST-00030,2025-11-22 00:00:00+00:00,185.39,succeeded,2
CUST-00031,2026-04-21 00:00:00+00:00,15.7,succeeded,0
CUST-00031,2026-03-22 00:00:00+00:00,10.0,succeeded,3
CUST-00031,2026-02-20 00:00:00+00:00,16.68,succeeded,3
CUST-00031,2026-01-21 00:00:00+00:00,15.35,succeeded,0
CUST-00031,2025-12-22 00:00:00+00:00,16.25,succeeded,3
CUST-00031,2025-11-22 00:00:00+00:00,17.42,failed,7
CUST-00032,2026-04-21 00:00:00+00:00,206.48,succeeded,2
CUST-00032,2026-03-22 00:00:00+00:00,205.79,succeeded,2
CUST-00032,2026-02-20 00:00:00+00:00,211.96,succeeded,2
CUST-00032,2026-01-21 00:00:00+00:00,202.3,succeeded,3
CUST-00032,2025-12-22 00:00:00+00:00,209.07,succeeded,1
CUST-00032,2025-11-22 00:00:00+00:00,212.38,failed,9
CUST-00033,2026-04-21 00:00:00+00:00,23.92,succeeded,3
CUST-00033,2026-03-22 00:00:00+00:00,26.66,succeeded,0
CUST-00033,2026-02-20 00:00:00+00:00,19.11,succeeded,0
CUST-00033,2026-01-21 00:00:00+00:00,23.21,failed,6
CUST-00033,2025-12-22 00:00:00+00:00,19.17,succeeded,2
CUST-00033,2025-11-22 00:00:00+00:00,19.7,succeeded,0
CUST-00034,2026-04-21 00:00:00+00:00,65.64,succeeded,0
CUST-00034,2026-03-22 00:00:00+00:00,72.24,succeeded,1
CUST-00034,2026-02-20 00:00:00+00:00,77.14,succeeded,3
CUST-00034,2026-01-21 00:00:00+00:00,78.89,succeeded,0
CUST-00034,2025-12-22 00:00:00+00:00,76.32,failed,14
CUST-00034,2025-11-22 00:00:00+00:00,76.31,succeeded,0
CUST-00035,2026-04-21 00:00:00+00:00,202.36,succeeded,3
CUST-00035,2026-03-22 00:00:00+00:00,197.85,succeeded,2
CUST-00035,2026-02-20 00:00:00+00:00,193.7,succeeded,0
CUST-00035,2026-01-21 00:00:00+00:00,195.1,succeeded,1
CUST-00035,2025-12-22 00:00:00+00:00,197.62,succeeded,0
CUST-00035,2025-11-22 00:00:00+00:00,189.42,succeeded,0
CUST-00036,2026-04-21 00:00:00+00:00,21.34,succeeded,0
CUST-00036,2026-03-22 00:00:00+00:00,20.79,succeeded,0
CUST-00036,2026-02-20 00:00:00+00:00,12.78,succeeded,3
CUST-00036,2026-01-21 00:00:00+00:00,20.95,succeeded,3
CUST-00036,2025-12-22 00:00:00+00:00,20.47,succeeded,3
CUST-00036,2025-11-22 00:00:00+00:00,20.06,succeeded,2
CUST-00037,2026-04-21 00:00:00+00:00,70.33,succeeded,2
CUST-00037,2026-03-22 00:00:00+00:00,72.29,succeeded,0
CUST-00037,2026-02-20 00:00:00+00:00,70.96,succeeded,0
CUST-00037,2026-01-21 00:00:00+00:00,62.2,succeeded,1
CUST-00037,2025-12-22 00:00:00+00:00,68.06,succeeded,2
CUST-00037,2025-11-22 00:00:00+00:00,73.99,succeeded,1
CUST-00038,2026-04-21 00:00:00+00:00,21.06,succeeded,1
CUST-00038,2026-03-22 00:00:00+00:00,30.13,succeeded,1
CUST-00038,2026-02-20 00:00:00+00:00,31.39,succeeded,2
CUST-00038,2026-01-21 00:00:00+00:00,25.33,succeeded,2
CUST-00038,2025-12-22 00:00:00+00:00,33.37,succeeded,3
CUST-00038,2025-11-22 00:00:00+00:00,30.68,succeeded,3
CUST-00039,2026-04-21 00:00:00+00:00,68.67,succeeded,0
CUST-00039,2026-03-22 00:00:00+00:00,75.06,succeeded,2
CUST-00039,2026-02-20 00:00:00+00:00,74.99,succeeded,0
CUST-00039,2026-01-21 00:00:00+00:00,65.09,succeeded,1
CUST-00039,2025-12-22 00:00:00+00:00,75.49,succeeded,3
CUST-00039,2025-11-22 00:00:00+00:00,76.15,succeeded,2
CUST-00040,2026-03-22 00:00:00+00:00,75.58,succeeded,1
CUST-00040,2026-02-20 00:00:00+00:00,77.33,succeeded,1
CUST-00040,2026-01-21 00:00:00+00:00,68.78,succeeded,3
CUST-00040,2025-12-22 00:00:00+00:00,77.73,succeeded,2
CUST-00040,2025-11-22 00:00:00+00:00,69.25,succeeded,2
CUST-00041,2026-04-21 00:00:00+00:00,25.02,succeeded,2
CUST-00041,2026-03-22 00:00:00+00:00,32.68,failed,0
CUST-00041,2026-02-20 00:00:00+00:00,24.52,succeeded,0
CUST-00041,2026-01-21 00:00:00+00:00,87.81,succeeded,2
CUST-00041,2025-12-22 00:00:00+00:00,13.88,succeeded,2
CUST-00041,2025-11-22 00:00:00+00:00,32.87,succeeded,3
CUST-00042,2026-03-22 00:00:00+00:00,32.28,succeeded,1
CUST-00042,2026-02-20 00:00:00+00:00,26.51,succeeded,2
CUST-00042,2026-01-21 00:00:00+00:00,38.16,succeeded,0
CUST-00042,2025-12-22 00:00:00+00:00,31.1,succeeded,1
CUST-00042,2025-11-22 00:00:00+00:00,24.15,succeeded,1
CUST-00043,2026-03-22 00:00:00+00:00,21.83,succeeded,2
CUST-00043,2026-02-20 00:00:00+00:00,28.14,succeeded,1
CUST-00043,2026-01-21 00:00:00+00:00,14.73,succeeded,3
CUST-00043,2025-12-22 00:00:00+00:00,29.96,succeeded,0
CUST-00043,2025-11-22 00:00:00+00:00,30.78,failed,14
CUST-00044,2026-04-21 00:00:00+00:00,26.76,succeeded,0
CUST-00044,2026-03-22 00:00:00+00:00,21.11,succeeded,0
CUST-00044,2026-02-20 00:00:00+00:00,34.66,succeeded,1
CUST-00044,2026-01-21 00:00:00+00:00,26.44,succeeded,2
CUST-00044,2025-12-22 00:00:00+00:00,19.86,succeeded,1
CUST-00044,2025-11-22 00:00:00+00:00,27.64,succeeded,0
CUST-00045,2026-04-21 00:00:00+00:00,25.34,failed,2
CUST-00045,2026-03-22 00:00:00+00:00,31.14,succeeded,1
CUST-00045,2026-02-20 00:00:00+00:00,32.08,succeeded,1
CUST-00045,2026-01-21 00:00:00+00:00,39.37,succeeded,2
CUST-00045,2025-12-22 00:00:00+00:00,33.29,succeeded,0
CUST-00045,2025-11-22 00:00:00+00:00,39.14,succeeded,1
CUST-00046,2026-03-22 00:00:00+00:00,26.66,succeeded,2
CUST-00046,2026-02-20 00:00:00+00:00,24.6,succeeded,0
CUST-00046,2026-01-21 00:00:00+00:00,27.94,succeeded,2
CUST-00046,2025-12-22 00:00:00+00:00,31.35,succeeded,0
CUST-00046,2025-11-22 00:00:00+00:00,28.55,succeeded,2
CUST-00047,2026-04-21 00:00:00+00:00,33.62,succeeded,0
CUST-00047,2026-03-22 00:00:00+00:00,27.94,succeeded,0
CUST-00047,2026-02-20 00:00:00+00:00,35.43,succeeded,0
CUST-00047,2026-01-21 00:00:00+00:00,23.68,succeeded,2
CUST-00047,2025-12-22 00:00:00+00:00,19.45,succeeded,0
CUST-00047,2025-11-22 00:00:00+00:00,18.98,succeeded,1
CUST-00048,2026-03-22 00:00:00+00:00,28.45,succeeded,2
CUST-00048,2026-02-20 00:00:00+00:00,28.47,succeeded,0
CUST-00048,2026-01-21 00:00:00+00:00,26.73,failed,6
CUST-00048,2025-12-22 00:00:00+00:00,32.19,succeeded,1
CUST-00048,2025-11-22 00:00:00+00:00,36.0,succeeded,2
CUST-00049,2026-04-21 00:00:00+00:00,91.82,succeeded,1
CUST-00049,2026-03-22 00:00:00+00:00,88.42,succeeded,1
CUST-00049,2026-02-20 00:00:00+00:00,80.28,succeeded,3
CUST-00049,2026-01-21 00:00:00+00:00,90.84,succeeded,0
CUST-00049,2025-12-22 00:00:00+00:00,84.85,succeeded,2
CUST-00049,2025-11-22 00:00:00+00:00,87.17,succeeded,1
CUST-00050,2026-03-22 00:00:00+00:00,81.21,succeeded,0
CUST-00050,2026-02-20 00:00:00+00:00,74.59,succeeded,2
CUST-00050,2026-01-21 00:00:00+00:00,79.87,succeeded,0
CUST-00050,2025-12-22 00:00:00+00:00,78.48,succeeded,0
CUST-00050,2025-11-22 00:00:00+00:00,77.04,succeeded,1
CUST-00051,2026-03-22 00:00:00+00:00,86.3,failed,14
CUST-00051,2026-02-20 00:00:00+00:00,77.51,succeeded,2
CUST-00051,2026-01-21 00:00:00+00:00,76.2,succeeded,3
CUST-00051,2025-12-22 00:00:00+00:00,83.08,succeeded,0
CUST-00051,2025-11-22 00:00:00+00:00,85.34,succeeded,2
CUST-00052,2026-03-22 00:00:00+00:00,28.19,succeeded,2
CUST-00052,2026-02-20 00:00:00+00:00,29.37,succeeded,0
CUST-00052,2026-01-21 00:00:00+00:00,18.29,succeeded,1
CUST-00052,2025-12-22 00:00:00+00:00,24.74,succeeded,3
CUST-00052,2025-11-22 00:00:00+00:00,30.25,succeeded,2
CUST-00053,2026-03-22 00:00:00+00:00,188.03,succeeded,0
CUST-00053,2026-02-20 00:00:00+00:00,193.51,succeeded,3
CUST-00053,2026-01-21 00:00:00+00:00,200.44,succeeded,3
CUST-00053,2025-12-22 00:00:00+00:00,191.99,succeeded,2
CUST-00053,2025-11-22 00:00:00+00:00,204.89,succeeded,0
CUST-00054,2026-03-22 00:00:00+00:00,83.44,succeeded,3
CUST-00054,2026-02-20 00:00:00+00:00,81.57,succeeded,1
CUST-00054,2026-01-21 00:00:00+00:00,87.59,succeeded,1
CUST-00054,2025-12-22 00:00:00+00:00,94.29,succeeded,2
CUST-00054,2025-11-22 00:00:00+00:00,77.02,failed,2
CUST-00055,2026-04-21 00:00:00+00:00,29.9,succeeded,2
CUST-00055,2026-03-22 00:00:00+00:00,28.95,succeeded,2
CUST-00055,2026-02-20 00:00:00+00:00,29.2,succeeded,3
CUST-00055,2026-01-21 00:00:00+00:00,48.2,succeeded,1
CUST-00055,2025-12-22 00:00:00+00:00,36.66,succeeded,2
CUST-00055,2025-11-22 00:00:00+00:00,30.38,succeeded,3
CUST-00056,2026-04-21 00:00:00+00:00,41.11,succeeded,3
CUST-00056,2026-03-22 00:00:00+00:00,31.74,succeeded,3
CUST-00056,2026-02-20 00:00:00+00:00,23.85,succeeded,3
CUST-00056,2026-01-21 00:00:00+00:00,47.38,succeeded,2
CUST-00056,2025-12-22 00:00:00+00:00,31.64,succeeded,3
CUST-00056,2025-11-22 00:00:00+00:00,31.0,succeeded,3
CUST-00057,2026-04-21 00:00:00+00:00,79.47,succeeded,3
CUST-00057,2026-03-22 00:00:00+00:00,76.78,succeeded,2
CUST-00057,2026-02-20 00:00:00+00:00,72.1,succeeded,0
CUST-00057,2026-01-21 00:00:00+00:00,82.21,succeeded,2
CUST-00057,2025-12-22 00:00:00+00:00,79.1,succeeded,2
CUST-00057,2025-11-22 00:00:00+00:00,80.5,failed,5
CUST-00058,2026-04-21 00:00:00+00:00,29.91,succeeded,3
CUST-00058,2026-03-22 00:00:00+00:00,30.98,succeeded,3
CUST-00058,2026-02-20 00:00:00+00:00,30.15,succeeded,2
CUST-00058,2026-01-21 00:00:00+00:00,20.98,succeeded,3
CUST-00058,2025-12-22 00:00:00+00:00,30.06,succeeded,0
CUST-00058,2025-11-22 00:00:00+00:00,40.61,succeeded,1
CUST-00059,2026-04-21 00:00:00+00:00,84.84,succeeded,1
CUST-00059,2026-03-22 00:00:00+00:00,83.63,succeeded,3
CUST-00059,2026-02-20 00:00:00+00:00,87.35,succeeded,3
CUST-00059,2026-01-21 00:00:00+00:00,85.68,succeeded,1
CUST-00059,2025-12-22 00:00:00+00:00,85.28,succeeded,3
CUST-00059,2025-11-22 00:00:00+00:00,88.78,succeeded,0
CUST-00060,2026-04-21 00:00:00+00:00,203.77,succeeded,2
CUST-00060,2026-03-22 00:00:00+00:00,207.0,succeeded,0
CUST-00060,2026-02-20 00:00:00+00:00,212.64,succeeded,0
CUST-00060,2026-01-21 00:00:00+00:00,213.64,succeeded,0
CUST-00060,2025-12-22 00:00:00+00:00,201.39,succeeded,2
CUST-00060,2025-11-22 00:00:00+00:00,204.38,succeeded,0
CUST-00061,2026-04-21 00:00:00+00:00,40.68,succeeded,2
CUST-00061,2026-03-22 00:00:00+00:00,38.26,succeeded,1
CUST-00061,2026-02-20 00:00:00+00:00,34.07,succeeded,3
CUST-00061,2026-01-21 00:00:00+00:00,33.45,succeeded,3
CUST-00061,2025-12-22 00:00:00+00:00,36.38,succeeded,1
CUST-00061,2025-11-22 00:00:00+00:00,43.51,succeeded,3
CUST-00062,2026-04-21 00:00:00+00:00,23.89,succeeded,2
CUST-00062,2026-03-22 00:00:00+00:00,25.89,succeeded,3
CUST-00062,2026-02-20 00:00:00+00:00,28.4,succeeded,2
CUST-00062,2026-01-21 00:00:00+00:00,23.57,succeeded,0
CUST-00062,2025-12-22 00:00:00+00:00,31.71,succeeded,3
CUST-00062,2025-11-22 00:00:00+00:00,16.12,succeeded,2
CUST-00063,2026-04-21 00:00:00+00:00,205.14,succeeded,1
CUST-00063,2026-03-22 00:00:00+00:00,206.03,succeeded,2
CUST-00063,2026-02-20 00:00:00+00:00,202.92,succeeded,0
CUST-00063,2026-01-21 00:00:00+00:00,210.37,succeeded,3
CUST-00063,2025-12-22 00:00:00+00:00,204.02,succeeded,3
CUST-00063,2025-11-22 00:00:00+00:00,214.39,succeeded,2
CUST-00064,2026-04-21 00:00:00+00:00,79.64,succeeded,0
CUST-00064,2026-03-22 00:00:00+00:00,78.17,succeeded,1
CUST-00064,2026-02-20 00:00:00+00:00,70.01,succeeded,1
CUST-00064,2026-01-21 00:00:00+00:00,80.1,succeeded,1
CUST-00064,2025-12-22 00:00:00+00:00,77.04,succeeded,0
CUST-00064,2025-11-22 00:00:00+00:00,78.58,failed,13
CUST-00065,2026-04-21 00:00:00+00:00,46.68,failed,1
CUST-00065,2026-03-22 00:00:00+00:00,32.21,succeeded,3
CUST-00065,2026-02-20 00:00:00+00:00,31.06,succeeded,0
CUST-00065,2026-01-21 00:00:00+00:00,40.91,failed,6
CUST-00065,2025-12-22 00:00:00+00:00,35.29,failed,14
CUST-00065,2025-11-22 00:00:00+00:00,30.34,succeeded,0
CUST-00066,2026-04-21 00:00:00+00:00,201.98,succeeded,2
CUST-00066,2026-03-22 00:00:00+00:00,208.92,failed,1
CUST-00066,2026-02-20 00:00:00+00:00,203.41,succeeded,0
CUST-00066,2026-01-21 00:00:00+00:00,200.9,succeeded,0
CUST-00066,2025-12-22 00:00:00+00:00,210.1,succeeded,3
CUST-00066,2025-11-22 00:00:00+00:00,193.46,succeeded,2
CUST-00067,2026-04-21 00:00:00+00:00,194.66,succeeded,3
CUST-00067,2026-03-22 00:00:00+00:00,196.18,succeeded,1
CUST-00067,2026-02-20 00:00:00+00:00,202.28,succeeded,0
CUST-00067,2026-01-21 00:00:00+00:00,195.65,succeeded,2
CUST-00067,2025-12-22 00:00:00+00:00,195.17,succeeded,2
CUST-00067,2025-11-22 00:00:00+00:00,199.68,succeeded,1
CUST-00068,2026-04-21 00:00:00+00:00,73.98,failed,13
CUST-00068,2026-03-22 00:00:00+00:00,73.05,succeeded,0
CUST-00068,2026-02-20 00:00:00+00:00,72.64,succeeded,1
CUST-00068,2026-01-21 00:00:00+00:00,73.13,succeeded,3
CUST-00068,2025-12-22 00:00:00+00:00,64.73,succeeded,1
CUST-00068,2025-11-22 00:00:00+00:00,75.14,failed,14
CUST-00069,2026-03-22 00:00:00+00:00,82.29,succeeded,0
CUST-00069,2026-02-20 00:00:00+00:00,90.26,succeeded,0
CUST-00069,2026-01-21 00:00:00+00:00,84.5,succeeded,0
CUST-00069,2025-12-22 00:00:00+00:00,84.09,succeeded,3
CUST-00069,2025-11-22 00:00:00+00:00,76.45,succeeded,1
CUST-00070,2026-03-22 00:00:00+00:00,51.59,succeeded,2
CUST-00070,2026-02-20 00:00:00+00:00,50.16,succeeded,2
CUST-00070,2026-01-21 00:00:00+00:00,54.59,succeeded,1
CUST-00070,2025-12-22 00:00:00+00:00,54.04,succeeded,3
CUST-00070,2025-11-22 00:00:00+00:00,51.54,succeeded,1
CUST-00071,2026-04-21 00:00:00+00:00,25.74,succeeded,1
CUST-00071,2026-03-22 00:00:00+00:00,23.56,failed,14
CUST-00071,2026-02-20 00:00:00+00:00,29.28,succeeded,0
CUST-00071,2026-01-21 00:00:00+00:00,23.62,succeeded,1
CUST-00071,2025-12-22 00:00:00+00:00,21.04,succeeded,2
CUST-00071,2025-11-22 00:00:00+00:00,22.42,succeeded,0
CUST-00072,2026-03-22 00:00:00+00:00,79.55,succeeded,1
CUST-00072,2026-02-20 00:00:00+00:00,81.04,succeeded,0
CUST-00072,2026-01-21 00:00:00+00:00,80.66,succeeded,3
CUST-00072,2025-12-22 00:00:00+00:00,75.99,succeeded,2
CUST-00072,2025-11-22 00:00:00+00:00,82.45,succeeded,2
CUST-00073,2026-03-22 00:00:00+00:00,29.3,succeeded,2
CUST-00073,2026-02-20 00:00:00+00:00,27.47,succeeded,0
CUST-00073,2026-01-21 00:00:00+00:00,19.57,succeeded,2
CUST-00073,2025-12-22 00:00:00+00:00,25.05,succeeded,2
CUST-00073,2025-11-22 00:00:00+00:00,32.68,succeeded,3
CUST-00074,2026-03-22 00:00:00+00:00,78.72,succeeded,3
CUST-00074,2026-02-20 00:00:00+00:00,65.82,succeeded,3
CUST-00074,2026-01-21 00:00:00+00:00,72.48,succeeded,0
CUST-00074,2025-12-22 00:00:00+00:00,75.32,failed,11
CUST-00074,2025-11-22 00:00:00+00:00,74.08,succeeded,0
CUST-00075,2026-04-21 00:00:00+00:00,92.59,succeeded,3
CUST-00075,2026-03-22 00:00:00+00:00,94.15,succeeded,0
CUST-00075,2026-02-20 00:00:00+00:00,86.2,succeeded,1
CUST-00075,2026-01-21 00:00:00+00:00,87.77,succeeded,3
CUST-00075,2025-12-22 00:00:00+00:00,83.33,succeeded,1
CUST-00075,2025-11-22 00:00:00+00:00,91.96,succeeded,2
CUST-00076,2026-03-22 00:00:00+00:00,18.58,succeeded,0
CUST-00076,2026-02-20 00:00:00+00:00,19.08,succeeded,1
CUST-00076,2026-01-21 00:00:00+00:00,23.72,succeeded,2
CUST-00076,2025-12-22 00:00:00+00:00,26.11,succeeded,0
CUST-00076,2025-11-22 00:00:00+00:00,15.16,failed,8
CUST-00077,2026-04-21 00:00:00+00:00,81.59,succeeded,3
CUST-00077,2026-03-22 00:00:00+00:00,68.3,succeeded,1
CUST-00077,2026-02-20 00:00:00+00:00,73.96,succeeded,0
CUST-00077,2026-01-21 00:00:00+00:00,80.53,succeeded,1
CUST-00077,2025-12-22 00:00:00+00:00,73.52,failed,6
CUST-00077,2025-11-22 00:00:00+00:00,73.33,succeeded,1
CUST-00078,2026-04-21 00:00:00+00:00,12.74,succeeded,3
CUST-00078,2026-03-22 00:00:00+00:00,16.06,succeeded,2
CUST-00078,2026-02-20 00:00:00+00:00,21.97,succeeded,2
CUST-00078,2026-01-21 00:00:00+00:00,23.95,succeeded,1
CUST-00078,2025-12-22 00:00:00+00:00,16.54,succeeded,0
CUST-00078,2025-11-22 00:00:00+00:00,19.74,succeeded,2
CUST-00079,2026-03-22 00:00:00+00:00,192.55,succeeded,1
CUST-00079,2026-02-20 00:00:00+00:00,185.56,succeeded,1
CUST-00079,2026-01-21 00:00:00+00:00,185.79,succeeded,0
CUST-00079,2025-12-22 00:00:00+00:00,184.79,succeeded,2
CUST-00079,2025-11-22 00:00:00+00:00,191.34,succeeded,0
CUST-00080,2026-04-21 00:00:00+00:00,15.91,failed,7
CUST-00080,2026-03-22 00:00:00+00:00,11.75,succeeded,3
CUST-00080,2026-02-20 00:00:00+00:00,10.77,succeeded,3
CUST-00080,2026-01-21 00:00:00+00:00,10.16,succeeded,0
CUST-00080,2025-12-22 00:00:00+00:00,20.57,failed,12
CUST-00080,2025-11-22 00:00:00+00:00,17.31,succeeded,0
CUST-00081,2026-04-21 00:00:00+00:00,83.06,succeeded,0
CUST-00081,2026-03-22 00:00:00+00:00,88.9,succeeded,3
CUST-00081,2026-02-20 00:00:00+00:00,81.82,succeeded,0
CUST-00081,2026-01-21 00:00:00+00:00,81.85,failed,14
CUST-00081,2025-12-22 00:00:00+00:00,83.03,succeeded,0
CUST-00081,2025-11-22 00:00:00+00:00,79.16,succeeded,1
CUST-00082,2026-04-21 00:00:00+00:00,95.19,succeeded,3
CUST-00082,2026-03-22 00:00:00+00:00,102.54,succeeded,3
CUST-00082,2026-02-20 00:00:00+00:00,111.62,succeeded,0
CUST-00082,2026-01-21 00:00:00+00:00,99.77,succeeded,3
CUST-00082,2025-12-22 00:00:00+00:00,104.57,succeeded,2
CUST-00082,2025-11-22 00:00:00+00:00,101.37,succeeded,2
CUST-00083,2026-04-21 00:00:00+00:00,20.68,succeeded,1
CUST-00083,2026-03-22 00:00:00+00:00,35.84,succeeded,2
CUST-00083,2026-02-20 00:00:00+00:00,22.76,succeeded,1
CUST-00083,2026-01-21 00:00:00+00:00,23.73,succeeded,0
CUST-00083,2025-12-22 00:00:00+00:00,21.61,succeeded,1
CUST-00083,2025-11-22 00:00:00+00:00,24.77,succeeded,0
CUST-00084,2026-04-21 00:00:00+00:00,55.72,succeeded,0
CUST-00084,2026-03-22 00:00:00+00:00,61.11,succeeded,0
CUST-00084,2026-02-20 00:00:00+00:00,69.64,succeeded,2
CUST-00084,2026-01-21 00:00:00+00:00,63.58,succeeded,0
CUST-00084,2025-12-22 00:00:00+00:00,67.64,succeeded,2
CUST-00084,2025-11-22 00:00:00+00:00,66.76,succeeded,3
CUST-00085,2026-04-21 00:00:00+00:00,86.75,succeeded,2
CUST-00085,2026-03-22 00:00:00+00:00,79.52,succeeded,3
CUST-00085,2026-02-20 00:00:00+00:00,84.98,succeeded,3
CUST-00085,2026-01-21 00:00:00+00:00,90.7,succeeded,3
CUST-00085,2025-12-22 00:00:00+00:00,91.65,succeeded,2
CUST-00085,2025-11-22 00:00:00+00:00,82.57,succeeded,2
CUST-00086,2026-04-21 00:00:00+00:00,80.42,succeeded,0
CUST-00086,2026-03-22 00:00:00+00:00,75.03,succeeded,3
CUST-00086,2026-02-20 00:00:00+00:00,75.15,succeeded,3
CUST-00086,2026-01-21 00:00:00+00:00,84.11,succeeded,1
CUST-00086,2025-12-22 00:00:00+00:00,68.26,succeeded,1
CUST-00086,2025-11-22 00:00:00+00:00,78.57,succeeded,3
CUST-00087,2026-03-22 00:00:00+00:00,88.38,succeeded,2
CUST-00087,2026-02-20 00:00:00+00:00,89.27,succeeded,3
CUST-00087,2026-01-21 00:00:00+00:00,87.88,succeeded,2
CUST-00087,2025-12-22 00:00:00+00:00,84.27,succeeded,0
CUST-00087,2025-11-22 00:00:00+00:00,84.22,succeeded,3
CUST-00088,2026-04-21 00:00:00+00:00,192.11,succeeded,0
CUST-00088,2026-03-22 00:00:00+00:00,190.19,succeeded,2
CUST-00088,2026-02-20 00:00:00+00:00,186.27,succeeded,0
CUST-00088,2026-01-21 00:00:00+00:00,201.12,succeeded,3
CUST-00088,2025-12-22 00:00:00+00:00,189.71,succeeded,0
CUST-00088,2025-11-22 00:00:00+00:00,190.31,succeeded,3
CUST-00089,2026-04-21 00:00:00+00:00,22.76,succeeded,1
CUST-00089,2026-03-22 00:00:00+00:00,19.83,succeeded,0
CUST-00089,2026-02-20 00:00:00+00:00,27.76,succeeded,2
CUST-00089,2026-01-21 00:00:00+00:00,32.66,succeeded,1
CUST-00089,2025-12-22 00:00:00+00:00,29.13,succeeded,3
CUST-00089,2025-11-22 00:00:00+00:00,26.45,succeeded,2
CUST-00090,2026-04-21 00:00:00+00:00,83.68,succeeded,3
CUST-00090,2026-03-22 00:00:00+00:00,81.34,failed,7
CUST-00090,2026-02-20 00:00:00+00:00,84.65,succeeded,3
CUST-00090,2026-01-21 00:00:00+00:00,80.94,succeeded,2
CUST-00090,2025-12-22 00:00:00+00:00,238.17000000000002,succeeded,0
CUST-00090,2025-11-22 00:00:00+00:00,76.54,succeeded,3
CUST-00091,2026-04-21 00:00:00+00:00,43.47,succeeded,1
CUST-00091,2026-03-22 00:00:00+00:00,33.4,succeeded,2
CUST-00091,2026-02-20 00:00:00+00:00,35.82,succeeded,2
CUST-00091,2026-01-21 00:00:00+00:00,36.45,succeeded,1
CUST-00091,2025-12-22 00:00:00+00:00,30.62,succeeded,2
CUST-00091,2025-11-22 00:00:00+00:00,33.36,succeeded,2
CUST-00092,2026-04-21 00:00:00+00:00,73.94,failed,12
CUST-00092,2026-03-22 00:00:00+00:00,74.86,succeeded,2
CUST-00092,2026-02-20 00:00:00+00:00,82.07,succeeded,1
CUST-00092,2026-01-21 00:00:00+00:00,73.67,succeeded,0
CUST-00092,2025-12-22 00:00:00+00:00,80.07,succeeded,1
CUST-00092,2025-11-22 00:00:00+00:00,72.0,succeeded,2
CUST-00093,2026-03-22 00:00:00+00:00,74.66,succeeded,3
CUST-00093,2026-02-20 00:00:00+00:00,69.23,succeeded,2
CUST-00093,2026-01-21 00:00:00+00:00,67.98,succeeded,3
CUST-00093,2025-12-22 00:00:00+00:00,82.37,succeeded,0
CUST-00093,2025-11-22 00:00:00+00:00,79.67,succeeded,0
CUST-00094,2026-03-22 00:00:00+00:00,29.77,succeeded,2
CUST-00094,2026-02-20 00:00:00+00:00,30.86,failed,6
CUST-00094,2026-01-21 00:00:00+00:00,33.06,succeeded,1
CUST-00094,2025-12-22 00:00:00+00:00,29.77,succeeded,1
CUST-00094,2025-11-22 00:00:00+00:00,24.46,succeeded,0
CUST-00095,2026-04-21 00:00:00+00:00,13.55,succeeded,1
CUST-00095,2026-03-22 00:00:00+00:00,15.47,succeeded,2
CUST-00095,2026-02-20 00:00:00+00:00,23.14,succeeded,0
CUST-00095,2026-01-21 00:00:00+00:00,14.44,failed,1
CUST-00095,2025-12-22 00:00:00+00:00,25.01,succeeded,1
CUST-00095,2025-11-22 00:00:00+00:00,10.61,succeeded,3
CUST-00096,2026-03-22 00:00:00+00:00,194.73,succeeded,0
CUST-00096,2026-02-20 00:00:00+00:00,202.94,succeeded,2
CUST-00096,2026-01-21 00:00:00+00:00,212.1,succeeded,1
CUST-00096,2025-12-22 00:00:00+00:00,198.86,succeeded,1
CUST-00096,2025-11-22 00:00:00+00:00,206.35,succeeded,3
CUST-00097,2026-03-22 00:00:00+00:00,10.56,succeeded,1
CUST-00097,2026-02-20 00:00:00+00:00,15.21,succeeded,1
CUST-00097,2026-01-21 00:00:00+00:00,12.52,succeeded,2
CUST-00097,2025-12-22 00:00:00+00:00,18.47,succeeded,1
CUST-00097,2025-11-22 00:00:00+00:00,10.87,succeeded,0
CUST-00098,2026-03-22 00:00:00+00:00,76.42,succeeded,0
CUST-00098,2026-02-20 00:00:00+00:00,80.14,succeeded,3
CUST-00098,2026-01-21 00:00:00+00:00,70.63,succeeded,2
CUST-00098,2025-12-22 00:00:00+00:00,71.71,succeeded,0
CUST-00098,2025-11-22 00:00:00+00:00,64.21,succeeded,1
CUST-00099,2026-04-21 00:00:00+00:00,26.84,succeeded,2
CUST-00099,2026-03-22 00:00:00+00:00,31.14,succeeded,1
CUST-00099,2026-02-20 00:00:00+00:00,30.28,succeeded,2
CUST-00099,2026-01-21 00:00:00+00:00,44.84,succeeded,1
CUST-00099,2025-12-22 00:00:00+00:00,30.48,succeeded,1
CUST-00099,2025-11-22 00:00:00+00:00,40.12,succeeded,2
CUST-00100,2026-04-21 00:00:00+00:00,205.22,succeeded,1
CUST-00100,2026-03-22 00:00:00+00:00,206.02,succeeded,0
CUST-00100,2026-02-20 00:00:00+00:00,199.93,succeeded,1
CUST-00100,2026-01-21 00:00:00+00:00,203.81,succeeded,3
CUST-00100,2025-12-22 00:00:00+00:00,191.94,succeeded,0
CUST-00100,2025-11-22 00:00:00+00:00,197.36,succeeded,0
CUST-00101,2026-04-21 00:00:00+00:00,29.8,succeeded,0
CUST-00101,2026-03-22 00:00:00+00:00,33.25,succeeded,3
CUST-00101,2026-02-20 00:00:00+00:00,31.27,succeeded,2
CUST-00101,2026-01-21 00:00:00+00:00,31.7,succeeded,0
CUST-00101,2025-12-22 00:00:00+00:00,33.3,succeeded,2
CUST-00101,2025-11-22 00:00:00+00:00,42.77,succeeded,2
CUST-00102,2026-04-21 00:00:00+00:00,30.12,succeeded,1
CUST-00102,2026-03-22 00:00:00+00:00,30.1,failed,1
CUST-00102,2026-02-20 00:00:00+00:00,28.84,failed,0
CUST-00102,2026-01-21 00:00:00+00:00,27.24,succeeded,1
CUST-00102,2025-12-22 00:00:00+00:00,26.64,succeeded,1
CUST-00102,2025-11-22 00:00:00+00:00,30.63,succeeded,1
CUST-00103,2026-04-21 00:00:00+00:00,206.23,succeeded,0
CUST-00103,2026-03-22 00:00:00+00:00,202.36,succeeded,2
CUST-00103,2026-02-20 00:00:00+00:00,206.36,succeeded,2
CUST-00103,2026-01-21 00:00:00+00:00,200.99,failed,7
CUST-00103,2025-12-22 00:00:00+00:00,211.33,failed,13
CUST-00103,2025-11-22 00:00:00+00:00,210.66,failed,4
CUST-00104,2026-03-22 00:00:00+00:00,204.63,succeeded,0
CUST-00104,2026-02-20 00:00:00+00:00,197.84,succeeded,3
CUST-00104,2026-01-21 00:00:00+00:00,197.92,succeeded,0
CUST-00104,2025-12-22 00:00:00+00:00,215.5,succeeded,3
CUST-00104,2025-11-22 00:00:00+00:00,207.67,succeeded,2
CUST-00105,2026-04-21 00:00:00+00:00,36.54,succeeded,2
CUST-00105,2026-03-22 00:00:00+00:00,33.9,succeeded,2
CUST-00105,2026-02-20 00:00:00+00:00,35.99,succeeded,0
CUST-00105,2026-01-21 00:00:00+00:00,29.38,succeeded,0
CUST-00105,2025-12-22 00:00:00+00:00,27.03,succeeded,0
CUST-00105,2025-11-22 00:00:00+00:00,29.41,succeeded,2
CUST-00106,2026-04-21 00:00:00+00:00,34.66,succeeded,2
CUST-00106,2026-03-22 00:00:00+00:00,36.1,succeeded,2
CUST-00106,2026-02-20 00:00:00+00:00,37.68,succeeded,0
CUST-00106,2026-01-21 00:00:00+00:00,31.52,succeeded,2
CUST-00106,2025-12-22 00:00:00+00:00,32.74,failed,1
CUST-00106,2025-11-22 00:00:00+00:00,33.95,failed,11
CUST-00107,2026-04-21 00:00:00+00:00,86.9,succeeded,2
CUST-00107,2026-03-22 00:00:00+00:00,89.17,succeeded,3
CUST-00107,2026-02-20 00:00:00+00:00,81.93,succeeded,3
CUST-00107,2026-01-21 00:00:00+00:00,84.21,succeeded,0
CUST-00107,2025-12-22 00:00:00+00:00,82.31,succeeded,3
CUST-00107,2025-11-22 00:00:00+00:00,86.64,failed,4
CUST-00108,2026-03-22 00:00:00+00:00,192.6,succeeded,2
CUST-00108,2026-02-20 00:00:00+00:00,197.36,succeeded,0
CUST-00108,2026-01-21 00:00:00+00:00,191.6,succeeded,1
CUST-00108,2025-12-22 00:00:00+00:00,192.93,succeeded,0
CUST-00108,2025-11-22 00:00:00+00:00,197.72,succeeded,3
CUST-00109,2026-03-22 00:00:00+00:00,20.83,succeeded,1
CUST-00109,2026-02-20 00:00:00+00:00,19.1,succeeded,3
CUST-00109,2026-01-21 00:00:00+00:00,19.12,succeeded,3
CUST-00109,2025-12-22 00:00:00+00:00,30.23,succeeded,1
CUST-00109,2025-11-22 00:00:00+00:00,10.0,failed,11
CUST-00110,2026-04-21 00:00:00+00:00,72.58,failed,1
CUST-00110,2026-03-22 00:00:00+00:00,75.13,succeeded,1
CUST-00110,2026-02-20 00:00:00+00:00,93.43,succeeded,1
CUST-00110,2026-01-21 00:00:00+00:00,90.17,succeeded,2
CUST-00110,2025-12-22 00:00:00+00:00,80.73,succeeded,0
CUST-00110,2025-11-22 00:00:00+00:00,92.21,succeeded,0
CUST-00111,2026-04-21 00:00:00+00:00,84.65,succeeded,3
CUST-00111,2026-03-22 00:00:00+00:00,92.45,succeeded,3
CUST-00111,2026-02-20 00:00:00+00:00,81.87,succeeded,3
CUST-00111,2026-01-21 00:00:00+00:00,75.27,succeeded,2
CUST-00111,2025-12-22 00:00:00+00:00,87.73,succeeded,2
CUST-00111,2025-11-22 00:00:00+00:00,88.59,succeeded,0
CUST-00112,2026-04-21 00:00:00+00:00,89.21,succeeded,2
CUST-00112,2026-03-22 00:00:00+00:00,89.49,succeeded,1
CUST-00112,2026-02-20 00:00:00+00:00,80.31,succeeded,1
CUST-00112,2026-01-21 00:00:00+00:00,88.01,succeeded,1
CUST-00112,2025-12-22 00:00:00+00:00,92.16,succeeded,2
CUST-00112,2025-11-22 00:00:00+00:00,81.11,succeeded,2
CUST-00113,2026-04-21 00:00:00+00:00,71.33,succeeded,3
CUST-00113,2026-03-22 00:00:00+00:00,70.44,succeeded,0
CUST-00113,2026-02-20 00:00:00+00:00,80.13,succeeded,3
CUST-00113,2026-01-21 00:00:00+00:00,59.52,succeeded,1
CUST-00113,2025-12-22 00:00:00+00:00,75.21,succeeded,2
CUST-00113,2025-11-22 00:00:00+00:00,66.4,succeeded,2
CUST-00114,2026-04-21 00:00:00+00:00,66.13,succeeded,3
CUST-00114,2026-03-22 00:00:00+00:00,73.26,succeeded,2
CUST-00114,2026-02-20 00:00:00+00:00,70.5,succeeded,1
CUST-00114,2026-01-21 00:00:00+00:00,66.21,succeeded,1
CUST-00114,2025-12-22 00:00:00+00:00,69.36,succeeded,3
CUST-00114,2025-11-22 00:00:00+00:00,79.03,succeeded,1
CUST-00115,2026-03-22 00:00:00+00:00,37.21,failed,9
CUST-00115,2026-02-20 00:00:00+00:00,21.51,failed,11
CUST-00115,2026-01-21 00:00:00+00:00,25.04,succeeded,0
CUST-00115,2025-12-22 00:00:00+00:00,29.09,failed,8
CUST-00115,2025-11-22 00:00:00+00:00,40.82,succeeded,2
CUST-00116,2026-04-21 00:00:00+00:00,198.97,failed,4
CUST-00116,2026-03-22 00:00:00+00:00,197.27,succeeded,3
CUST-00116,2026-02-20 00:00:00+00:00,190.05,succeeded,2
CUST-00116,2026-01-21 00:00:00+00:00,196.62,succeeded,0
CUST-00116,2025-12-22 00:00:00+00:00,205.72,succeeded,2
CUST-00116,2025-11-22 00:00:00+00:00,206.96,succeeded,0
CUST-00117,2026-04-21 00:00:00+00:00,182.45,succeeded,2
CUST-00117,2026-03-22 00:00:00+00:00,186.47,succeeded,2
CUST-00117,2026-02-20 00:00:00+00:00,190.95,succeeded,1
CUST-00117,2026-01-21 00:00:00+00:00,181.42,succeeded,3
CUST-00117,2025-12-22 00:00:00+00:00,185.62,succeeded,2
CUST-00117,2025-11-22 00:00:00+00:00,183.96,succeeded,0
CUST-00118,2026-03-22 00:00:00+00:00,73.16,succeeded,0
CUST-00118,2026-02-20 00:00:00+00:00,76.59,succeeded,2
CUST-00118,2026-01-21 00:00:00+00:00,89.07,failed,9
CUST-00118,2025-12-22 00:00:00+00:00,82.85,succeeded,3
CUST-00118,2025-11-22 00:00:00+00:00,84.4,succeeded,0
CUST-00119,2026-04-21 00:00:00+00:00,20.06,succeeded,0
CUST-00119,2026-03-22 00:00:00+00:00,17.37,succeeded,3
CUST-00119,2026-02-20 00:00:00+00:00,17.4,succeeded,2
CUST-00119,2026-01-21 00:00:00+00:00,11.34,succeeded,1
CUST-00119,2025-12-22 00:00:00+00:00,11.0,succeeded,3
CUST-00119,2025-11-22 00:00:00+00:00,30.0,succeeded,2
CUST-00120,2026-03-22 00:00:00+00:00,14.44,succeeded,0
CUST-00120,2026-02-20 00:00:00+00:00,21.1,succeeded,3
CUST-00120,2026-01-21 00:00:00+00:00,11.99,succeeded,0
CUST-00120,2025-12-22 00:00:00+00:00,16.09,succeeded,2
CUST-00120,2025-11-22 00:00:00+00:00,26.22,succeeded,2
CUST-00121,2026-04-21 00:00:00+00:00,90.46,succeeded,1
CUST-00121,2026-03-22 00:00:00+00:00,96.0,succeeded,0
CUST-00121,2026-02-20 00:00:00+00:00,79.0,succeeded,3
CUST-00121,2026-01-21 00:00:00+00:00,82.57,succeeded,0
CUST-00121,2025-12-22 00:00:00+00:00,101.1,succeeded,0
CUST-00121,2025-11-22 00:00:00+00:00,90.83,succeeded,2
CUST-00122,2026-04-21 00:00:00+00:00,38.45,succeeded,2
CUST-00122,2026-03-22 00:00:00+00:00,47.03,succeeded,2
CUST-00122,2026-02-20 00:00:00+00:00,44.2,succeeded,0
CUST-00122,2026-01-21 00:00:00+00:00,40.86,succeeded,0
CUST-00122,2025-12-22 00:00:00+00:00,38.96,failed,0
CUST-00122,2025-11-22 00:00:00+00:00,45.0,succeeded,1
CUST-00123,2026-04-21 00:00:00+00:00,185.15,succeeded,0
CUST-00123,2026-03-22 00:00:00+00:00,182.74,succeeded,1
CUST-00123,2026-02-20 00:00:00+00:00,181.63,succeeded,3
CUST-00123,2026-01-21 00:00:00+00:00,193.93,succeeded,1
CUST-00123,2025-12-22 00:00:00+00:00,195.04,failed,7
CUST-00123,2025-11-22 00:00:00+00:00,186.48,failed,12
CUST-00124,2026-03-22 00:00:00+00:00,30.06,succeeded,3
CUST-00124,2026-02-20 00:00:00+00:00,32.43,succeeded,3
CUST-00124,2026-01-21 00:00:00+00:00,18.74,succeeded,2
CUST-00124,2025-12-22 00:00:00+00:00,22.91,succeeded,1
CUST-00124,2025-11-22 00:00:00+00:00,30.65,succeeded,0
CUST-00125,2026-03-22 00:00:00+00:00,84.86,succeeded,0
CUST-00125,2026-02-20 00:00:00+00:00,75.97,succeeded,0
CUST-00125,2026-01-21 00:00:00+00:00,78.97,succeeded,0
CUST-00125,2025-12-22 00:00:00+00:00,87.06,succeeded,0
CUST-00125,2025-11-22 00:00:00+00:00,86.69,succeeded,0
CUST-00126,2026-04-21 00:00:00+00:00,219.56,succeeded,2
CUST-00126,2026-03-22 00:00:00+00:00,212.09,succeeded,3
CUST-00126,2026-02-20 00:00:00+00:00,218.97,succeeded,0
CUST-00126,2026-01-21 00:00:00+00:00,218.08,succeeded,1
CUST-00126,2025-12-22 00:00:00+00:00,206.8,succeeded,1
CUST-00126,2025-11-22 00:00:00+00:00,210.54,succeeded,0
CUST-00127,2026-04-21 00:00:00+00:00,22.74,succeeded,0
CUST-00127,2026-03-22 00:00:00+00:00,18.73,succeeded,3
CUST-00127,2026-02-20 00:00:00+00:00,23.41,succeeded,1
CUST-00127,2026-01-21 00:00:00+00:00,19.5,succeeded,3
CUST-00127,2025-12-22 00:00:00+00:00,31.72,succeeded,3
CUST-00127,2025-11-22 00:00:00+00:00,16.8,succeeded,3
CUST-00128,2026-04-21 00:00:00+00:00,26.83,failed,12
CUST-00128,2026-03-22 00:00:00+00:00,33.8,succeeded,3
CUST-00128,2026-02-20 00:00:00+00:00,28.8,succeeded,2
CUST-00128,2026-01-21 00:00:00+00:00,25.67,succeeded,2
CUST-00128,2025-12-22 00:00:00+00:00,31.5,succeeded,0
CUST-00128,2025-11-22 00:00:00+00:00,33.76,succeeded,2
CUST-00129,2026-04-21 00:00:00+00:00,88.43,failed,6
CUST-00129,2026-03-22 00:00:00+00:00,98.0,succeeded,3
CUST-00129,2026-02-20 00:00:00+00:00,92.69,succeeded,1
CUST-00129,2026-01-21 00:00:00+00:00,89.2,failed,4
CUST-00129,2025-12-22 00:00:00+00:00,90.33,failed,12
CUST-00129,2025-11-22 00:00:00+00:00,100.04,succeeded,0
CUST-00130,2026-04-21 00:00:00+00:00,73.46,succeeded,0
CUST-00130,2026-03-22 00:00:00+00:00,78.84,succeeded,0
CUST-00130,2026-02-20 00:00:00+00:00,78.77,succeeded,1
CUST-00130,2026-01-21 00:00:00+00:00,77.06,succeeded,2
CUST-00130,2025-12-22 00:00:00+00:00,71.08,succeeded,1
CUST-00130,2025-11-22 00:00:00+00:00,76.38,succeeded,1
CUST-00131,2026-03-22 00:00:00+00:00,25.32,failed,5
CUST-00131,2026-02-20 00:00:00+00:00,39.6,succeeded,2
CUST-00131,2026-01-21 00:00:00+00:00,28.42,succeeded,0
CUST-00131,2025-12-22 00:00:00+00:00,37.74,failed,1
CUST-00131,2025-11-22 00:00:00+00:00,19.18,succeeded,2
CUST-00132,2026-04-21 00:00:00+00:00,67.91,succeeded,0
CUST-00132,2026-03-22 00:00:00+00:00,62.76,succeeded,2
CUST-00132,2026-02-20 00:00:00+00:00,63.82,failed,8
CUST-00132,2026-01-21 00:00:00+00:00,65.03,succeeded,3
CUST-00132,2025-12-22 00:00:00+00:00,60.91,succeeded,2
CUST-00132,2025-11-22 00:00:00+00:00,61.67,succeeded,0
CUST-00133,2026-04-21 00:00:00+00:00,197.36,succeeded,1
CUST-00133,2026-03-22 00:00:00+00:00,195.95,succeeded,1
CUST-00133,2026-02-20 00:00:00+00:00,197.13,succeeded,1
CUST-00133,2026-01-21 00:00:00+00:00,192.95,succeeded,2
CUST-00133,2025-12-22 00:00:00+00:00,196.8,succeeded,0
CUST-00133,2025-11-22 00:00:00+00:00,197.99,failed,14
CUST-00134,2026-03-22 00:00:00+00:00,16.21,succeeded,0
CUST-00134,2026-02-20 00:00:00+00:00,22.47,succeeded,1
CUST-00134,2026-01-21 00:00:00+00:00,10.31,succeeded,3
CUST-00134,2025-12-22 00:00:00+00:00,18.96,succeeded,0
CUST-00134,2025-11-22 00:00:00+00:00,10.0,succeeded,3
CUST-00135,2026-04-21 00:00:00+00:00,15.34,succeeded,1
CUST-00135,2026-03-22 00:00:00+00:00,16.7,succeeded,2
CUST-00135,2026-02-20 00:00:00+00:00,17.05,failed,3
CUST-00135,2026-01-21 00:00:00+00:00,27.6,succeeded,1
CUST-00135,2025-12-22 00:00:00+00:00,18.1,succeeded,2
CUST-00135,2025-11-22 00:00:00+00:00,20.61,succeeded,0
CUST-00136,2026-03-22 00:00:00+00:00,46.87,succeeded,2
CUST-00136,2026-02-20 00:00:00+00:00,24.6,succeeded,2
CUST-00136,2026-01-21 00:00:00+00:00,35.12,failed,7
CUST-00136,2025-12-22 00:00:00+00:00,37.16,succeeded,0
CUST-00136,2025-11-22 00:00:00+00:00,31.75,succeeded,1
CUST-00137,2026-04-21 00:00:00+00:00,35.11,succeeded,0
CUST-00137,2026-03-22 00:00:00+00:00,30.7,succeeded,0
CUST-00137,2026-02-20 00:00:00+00:00,24.32,succeeded,1
CUST-00137,2026-01-21 00:00:00+00:00,33.32,succeeded,0
CUST-00137,2025-12-22 00:00:00+00:00,26.83,succeeded,0
CUST-00137,2025-11-22 00:00:00+00:00,20.44,succeeded,0
CUST-00138,2026-04-21 00:00:00+00:00,31.68,succeeded,2
CUST-00138,2026-03-22 00:00:00+00:00,26.04,succeeded,1
CUST-00138,2026-02-20 00:00:00+00:00,26.81,succeeded,1
CUST-00138,2026-01-21 00:00:00+00:00,19.52,succeeded,2
CUST-00138,2025-12-22 00:00:00+00:00,20.12,succeeded,2
CUST-00138,2025-11-22 00:00:00+00:00,28.88,failed,11
CUST-00139,2026-04-21 00:00:00+00:00,23.01,succeeded,3
CUST-00139,2026-03-22 00:00:00+00:00,19.22,succeeded,2
CUST-00139,2026-02-20 00:00:00+00:00,14.27,failed,10
CUST-00139,2026-01-21 00:00:00+00:00,15.4,succeeded,2
CUST-00139,2025-12-22 00:00:00+00:00,78.9,failed,10
CUST-00139,2025-11-22 00:00:00+00:00,18.93,succeeded,1
CUST-00140,2026-03-22 00:00:00+00:00,83.59,succeeded,0
CUST-00140,2026-02-20 00:00:00+00:00,77.41,succeeded,1
CUST-00140,2026-01-21 00:00:00+00:00,82.08,succeeded,3
CUST-00140,2025-12-22 00:00:00+00:00,84.33,succeeded,3
CUST-00140,2025-11-22 00:00:00+00:00,86.56,succeeded,2
CUST-00141,2026-04-21 00:00:00+00:00,33.86,succeeded,0
CUST-00141,2026-03-22 00:00:00+00:00,28.78,succeeded,2
CUST-00141,2026-02-20 00:00:00+00:00,44.8,succeeded,1
CUST-00141,2026-01-21 00:00:00+00:00,32.64,succeeded,1
CUST-00141,2025-12-22 00:00:00+00:00,34.42,succeeded,3
CUST-00141,2025-11-22 00:00:00+00:00,36.65,succeeded,2
CUST-00142,2026-03-22 00:00:00+00:00,198.97,succeeded,1
CUST-00142,2026-02-20 00:00:00+00:00,205.41,succeeded,2
CUST-00142,2026-01-21 00:00:00+00:00,205.54,succeeded,1
CUST-00142,2025-12-22 00:00:00+00:00,216.29,succeeded,2
CUST-00142,2025-11-22 00:00:00+00:00,200.72,succeeded,2
CUST-00143,2026-04-21 00:00:00+00:00,10.0,succeeded,2
CUST-00143,2026-03-22 00:00:00+00:00,10.0,succeeded,3
CUST-00143,2026-02-20 00:00:00+00:00,10.84,succeeded,1
CUST-00143,2026-01-21 00:00:00+00:00,10.0,succeeded,1
CUST-00143,2025-12-22 00:00:00+00:00,10.0,succeeded,1
CUST-00143,2025-11-22 00:00:00+00:00,10.0,succeeded,2
CUST-00144,2026-03-22 00:00:00+00:00,18.91,succeeded,2
CUST-00144,2026-02-20 00:00:00+00:00,19.01,succeeded,0
CUST-00144,2026-01-21 00:00:00+00:00,25.73,succeeded,2
CUST-00144,2025-12-22 00:00:00+00:00,26.23,succeeded,2
CUST-00144,2025-11-22 00:00:00+00:00,11.8,succeeded,3
CUST-00145,2026-04-21 00:00:00+00:00,83.38,succeeded,0
CUST-00145,2026-03-22 00:00:00+00:00,82.84,succeeded,1
CUST-00145,2026-02-20 00:00:00+00:00,78.42,succeeded,0
CUST-00145,2026-01-21 00:00:00+00:00,85.37,succeeded,0
CUST-00145,2025-12-22 00:00:00+00:00,79.56,succeeded,1
CUST-00145,2025-11-22 00:00:00+00:00,86.03,succeeded,0
CUST-00146,2026-04-21 00:00:00+00:00,195.34,succeeded,0
CUST-00146,2026-03-22 00:00:00+00:00,199.6,succeeded,0
CUST-00146,2026-02-20 00:00:00+00:00,204.33,succeeded,0
CUST-00146,2026-01-21 00:00:00+00:00,199.2,succeeded,2
CUST-00146,2025-12-22 00:00:00+00:00,201.34,succeeded,1
CUST-00146,2025-11-22 00:00:00+00:00,192.26,succeeded,1
CUST-00147,2026-04-21 00:00:00+00:00,32.56,succeeded,3
CUST-00147,2026-03-22 00:00:00+00:00,29.81,succeeded,0
CUST-00147,2026-02-20 00:00:00+00:00,28.25,failed,14
CUST-00147,2026-01-21 00:00:00+00:00,25.22,succeeded,3
CUST-00147,2025-12-22 00:00:00+00:00,30.21,succeeded,0
CUST-00147,2025-11-22 00:00:00+00:00,25.56,succeeded,0
CUST-00148,2026-03-22 00:00:00+00:00,35.72,succeeded,2
CUST-00148,2026-02-20 00:00:00+00:00,36.65,succeeded,1
CUST-00148,2026-01-21 00:00:00+00:00,31.36,failed,6
CUST-00148,2025-12-22 00:00:00+00:00,42.72,succeeded,3
CUST-00148,2025-11-22 00:00:00+00:00,29.62,succeeded,1
CUST-00149,2026-03-22 00:00:00+00:00,24.83,succeeded,0
CUST-00149,2026-02-20 00:00:00+00:00,27.14,succeeded,1
CUST-00149,2026-01-21 00:00:00+00:00,24.68,succeeded,3
CUST-00149,2025-12-22 00:00:00+00:00,33.42,succeeded,0
CUST-00149,2025-11-22 00:00:00+00:00,22.53,succeeded,2
CUST-00150,2026-04-21 00:00:00+00:00,71.14,succeeded,1
CUST-00150,2026-03-22 00:00:00+00:00,80.15,succeeded,0
CUST-00150,2026-02-20 00:00:00+00:00,70.53,succeeded,2
CUST-00150,2026-01-21 00:00:00+00:00,69.78,succeeded,3
CUST-00150,2025-12-22 00:00:00+00:00,72.82,succeeded,1
CUST-00150,2025-11-22 00:00:00+00:00,75.73,succeeded,2
CUST-00151,2026-03-22 00:00:00+00:00,22.59,succeeded,2
CUST-00151,2026-02-20 00:00:00+00:00,29.49,succeeded,1
CUST-00151,2026-01-21 00:00:00+00:00,31.0,succeeded,2
CUST-00151,2025-12-22 00:00:00+00:00,21.02,succeeded,1
CUST-00151,2025-11-22 00:00:00+00:00,18.31,succeeded,0
CUST-00152,2026-03-22 00:00:00+00:00,38.82,succeeded,2
CUST-00152,2026-02-20 00:00:00+00:00,41.52,succeeded,3
CUST-00152,2026-01-21 00:00:00+00:00,37.66,succeeded,1
CUST-00152,2025-12-22 00:00:00+00:00,44.55,failed,4
CUST-00152,2025-11-22 00:00:00+00:00,36.38,succeeded,1
CUST-00153,2026-04-21 00:00:00+00:00,25.05,succeeded,0
CUST-00153,2026-03-22 00:00:00+00:00,24.4,succeeded,3
CUST-00153,2026-02-20 00:00:00+00:00,26.74,succeeded,0
CUST-00153,2026-01-21 00:00:00+00:00,20.66,succeeded,2
CUST-00153,2025-12-22 00:00:00+00:00,22.16,succeeded,0
CUST-00153,2025-11-22 00:00:00+00:00,18.0,succeeded,3
CUST-00154,2026-04-21 00:00:00+00:00,59.19,succeeded,1
CUST-00154,2026-03-22 00:00:00+00:00,23.31,succeeded,1
CUST-00154,2026-02-20 00:00:00+00:00,19.62,succeeded,0
CUST-00154,2026-01-21 00:00:00+00:00,29.72,succeeded,1
CUST-00154,2025-12-22 00:00:00+00:00,24.45,succeeded,2
CUST-00154,2025-11-22 00:00:00+00:00,28.95,succeeded,2
CUST-00155,2026-04-21 00:00:00+00:00,203.42,failed,8
CUST-00155,2026-03-22 00:00:00+00:00,204.62,succeeded,1
CUST-00155,2026-02-20 00:00:00+00:00,208.41,failed,0
CUST-00155,2026-01-21 00:00:00+00:00,194.86,succeeded,0
CUST-00155,2025-12-22 00:00:00+00:00,205.04,succeeded,0
CUST-00155,2025-11-22 00:00:00+00:00,201.58,succeeded,0
CUST-00156,2026-04-21 00:00:00+00:00,99.51,succeeded,2
CUST-00156,2026-03-22 00:00:00+00:00,87.67,succeeded,0
CUST-00156,2026-02-20 00:00:00+00:00,88.89,succeeded,2
CUST-00156,2026-01-21 00:00:00+00:00,97.74,succeeded,3
CUST-00156,2025-12-22 00:00:00+00:00,93.89,succeeded,3
CUST-00156,2025-11-22 00:00:00+00:00,97.75,succeeded,0
CUST-00157,2026-04-21 00:00:00+00:00,31.48,succeeded,2
CUST-00157,2026-03-22 00:00:00+00:00,21.95,succeeded,2
CUST-00157,2026-02-20 00:00:00+00:00,26.4,succeeded,1
CUST-00157,2026-01-21 00:00:00+00:00,23.63,succeeded,2
CUST-00157,2025-12-22 00:00:00+00:00,26.55,succeeded,2
CUST-00157,2025-11-22 00:00:00+00:00,18.6,failed,4
CUST-00158,2026-04-21 00:00:00+00:00,30.05,succeeded,1
CUST-00158,2026-03-22 00:00:00+00:00,38.18,succeeded,2
CUST-00158,2026-02-20 00:00:00+00:00,38.72,succeeded,0
CUST-00158,2026-01-21 00:00:00+00:00,36.27,succeeded,2
CUST-00158,2025-12-22 00:00:00+00:00,28.65,succeeded,1
CUST-00158,2025-11-22 00:00:00+00:00,33.6,succeeded,3
CUST-00159,2026-03-22 00:00:00+00:00,42.34,succeeded,1
CUST-00159,2026-02-20 00:00:00+00:00,38.81,succeeded,2
CUST-00159,2026-01-21 00:00:00+00:00,50.32,succeeded,1
CUST-00159,2025-12-22 00:00:00+00:00,43.12,succeeded,0
CUST-00159,2025-11-22 00:00:00+00:00,36.45,succeeded,0
CUST-00160,2026-03-22 00:00:00+00:00,33.11,succeeded,2
CUST-00160,2026-02-20 00:00:00+00:00,27.7,succeeded,3
CUST-00160,2026-01-21 00:00:00+00:00,31.47,succeeded,0
CUST-00160,2025-12-22 00:00:00+00:00,28.85,succeeded,2
CUST-00160,2025-11-22 00:00:00+00:00,29.6,succeeded,0
CUST-00161,2026-04-21 00:00:00+00:00,77.61,succeeded,0
CUST-00161,2026-03-22 00:00:00+00:00,80.38,succeeded,3
CUST-00161,2026-02-20 00:00:00+00:00,75.22,succeeded,1
CUST-00161,2026-01-21 00:00:00+00:00,78.91,failed,8
CUST-00161,2025-12-22 00:00:00+00:00,74.49,succeeded,0
CUST-00161,2025-11-22 00:00:00+00:00,75.13,succeeded,3
CUST-00162,2026-04-21 00:00:00+00:00,198.1,succeeded,3
CUST-00162,2026-03-22 00:00:00+00:00,196.8,succeeded,3
CUST-00162,2026-02-20 00:00:00+00:00,194.96,succeeded,2
CUST-00162,2026-01-21 00:00:00+00:00,192.48,succeeded,1
CUST-00162,2025-12-22 00:00:00+00:00,184.38,succeeded,0
CUST-00162,2025-11-22 00:00:00+00:00,194.51,succeeded,0
CUST-00163,2026-04-21 00:00:00+00:00,192.91,succeeded,2
CUST-00163,2026-03-22 00:00:00+00:00,194.07,succeeded,0
CUST-00163,2026-02-20 00:00:00+00:00,192.47,succeeded,2
CUST-00163,2026-01-21 00:00:00+00:00,198.33,succeeded,2
CUST-00163,2025-12-22 00:00:00+00:00,194.26,failed,3
CUST-00163,2025-11-22 00:00:00+00:00,192.33,succeeded,1
CUST-00164,2026-04-21 00:00:00+00:00,201.37,succeeded,0
CUST-00164,2026-03-22 00:00:00+00:00,204.01,succeeded,3
CUST-00164,2026-02-20 00:00:00+00:00,216.23,succeeded,2
CUST-00164,2026-01-21 00:00:00+00:00,205.32,succeeded,1
CUST-00164,2025-12-22 00:00:00+00:00,203.28,succeeded,1
CUST-00164,2025-11-22 00:00:00+00:00,208.42,succeeded,0
CUST-00165,2026-03-22 00:00:00+00:00,201.18,succeeded,3
CUST-00165,2026-02-20 00:00:00+00:00,206.83,succeeded,3
CUST-00165,2026-01-21 00:00:00+00:00,204.53,succeeded,3
CUST-00165,2025-12-22 00:00:00+00:00,198.0,succeeded,3
CUST-00165,2025-11-22 00:00:00+00:00,199.79,succeeded,0
CUST-00166,2026-04-21 00:00:00+00:00,208.2,succeeded,1
CUST-00166,2026-03-22 00:00:00+00:00,201.46,succeeded,2
CUST-00166,2026-02-20 00:00:00+00:00,205.78,succeeded,1
CUST-00166,2026-01-21 00:00:00+00:00,202.95,succeeded,0
CUST-00166,2025-12-22 00:00:00+00:00,199.12,succeeded,1
CUST-00166,2025-11-22 00:00:00+00:00,203.52,succeeded,3
CUST-00167,2026-04-21 00:00:00+00:00,17.85,succeeded,2
CUST-00167,2026-03-22 00:00:00+00:00,23.62,succeeded,1
CUST-00167,2026-02-20 00:00:00+00:00,22.96,succeeded,3
CUST-00167,2026-01-21 00:00:00+00:00,24.72,succeeded,3
CUST-00167,2025-12-22 00:00:00+00:00,19.87,succeeded,1
CUST-00167,2025-11-22 00:00:00+00:00,21.89,succeeded,1
CUST-00168,2026-04-21 00:00:00+00:00,19.74,succeeded,2
CUST-00168,2026-03-22 00:00:00+00:00,25.41,succeeded,2
CUST-00168,2026-02-20 00:00:00+00:00,19.27,succeeded,0
CUST-00168,2026-01-21 00:00:00+00:00,18.56,succeeded,0
CUST-00168,2025-12-22 00:00:00+00:00,21.63,failed,7
CUST-00168,2025-11-22 00:00:00+00:00,18.64,succeeded,2
CUST-00169,2026-04-21 00:00:00+00:00,41.43,succeeded,3
CUST-00169,2026-03-22 00:00:00+00:00,42.97,succeeded,3
CUST-00169,2026-02-20 00:00:00+00:00,51.08,succeeded,1
CUST-00169,2026-01-21 00:00:00+00:00,40.37,succeeded,2
CUST-00169,2025-12-22 00:00:00+00:00,44.34,succeeded,2
CUST-00169,2025-11-22 00:00:00+00:00,42.55,succeeded,0
CUST-00170,2026-03-22 00:00:00+00:00,76.59,succeeded,1
CUST-00170,2026-02-20 00:00:00+00:00,83.16,succeeded,3
CUST-00170,2026-01-21 00:00:00+00:00,79.83,succeeded,3
CUST-00170,2025-12-22 00:00:00+00:00,82.29,failed,5
CUST-00170,2025-11-22 00:00:00+00:00,65.85,succeeded,1
CUST-00171,2026-04-21 00:00:00+00:00,20.16,succeeded,1
CUST-00171,2026-03-22 00:00:00+00:00,26.03,succeeded,1
CUST-00171,2026-02-20 00:00:00+00:00,13.61,succeeded,0
CUST-00171,2026-01-21 00:00:00+00:00,25.88,succeeded,2
CUST-00171,2025-12-22 00:00:00+00:00,20.33,succeeded,0
CUST-00171,2025-11-22 00:00:00+00:00,17.3,succeeded,2
CUST-00172,2026-03-22 00:00:00+00:00,93.67,failed,11
CUST-00172,2026-02-20 00:00:00+00:00,92.82,succeeded,3
CUST-00172,2026-01-21 00:00:00+00:00,89.41,succeeded,2
CUST-00172,2025-12-22 00:00:00+00:00,99.09,succeeded,1
CUST-00172,2025-11-22 00:00:00+00:00,102.9,succeeded,2
CUST-00173,2026-04-21 00:00:00+00:00,74.24,succeeded,1
CUST-00173,2026-03-22 00:00:00+00:00,91.5,succeeded,1
CUST-00173,2026-02-20 00:00:00+00:00,82.04,succeeded,3
CUST-00173,2026-01-21 00:00:00+00:00,85.24,succeeded,3
CUST-00173,2025-12-22 00:00:00+00:00,85.03,succeeded,1
CUST-00173,2025-11-22 00:00:00+00:00,78.26,succeeded,3
CUST-00174,2026-04-21 00:00:00+00:00,84.81,succeeded,1
CUST-00174,2026-03-22 00:00:00+00:00,89.8,failed,5
CUST-00174,2026-02-20 00:00:00+00:00,76.68,succeeded,0
CUST-00174,2026-01-21 00:00:00+00:00,88.54,succeeded,1
CUST-00174,2025-12-22 00:00:00+00:00,79.18,succeeded,1
CUST-00174,2025-11-22 00:00:00+00:00,81.6,succeeded,1
CUST-00175,2026-04-21 00:00:00+00:00,31.66,succeeded,3
CUST-00175,2026-03-22 00:00:00+00:00,18.89,succeeded,1
CUST-00175,2026-02-20 00:00:00+00:00,29.54,succeeded,0
CUST-00175,2026-01-21 00:00:00+00:00,25.34,succeeded,0
CUST-00175,2025-12-22 00:00:00+00:00,35.31,succeeded,1
CUST-00175,2025-11-22 00:00:00+00:00,25.13,succeeded,3
CUST-00176,2026-04-21 00:00:00+00:00,25.23,succeeded,0
CUST-00176,2026-03-22 00:00:00+00:00,27.8,succeeded,2
CUST-00176,2026-02-20 00:00:00+00:00,27.54,succeeded,1
CUST-00176,2026-01-21 00:00:00+00:00,23.35,succeeded,3
CUST-00176,2025-12-22 00:00:00+00:00,26.09,succeeded,2
CUST-00176,2025-11-22 00:00:00+00:00,28.26,succeeded,3
CUST-00177,2026-04-21 00:00:00+00:00,25.2,succeeded,3
CUST-00177,2026-03-22 00:00:00+00:00,30.37,succeeded,0
CUST-00177,2026-02-20 00:00:00+00:00,28.38,succeeded,3
CUST-00177,2026-01-21 00:00:00+00:00,30.04,succeeded,0
CUST-00177,2025-12-22 00:00:00+00:00,30.76,failed,12
CUST-00177,2025-11-22 00:00:00+00:00,32.98,succeeded,2
CUST-00178,2026-03-22 00:00:00+00:00,187.73,succeeded,1
CUST-00178,2026-02-20 00:00:00+00:00,183.95,succeeded,1
CUST-00178,2026-01-21 00:00:00+00:00,184.85,failed,8
CUST-00178,2025-12-22 00:00:00+00:00,190.77,succeeded,0
CUST-00178,2025-11-22 00:00:00+00:00,187.41,succeeded,3
CUST-00179,2026-04-21 00:00:00+00:00,79.34,succeeded,1
CUST-00179,2026-03-22 00:00:00+00:00,79.88,succeeded,2
CUST-00179,2026-02-20 00:00:00+00:00,85.57,succeeded,2
CUST-00179,2026-01-21 00:00:00+00:00,82.05,succeeded,3
CUST-00179,2025-12-22 00:00:00+00:00,72.12,succeeded,0
CUST-00179,2025-11-22 00:00:00+00:00,76.67,succeeded,3
CUST-00180,2026-04-21 00:00:00+00:00,78.73,succeeded,3
CUST-00180,2026-03-22 00:00:00+00:00,84.58,succeeded,3
CUST-00180,2026-02-20 00:00:00+00:00,85.16,succeeded,3
CUST-00180,2026-01-21 00:00:00+00:00,84.49,succeeded,2
CUST-00180,2025-12-22 00:00:00+00:00,85.41,succeeded,3
CUST-00180,2025-11-22 00:00:00+00:00,77.29,succeeded,2
CUST-00181,2026-03-22 00:00:00+00:00,37.46,succeeded,2
CUST-00181,2026-02-20 00:00:00+00:00,42.49,succeeded,0
CUST-00181,2026-01-21 00:00:00+00:00,38.02,succeeded,1
CUST-00181,2025-12-22 00:00:00+00:00,46.05,succeeded,1
CUST-00181,2025-11-22 00:00:00+00:00,45.55,succeeded,0
CUST-00182,2026-04-21 00:00:00+00:00,37.74,succeeded,0
CUST-00182,2026-03-22 00:00:00+00:00,36.3,succeeded,3
CUST-00182,2026-02-20 00:00:00+00:00,29.91,succeeded,1
CUST-00182,2026-01-21 00:00:00+00:00,23.22,succeeded,0
CUST-00182,2025-12-22 00:00:00+00:00,28.92,succeeded,1
CUST-00182,2025-11-22 00:00:00+00:00,22.41,succeeded,0
CUST-00183,2026-03-22 00:00:00+00:00,10.14,succeeded,3
CUST-00183,2026-02-20 00:00:00+00:00,20.35,succeeded,0
CUST-00183,2026-01-21 00:00:00+00:00,10.0,succeeded,0
CUST-00183,2025-12-22 00:00:00+00:00,20.49,succeeded,2
CUST-00183,2025-11-22 00:00:00+00:00,12.04,succeeded,1
CUST-00184,2026-03-22 00:00:00+00:00,78.36,succeeded,0
CUST-00184,2026-02-20 00:00:00+00:00,78.7,succeeded,1
CUST-00184,2026-01-21 00:00:00+00:00,75.11,failed,2
CUST-00184,2025-12-22 00:00:00+00:00,79.14,succeeded,1
CUST-00184,2025-11-22 00:00:00+00:00,79.12,succeeded,1
CUST-00185,2026-04-21 00:00:00+00:00,107.76,failed,4
CUST-00185,2026-03-22 00:00:00+00:00,105.28,succeeded,1
CUST-00185,2026-02-20 00:00:00+00:00,111.63,failed,3
CUST-00185,2026-01-21 00:00:00+00:00,103.09,failed,0
CUST-00185,2025-12-22 00:00:00+00:00,96.08,succeeded,0
CUST-00185,2025-11-22 00:00:00+00:00,108.87,failed,3
CUST-00186,2026-03-22 00:00:00+00:00,32.17,succeeded,0
CUST-00186,2026-02-20 00:00:00+00:00,32.33,succeeded,1
CUST-00186,2026-01-21 00:00:00+00:00,32.02,succeeded,2
CUST-00186,2025-12-22 00:00:00+00:00,30.89,succeeded,2
CUST-00186,2025-11-22 00:00:00+00:00,111.63,succeeded,0
CUST-00187,2026-04-21 00:00:00+00:00,195.66,failed,2
CUST-00187,2026-03-22 00:00:00+00:00,192.11,succeeded,3
CUST-00187,2026-02-20 00:00:00+00:00,194.61,succeeded,2
CUST-00187,2026-01-21 00:00:00+00:00,193.29,succeeded,2
CUST-00187,2025-12-22 00:00:00+00:00,187.77,succeeded,1
CUST-00187,2025-11-22 00:00:00+00:00,191.13,succeeded,0
CUST-00188,2026-03-22 00:00:00+00:00,26.67,succeeded,0
CUST-00188,2026-02-20 00:00:00+00:00,34.56,failed,11
CUST-00188,2026-01-21 00:00:00+00:00,36.12,succeeded,2
CUST-00188,2025-12-22 00:00:00+00:00,44.81,succeeded,0
CUST-00188,2025-11-22 00:00:00+00:00,36.85,succeeded,0
CUST-00189,2026-04-21 00:00:00+00:00,191.64,failed,0
CUST-00189,2026-03-22 00:00:00+00:00,181.79,succeeded,0
CUST-00189,2026-02-20 00:00:00+00:00,193.29,succeeded,0
CUST-00189,2026-01-21 00:00:00+00:00,191.08,succeeded,0
CUST-00189,2025-12-22 00:00:00+00:00,189.96,succeeded,0
CUST-00189,2025-11-22 00:00:00+00:00,199.46,succeeded,3
CUST-00190,2026-04-21 00:00:00+00:00,19.33,failed,12
CUST-00190,2026-03-22 00:00:00+00:00,19.9,succeeded,3
CUST-00190,2026-02-20 00:00:00+00:00,19.85,succeeded,2
CUST-00190,2026-01-21 00:00:00+00:00,22.33,succeeded,1
CUST-00190,2025-12-22 00:00:00+00:00,20.51,succeeded,2
CUST-00190,2025-11-22 00:00:00+00:00,15.99,succeeded,1
CUST-00191,2026-03-22 00:00:00+00:00,31.86,succeeded,2
CUST-00191,2026-02-20 00:00:00+00:00,30.44,succeeded,3
CUST-00191,2026-01-21 00:00:00+00:00,28.06,failed,2
CUST-00191,2025-12-22 00:00:00+00:00,17.42,succeeded,0
CUST-00191,2025-11-22 00:00:00+00:00,32.29,succeeded,1
CUST-00192,2026-04-21 00:00:00+00:00,76.67,succeeded,2
CUST-00192,2026-03-22 00:00:00+00:00,77.65,succeeded,2
CUST-00192,2026-02-20 00:00:00+00:00,83.02,succeeded,2
CUST-00192,2026-01-21 00:00:00+00:00,79.22,succeeded,1
CUST-00192,2025-12-22 00:00:00+00:00,82.98,succeeded,2
CUST-00192,2025-11-22 00:00:00+00:00,78.19,succeeded,2
CUST-00193,2026-04-21 00:00:00+00:00,10.0,failed,4
CUST-00193,2026-03-22 00:00:00+00:00,20.97,succeeded,0
CUST-00193,2026-02-20 00:00:00+00:00,17.56,succeeded,2
CUST-00193,2026-01-21 00:00:00+00:00,10.42,succeeded,1
CUST-00193,2025-12-22 00:00:00+00:00,11.56,succeeded,0
CUST-00193,2025-11-22 00:00:00+00:00,10.0,succeeded,3
CUST-00194,2026-03-22 00:00:00+00:00,15.05,succeeded,1
CUST-00194,2026-02-20 00:00:00+00:00,22.27,succeeded,2
CUST-00194,2026-01-21 00:00:00+00:00,22.89,failed,12
CUST-00194,2025-12-22 00:00:00+00:00,20.23,succeeded,1
CUST-00194,2025-11-22 00:00:00+00:00,26.51,succeeded,2
CUST-00195,2026-03-22 00:00:00+00:00,25.36,succeeded,2
CUST-00195,2026-02-20 00:00:00+00:00,24.84,succeeded,3
CUST-00195,2026-01-21 00:00:00+00:00,26.31,succeeded,3
CUST-00195,2025-12-22 00:00:00+00:00,30.6,succeeded,2
CUST-00195,2025-11-22 00:00:00+00:00,35.69,succeeded,3
CUST-00196,2026-03-22 00:00:00+00:00,15.95,succeeded,3
CUST-00196,2026-02-20 00:00:00+00:00,19.34,succeeded,0
CUST-00196,2026-01-21 00:00:00+00:00,27.86,failed,1
CUST-00196,2025-12-22 00:00:00+00:00,23.04,succeeded,2
CUST-00196,2025-11-22 00:00:00+00:00,17.6,succeeded,0
CUST-00197,2026-04-21 00:00:00+00:00,84.6,succeeded,2
CUST-00197,2026-03-22 00:00:00+00:00,87.06,failed,3
CUST-00197,2026-02-20 00:00:00+00:00,81.58,succeeded,3
CUST-00197,2026-01-21 00:00:00+00:00,90.75,failed,14
CUST-00197,2025-12-22 00:00:00+00:00,80.99,succeeded,3
CUST-00197,2025-11-22 00:00:00+00:00,88.72,failed,6
CUST-00198,2026-04-21 00:00:00+00:00,190.04,succeeded,3
CUST-00198,2026-03-22 00:00:00+00:00,190.69,succeeded,0
CUST-00198,2026-02-20 00:00:00+00:00,195.19,succeeded,2
CUST-00198,2026-01-21 00:00:00+00:00,188.0,succeeded,3
CUST-00198,2025-12-22 00:00:00+00:00,188.77,succeeded,0
CUST-00198,2025-11-22 00:00:00+00:00,194.22,succeeded,3
CUST-00199,2026-04-21 00:00:00+00:00,205.61,succeeded,3
CUST-00199,2026-03-22 00:00:00+00:00,203.68,succeeded,1
CUST-00199,2026-02-20 00:00:00+00:00,211.31,succeeded,3
CUST-00199,2026-01-21 00:00:00+00:00,200.21,failed,8
CUST-00199,2025-12-22 00:00:00+00:00,206.68,succeeded,3
CUST-00199,2025-11-22 00:00:00+00:00,209.19,succeeded,1
CUST-00200,2026-04-21 00:00:00+00:00,17.88,succeeded,1
CUST-00200,2026-03-22 00:00:00+00:00,21.8,succeeded,2
CUST-00200,2026-02-20 00:00:00+00:00,22.8,succeeded,1
CUST-00200,2026-01-21 00:00:00+00:00,15.51,succeeded,2
CUST-00200,2025-12-22 00:00:00+00:00,19.61,succeeded,3
CUST-00200,2025-11-22 00:00:00+00:00,20.77,succeeded,3
CUST-00201,2026-04-21 00:00:00+00:00,90.89,succeeded,1
CUST-00201,2026-03-22 00:00:00+00:00,88.71,succeeded,2
CUST-00201,2026-02-20 00:00:00+00:00,90.48,succeeded,0
CUST-00201,2026-01-21 00:00:00+00:00,91.89,succeeded,0
CUST-00201,2025-12-22 00:00:00+00:00,93.25,succeeded,0
CUST-00201,2025-11-22 00:00:00+00:00,89.83,succeeded,3
CUST-00202,2026-04-21 00:00:00+00:00,10.0,succeeded,1
CUST-00202,2026-03-22 00:00:00+00:00,18.47,succeeded,3
CUST-00202,2026-02-20 00:00:00+00:00,21.29,succeeded,2
CUST-00202,2026-01-21 00:00:00+00:00,24.03,succeeded,3
CUST-00202,2025-12-22 00:00:00+00:00,10.0,succeeded,3
CUST-00202,2025-11-22 00:00:00+00:00,10.0,succeeded,0
CUST-00203,2026-04-21 00:00:00+00:00,19.14,succeeded,1
CUST-00203,2026-03-22 00:00:00+00:00,17.07,succeeded,1
CUST-00203,2026-02-20 00:00:00+00:00,26.04,succeeded,0
CUST-00203,2026-01-21 00:00:00+00:00,26.96,succeeded,1
CUST-00203,2025-12-22 00:00:00+00:00,25.62,succeeded,0
CUST-00203,2025-11-22 00:00:00+00:00,23.5,succeeded,1
CUST-00204,2026-04-21 00:00:00+00:00,17.75,succeeded,2
CUST-00204,2026-03-22 00:00:00+00:00,39.97,succeeded,1
CUST-00204,2026-02-20 00:00:00+00:00,37.93,succeeded,1
CUST-00204,2026-01-21 00:00:00+00:00,34.0,succeeded,0
CUST-00204,2025-12-22 00:00:00+00:00,37.4,succeeded,0
CUST-00204,2025-11-22 00:00:00+00:00,34.85,failed,14
CUST-00205,2026-04-21 00:00:00+00:00,201.01,succeeded,3
CUST-00205,2026-03-22 00:00:00+00:00,220.53,succeeded,2
CUST-00205,2026-02-20 00:00:00+00:00,212.03,succeeded,1
CUST-00205,2026-01-21 00:00:00+00:00,214.34,succeeded,2
CUST-00205,2025-12-22 00:00:00+00:00,219.78,succeeded,1
CUST-00205,2025-11-22 00:00:00+00:00,202.94,succeeded,3
CUST-00206,2026-04-21 00:00:00+00:00,207.96,succeeded,3
CUST-00206,2026-03-22 00:00:00+00:00,207.23,succeeded,1
CUST-00206,2026-02-20 00:00:00+00:00,202.02,succeeded,2
CUST-00206,2026-01-21 00:00:00+00:00,203.47,succeeded,2
CUST-00206,2025-12-22 00:00:00+00:00,203.15,succeeded,2
CUST-00206,2025-11-22 00:00:00+00:00,205.54,succeeded,3
CUST-00207,2026-04-21 00:00:00+00:00,72.3,succeeded,3
CUST-00207,2026-03-22 00:00:00+00:00,79.47,succeeded,3
CUST-00207,2026-02-20 00:00:00+00:00,85.71,succeeded,3
CUST-00207,2026-01-21 00:00:00+00:00,78.54,succeeded,3
CUST-00207,2025-12-22 00:00:00+00:00,78.69,succeeded,3
CUST-00207,2025-11-22 00:00:00+00:00,78.61,succeeded,2
CUST-00208,2026-04-21 00:00:00+00:00,77.11,succeeded,1
CUST-00208,2026-03-22 00:00:00+00:00,84.68,failed,0
CUST-00208,2026-02-20 00:00:00+00:00,77.94,succeeded,2
CUST-00208,2026-01-21 00:00:00+00:00,82.08,succeeded,3
CUST-00208,2025-12-22 00:00:00+00:00,74.01,succeeded,2
CUST-00208,2025-11-22 00:00:00+00:00,82.75,succeeded,2
CUST-00209,2026-03-22 00:00:00+00:00,12.81,succeeded,2
CUST-00209,2026-02-20 00:00:00+00:00,20.11,succeeded,0
CUST-00209,2026-01-21 00:00:00+00:00,10.0,succeeded,1
CUST-00209,2025-12-22 00:00:00+00:00,10.0,succeeded,0
CUST-00209,2025-11-22 00:00:00+00:00,19.62,succeeded,1
CUST-00210,2026-04-21 00:00:00+00:00,83.63,succeeded,1
CUST-00210,2026-03-22 00:00:00+00:00,78.56,succeeded,0
CUST-00210,2026-02-20 00:00:00+00:00,71.05,succeeded,2
CUST-00210,2026-01-21 00:00:00+00:00,75.53,succeeded,3
CUST-00210,2025-12-22 00:00:00+00:00,80.79,succeeded,2
CUST-00210,2025-11-22 00:00:00+00:00,66.8,succeeded,2
CUST-00211,2026-04-21 00:00:00+00:00,76.54,succeeded,1
CUST-00211,2026-03-22 00:00:00+00:00,67.36,failed,14
CUST-00211,2026-02-20 00:00:00+00:00,59.49,succeeded,3
CUST-00211,2026-01-21 00:00:00+00:00,69.0,succeeded,3
CUST-00211,2025-12-22 00:00:00+00:00,76.57,succeeded,3
CUST-00211,2025-11-22 00:00:00+00:00,65.19,succeeded,2
CUST-00212,2026-03-22 00:00:00+00:00,19.21,succeeded,2
CUST-00212,2026-02-20 00:00:00+00:00,19.8,succeeded,1
CUST-00212,2026-01-21 00:00:00+00:00,20.35,succeeded,3
CUST-00212,2025-12-22 00:00:00+00:00,12.05,succeeded,1
CUST-00212,2025-11-22 00:00:00+00:00,24.4,succeeded,2
CUST-00213,2026-04-21 00:00:00+00:00,24.19,succeeded,2
CUST-00213,2026-03-22 00:00:00+00:00,32.25,succeeded,2
CUST-00213,2026-02-20 00:00:00+00:00,29.87,succeeded,1
CUST-00213,2026-01-21 00:00:00+00:00,43.68,succeeded,2
CUST-00213,2025-12-22 00:00:00+00:00,36.98,failed,12
CUST-00213,2025-11-22 00:00:00+00:00,30.69,succeeded,0
CUST-00214,2026-03-22 00:00:00+00:00,20.76,succeeded,1
CUST-00214,2026-02-20 00:00:00+00:00,12.08,succeeded,0
CUST-00214,2026-01-21 00:00:00+00:00,21.53,succeeded,1
CUST-00214,2025-12-22 00:00:00+00:00,18.82,succeeded,1
CUST-00214,2025-11-22 00:00:00+00:00,25.22,succeeded,1
CUST-00215,2026-03-22 00:00:00+00:00,201.59,succeeded,3
CUST-00215,2026-02-20 00:00:00+00:00,205.76,succeeded,3
CUST-00215,2026-01-21 00:00:00+00:00,197.73,succeeded,3
CUST-00215,2025-12-22 00:00:00+00:00,213.66,succeeded,1
CUST-00215,2025-11-22 00:00:00+00:00,200.53,succeeded,3
CUST-00216,2026-03-22 00:00:00+00:00,13.92,succeeded,2
CUST-00216,2026-02-20 00:00:00+00:00,27.25,succeeded,2
CUST-00216,2026-01-21 00:00:00+00:00,24.74,succeeded,2
CUST-00216,2025-12-22 00:00:00+00:00,19.33,succeeded,2
CUST-00216,2025-11-22 00:00:00+00:00,23.49,succeeded,1
CUST-00217,2026-03-22 00:00:00+00:00,205.65,succeeded,2
CUST-00217,2026-02-20 00:00:00+00:00,193.59,succeeded,0
CUST-00217,2026-01-21 00:00:00+00:00,200.02,succeeded,2
CUST-00217,2025-12-22 00:00:00+00:00,199.15,succeeded,0
CUST-00217,2025-11-22 00:00:00+00:00,195.74,succeeded,2
CUST-00218,2026-03-22 00:00:00+00:00,20.2,failed,12
CUST-00218,2026-02-20 00:00:00+00:00,22.82,succeeded,2
CUST-00218,2026-01-21 00:00:00+00:00,16.04,succeeded,3
CUST-00218,2025-12-22 00:00:00+00:00,28.38,succeeded,3
CUST-00218,2025-11-22 00:00:00+00:00,25.12,succeeded,0
CUST-00219,2026-03-22 00:00:00+00:00,88.13,succeeded,2
CUST-00219,2026-02-20 00:00:00+00:00,80.21,succeeded,0
CUST-00219,2026-01-21 00:00:00+00:00,94.59,succeeded,2
CUST-00219,2025-12-22 00:00:00+00:00,86.58,succeeded,0
CUST-00219,2025-11-22 00:00:00+00:00,98.27,succeeded,1
CUST-00220,2026-04-21 00:00:00+00:00,37.03,succeeded,3
CUST-00220,2026-03-22 00:00:00+00:00,40.81,succeeded,2
CUST-00220,2026-02-20 00:00:00+00:00,29.94,succeeded,1
CUST-00220,2026-01-21 00:00:00+00:00,29.72,succeeded,2
CUST-00220,2025-12-22 00:00:00+00:00,30.15,succeeded,3
CUST-00220,2025-11-22 00:00:00+00:00,32.94,succeeded,0
CUST-00221,2026-04-21 00:00:00+00:00,36.59,succeeded,3
CUST-00221,2026-03-22 00:00:00+00:00,31.33,succeeded,1
CUST-00221,2026-02-20 00:00:00+00:00,44.44,succeeded,2
CUST-00221,2026-01-21 00:00:00+00:00,33.73,succeeded,1
CUST-00221,2025-12-22 00:00:00+00:00,33.26,succeeded,0
CUST-00221,2025-11-22 00:00:00+00:00,41.49,succeeded,1
CUST-00222,2026-04-21 00:00:00+00:00,25.06,succeeded,2
CUST-00222,2026-03-22 00:00:00+00:00,21.44,succeeded,2
CUST-00222,2026-02-20 00:00:00+00:00,18.37,succeeded,1
CUST-00222,2026-01-21 00:00:00+00:00,20.56,succeeded,1
CUST-00222,2025-12-22 00:00:00+00:00,28.06,succeeded,1
CUST-00222,2025-11-22 00:00:00+00:00,24.82,succeeded,3
CUST-00223,2026-04-21 00:00:00+00:00,36.72,succeeded,0
CUST-00223,2026-03-22 00:00:00+00:00,31.71,succeeded,3
CUST-00223,2026-02-20 00:00:00+00:00,33.41,succeeded,3
CUST-00223,2026-01-21 00:00:00+00:00,24.35,succeeded,3
CUST-00223,2025-12-22 00:00:00+00:00,18.47,succeeded,2
CUST-00223,2025-11-22 00:00:00+00:00,30.29,succeeded,2
CUST-00224,2026-04-21 00:00:00+00:00,182.39,succeeded,3
CUST-00224,2026-03-22 00:00:00+00:00,199.91,failed,14
CUST-00224,2026-02-20 00:00:00+00:00,185.57,succeeded,2
CUST-00224,2026-01-21 00:00:00+00:00,185.78,succeeded,0
CUST-00224,2025-12-22 00:00:00+00:00,195.0,failed,12
CUST-00224,2025-11-22 00:00:00+00:00,195.99,failed,9
CUST-00225,2026-04-21 00:00:00+00:00,24.7,succeeded,2
CUST-00225,2026-03-22 00:00:00+00:00,30.37,succeeded,2
CUST-00225,2026-02-20 00:00:00+00:00,31.17,succeeded,0
CUST-00225,2026-01-21 00:00:00+00:00,26.11,succeeded,1
CUST-00225,2025-12-22 00:00:00+00:00,20.81,succeeded,1
CUST-00225,2025-11-22 00:00:00+00:00,33.71,succeeded,2
CUST-00226,2026-03-22 00:00:00+00:00,74.77,succeeded,0
CUST-00226,2026-02-20 00:00:00+00:00,74.75,succeeded,0
CUST-00226,2026-01-21 00:00:00+00:00,81.85,succeeded,3
CUST-00226,2025-12-22 00:00:00+00:00,75.89,succeeded,0
CUST-00226,2025-11-22 00:00:00+00:00,78.79,succeeded,2
CUST-00227,2026-04-21 00:00:00+00:00,19.42,failed,12
CUST-00227,2026-03-22 00:00:00+00:00,24.81,succeeded,3
CUST-00227,2026-02-20 00:00:00+00:00,23.38,succeeded,3
CUST-00227,2026-01-21 00:00:00+00:00,26.96,succeeded,0
CUST-00227,2025-12-22 00:00:00+00:00,18.9,succeeded,0
CUST-00227,2025-11-22 00:00:00+00:00,29.0,succeeded,1
CUST-00228,2026-04-21 00:00:00+00:00,23.67,succeeded,2
CUST-00228,2026-03-22 00:00:00+00:00,21.54,succeeded,1
CUST-00228,2026-02-20 00:00:00+00:00,15.04,succeeded,0
CUST-00228,2026-01-21 00:00:00+00:00,18.46,succeeded,1
CUST-00228,2025-12-22 00:00:00+00:00,19.94,succeeded,2
CUST-00228,2025-11-22 00:00:00+00:00,24.8,succeeded,1
CUST-00229,2026-03-22 00:00:00+00:00,60.12,succeeded,3
CUST-00229,2026-02-20 00:00:00+00:00,67.73,succeeded,1
CUST-00229,2026-01-21 00:00:00+00:00,66.25,succeeded,1
CUST-00229,2025-12-22 00:00:00+00:00,65.8,succeeded,2
CUST-00229,2025-11-22 00:00:00+00:00,69.12,succeeded,1
CUST-00230,2026-03-22 00:00:00+00:00,14.56,succeeded,1
CUST-00230,2026-02-20 00:00:00+00:00,11.66,succeeded,2
CUST-00230,2026-01-21 00:00:00+00:00,21.98,failed,8
CUST-00230,2025-12-22 00:00:00+00:00,14.04,succeeded,1
CUST-00230,2025-11-22 00:00:00+00:00,13.83,succeeded,1
CUST-00231,2026-03-22 00:00:00+00:00,191.78,succeeded,0
CUST-00231,2026-02-20 00:00:00+00:00,182.77,failed,7
CUST-00231,2026-01-21 00:00:00+00:00,192.32,succeeded,0
CUST-00231,2025-12-22 00:00:00+00:00,193.43,succeeded,1
CUST-00231,2025-11-22 00:00:00+00:00,196.64,succeeded,3
CUST-00232,2026-04-21 00:00:00+00:00,79.71,succeeded,2
CUST-00232,2026-03-22 00:00:00+00:00,84.33,succeeded,3
CUST-00232,2026-02-20 00:00:00+00:00,83.59,succeeded,2
CUST-00232,2026-01-21 00:00:00+00:00,85.63,succeeded,2
CUST-00232,2025-12-22 00:00:00+00:00,81.27,succeeded,3
CUST-00232,2025-11-22 00:00:00+00:00,87.08,succeeded,1
CUST-00233,2026-04-21 00:00:00+00:00,64.71,succeeded,3
CUST-00233,2026-03-22 00:00:00+00:00,66.11,succeeded,1
CUST-00233,2026-02-20 00:00:00+00:00,70.82,succeeded,2
CUST-00233,2026-01-21 00:00:00+00:00,66.22,succeeded,3
CUST-00233,2025-12-22 00:00:00+00:00,61.62,succeeded,3
CUST-00233,2025-11-22 00:00:00+00:00,65.63,succeeded,0
CUST-00234,2026-04-21 00:00:00+00:00,26.12,succeeded,3
CUST-00234,2026-03-22 00:00:00+00:00,14.96,failed,4
CUST-00234,2026-02-20 00:00:00+00:00,21.63,succeeded,3
CUST-00234,2026-01-21 00:00:00+00:00,20.79,succeeded,0
CUST-00234,2025-12-22 00:00:00+00:00,20.79,succeeded,2
CUST-00234,2025-11-22 00:00:00+00:00,17.47,succeeded,0
CUST-00235,2026-04-21 00:00:00+00:00,43.29,failed,9
CUST-00235,2026-03-22 00:00:00+00:00,40.06,succeeded,0
CUST-00235,2026-02-20 00:00:00+00:00,37.56,succeeded,2
CUST-00235,2026-01-21 00:00:00+00:00,47.55,succeeded,0
CUST-00235,2025-12-22 00:00:00+00:00,37.91,succeeded,0
CUST-00235,2025-11-22 00:00:00+00:00,43.37,succeeded,3
CUST-00236,2026-04-21 00:00:00+00:00,198.93,succeeded,1
CUST-00236,2026-03-22 00:00:00+00:00,191.48,succeeded,1
CUST-00236,2026-02-20 00:00:00+00:00,191.32,succeeded,1
CUST-00236,2026-01-21 00:00:00+00:00,191.19,succeeded,1
CUST-00236,2025-12-22 00:00:00+00:00,195.55,succeeded,2
CUST-00236,2025-11-22 00:00:00+00:00,195.94,succeeded,3
CUST-00237,2026-04-21 00:00:00+00:00,39.24,failed,14
CUST-00237,2026-03-22 00:00:00+00:00,28.9,failed,9
CUST-00237,2026-02-20 00:00:00+00:00,33.7,succeeded,3
CUST-00237,2026-01-21 00:00:00+00:00,40.83,succeeded,1
CUST-00237,2025-12-22 00:00:00+00:00,33.26,succeeded,0
CUST-00237,2025-11-22 00:00:00+00:00,31.33,failed,10
CUST-00238,2026-04-21 00:00:00+00:00,42.26,succeeded,2
CUST-00238,2026-03-22 00:00:00+00:00,45.42,succeeded,2
CUST-00238,2026-02-20 00:00:00+00:00,29.4,succeeded,3
CUST-00238,2026-01-21 00:00:00+00:00,36.49,succeeded,2
CUST-00238,2025-12-22 00:00:00+00:00,30.89,succeeded,0
CUST-00238,2025-11-22 00:00:00+00:00,35.82,succeeded,2
CUST-00239,2026-03-22 00:00:00+00:00,33.62,succeeded,0
CUST-00239,2026-02-20 00:00:00+00:00,34.11,failed,5
CUST-00239,2026-01-21 00:00:00+00:00,39.98,succeeded,1
CUST-00239,2025-12-22 00:00:00+00:00,27.16,succeeded,3
CUST-00239,2025-11-22 00:00:00+00:00,37.44,succeeded,2
CUST-00240,2026-04-21 00:00:00+00:00,68.86,succeeded,3
CUST-00240,2026-03-22 00:00:00+00:00,77.33,failed,13
CUST-00240,2026-02-20 00:00:00+00:00,74.81,succeeded,3
CUST-00240,2026-01-21 00:00:00+00:00,63.23,succeeded,1
CUST-00240,2025-12-22 00:00:00+00:00,68.69,succeeded,2
CUST-00240,2025-11-22 00:00:00+00:00,60.07,succeeded,2
CUST-00241,2026-03-22 00:00:00+00:00,80.55,succeeded,2
CUST-00241,2026-02-20 00:00:00+00:00,71.66,succeeded,3
CUST-00241,2026-01-21 00:00:00+00:00,84.03,succeeded,0
CUST-00241,2025-12-22 00:00:00+00:00,72.06,succeeded,3
CUST-00241,2025-11-22 00:00:00+00:00,79.67,succeeded,2
CUST-00242,2026-03-22 00:00:00+00:00,67.6,succeeded,0
CUST-00242,2026-02-20 00:00:00+00:00,63.28,succeeded,1
CUST-00242,2026-01-21 00:00:00+00:00,55.76,succeeded,2
CUST-00242,2025-12-22 00:00:00+00:00,68.25,succeeded,1
CUST-00242,2025-11-22 00:00:00+00:00,66.2,failed,6
CUST-00243,2026-04-21 00:00:00+00:00,92.18,succeeded,2
CUST-00243,2026-03-22 00:00:00+00:00,101.49,succeeded,2
CUST-00243,2026-02-20 00:00:00+00:00,102.0,succeeded,1
CUST-00243,2026-01-21 00:00:00+00:00,105.03,succeeded,0
CUST-00243,2025-12-22 00:00:00+00:00,94.38,succeeded,3
CUST-00243,2025-11-22 00:00:00+00:00,95.69,succeeded,1
CUST-00244,2026-03-22 00:00:00+00:00,13.13,succeeded,3
CUST-00244,2026-02-20 00:00:00+00:00,13.86,failed,9
CUST-00244,2026-01-21 00:00:00+00:00,22.47,succeeded,3
CUST-00244,2025-12-22 00:00:00+00:00,16.29,succeeded,0
CUST-00244,2025-11-22 00:00:00+00:00,10.0,succeeded,1
CUST-00245,2026-04-21 00:00:00+00:00,196.23,succeeded,3
CUST-00245,2026-03-22 00:00:00+00:00,191.19,succeeded,0
CUST-00245,2026-02-20 00:00:00+00:00,182.75,succeeded,3
CUST-00245,2026-01-21 00:00:00+00:00,192.66,succeeded,3
CUST-00245,2025-12-22 00:00:00+00:00,195.98,succeeded,2
CUST-00245,2025-11-22 00:00:00+00:00,191.03,succeeded,2
CUST-00246,2026-04-21 00:00:00+00:00,21.25,succeeded,3
CUST-00246,2026-03-22 00:00:00+00:00,22.39,failed,1
CUST-00246,2026-02-20 00:00:00+00:00,22.39,succeeded,1
CUST-00246,2026-01-21 00:00:00+00:00,27.63,succeeded,3
CUST-00246,2025-12-22 00:00:00+00:00,24.18,failed,4
CUST-00246,2025-11-22 00:00:00+00:00,20.53,failed,2
CUST-00247,2026-03-22 00:00:00+00:00,66.33,succeeded,0
CUST-00247,2026-02-20 00:00:00+00:00,64.69,succeeded,2
CUST-00247,2026-01-21 00:00:00+00:00,65.88,succeeded,1
CUST-00247,2025-12-22 00:00:00+00:00,54.47,succeeded,2
CUST-00247,2025-11-22 00:00:00+00:00,64.6,succeeded,2
CUST-00248,2026-04-21 00:00:00+00:00,43.59,succeeded,3
CUST-00248,2026-03-22 00:00:00+00:00,39.98,succeeded,2
CUST-00248,2026-02-20 00:00:00+00:00,47.68,succeeded,3
CUST-00248,2026-01-21 00:00:00+00:00,40.34,succeeded,2
CUST-00248,2025-12-22 00:00:00+00:00,44.15,failed,13
CUST-00248,2025-11-22 00:00:00+00:00,39.17,succeeded,3
CUST-00249,2026-04-21 00:00:00+00:00,213.67,succeeded,2
CUST-00249,2026-03-22 00:00:00+00:00,223.65,succeeded,2
CUST-00249,2026-02-20 00:00:00+00:00,222.62,succeeded,1
CUST-00249,2026-01-21 00:00:00+00:00,214.72,succeeded,1
CUST-00249,2025-12-22 00:00:00+00:00,210.3,succeeded,2
CUST-00249,2025-11-22 00:00:00+00:00,219.46,succeeded,0
CUST-00250,2026-03-22 00:00:00+00:00,13.72,succeeded,3
CUST-00250,2026-02-20 00:00:00+00:00,16.99,succeeded,1
CUST-00250,2026-01-21 00:00:00+00:00,29.05,succeeded,1
CUST-00250,2025-12-22 00:00:00+00:00,14.03,succeeded,3
CUST-00250,2025-11-22 00:00:00+00:00,23.61,succeeded,0
CUST-00251,2026-03-22 00:00:00+00:00,20.97,succeeded,1
CUST-00251,2026-02-20 00:00:00+00:00,17.71,succeeded,1
CUST-00251,2026-01-21 00:00:00+00:00,21.34,succeeded,3
CUST-00251,2025-12-22 00:00:00+00:00,13.62,succeeded,0
CUST-00251,2025-11-22 00:00:00+00:00,17.48,succeeded,2
CUST-00252,2026-04-21 00:00:00+00:00,14.51,succeeded,2
CUST-00252,2026-03-22 00:00:00+00:00,15.35,succeeded,0
CUST-00252,2026-02-20 00:00:00+00:00,11.27,failed,10
CUST-00252,2026-01-21 00:00:00+00:00,15.06,succeeded,2
CUST-00252,2025-12-22 00:00:00+00:00,10.0,succeeded,2
CUST-00252,2025-11-22 00:00:00+00:00,21.63,succeeded,1
CUST-00253,2026-04-21 00:00:00+00:00,26.22,failed,7
CUST-00253,2026-03-22 00:00:00+00:00,34.28,succeeded,2
CUST-00253,2026-02-20 00:00:00+00:00,30.94,succeeded,0
CUST-00253,2026-01-21 00:00:00+00:00,29.16,succeeded,0
CUST-00253,2025-12-22 00:00:00+00:00,27.63,succeeded,2
CUST-00253,2025-11-22 00:00:00+00:00,29.74,succeeded,1
CUST-00254,2026-04-21 00:00:00+00:00,20.4,succeeded,0
CUST-00254,2026-03-22 00:00:00+00:00,21.36,failed,10
CUST-00254,2026-02-20 00:00:00+00:00,32.54,succeeded,0
CUST-00254,2026-01-21 00:00:00+00:00,26.44,succeeded,3
CUST-00254,2025-12-22 00:00:00+00:00,29.87,succeeded,0
CUST-00254,2025-11-22 00:00:00+00:00,23.63,succeeded,2
CUST-00255,2026-04-21 00:00:00+00:00,68.16,failed,5
CUST-00255,2026-03-22 00:00:00+00:00,78.97,succeeded,1
CUST-00255,2026-02-20 00:00:00+00:00,68.54,succeeded,2
CUST-00255,2026-01-21 00:00:00+00:00,64.54,succeeded,1
CUST-00255,2025-12-22 00:00:00+00:00,74.97,succeeded,3
CUST-00255,2025-11-22 00:00:00+00:00,77.55,succeeded,0
CUST-00256,2026-03-22 00:00:00+00:00,30.45,succeeded,3
CUST-00256,2026-02-20 00:00:00+00:00,33.49,succeeded,3
CUST-00256,2026-01-21 00:00:00+00:00,27.8,succeeded,2
CUST-00256,2025-12-22 00:00:00+00:00,39.5,succeeded,2
CUST-00256,2025-11-22 00:00:00+00:00,21.51,succeeded,2
CUST-00257,2026-03-22 00:00:00+00:00,194.46,succeeded,3
CUST-00257,2026-02-20 00:00:00+00:00,201.66,succeeded,0
CUST-00257,2026-01-21 00:00:00+00:00,202.58,succeeded,3
CUST-00257,2025-12-22 00:00:00+00:00,207.44,succeeded,2
CUST-00257,2025-11-22 00:00:00+00:00,213.71,succeeded,1
CUST-00258,2026-04-21 00:00:00+00:00,24.71,succeeded,2
CUST-00258,2026-03-22 00:00:00+00:00,30.2,failed,9
CUST-00258,2026-02-20 00:00:00+00:00,34.69,succeeded,0
CUST-00258,2026-01-21 00:00:00+00:00,26.83,succeeded,3
CUST-00258,2025-12-22 00:00:00+00:00,28.21,succeeded,1
CUST-00258,2025-11-22 00:00:00+00:00,34.28,succeeded,1
CUST-00259,2026-03-22 00:00:00+00:00,85.36,succeeded,2
CUST-00259,2026-02-20 00:00:00+00:00,74.98,succeeded,0
CUST-00259,2026-01-21 00:00:00+00:00,79.71,succeeded,2
CUST-00259,2025-12-22 00:00:00+00:00,64.28,succeeded,2
CUST-00259,2025-11-22 00:00:00+00:00,76.85,succeeded,0
CUST-00260,2026-04-21 00:00:00+00:00,16.23,succeeded,1
CUST-00260,2026-03-22 00:00:00+00:00,15.29,succeeded,3
CUST-00260,2026-02-20 00:00:00+00:00,13.54,succeeded,0
CUST-00260,2026-01-21 00:00:00+00:00,30.74,succeeded,0
CUST-00260,2025-12-22 00:00:00+00:00,17.65,succeeded,3
CUST-00260,2025-11-22 00:00:00+00:00,19.31,failed,8
CUST-00261,2026-04-21 00:00:00+00:00,88.8,succeeded,2
CUST-00261,2026-03-22 00:00:00+00:00,78.55,succeeded,0
CUST-00261,2026-02-20 00:00:00+00:00,81.66,succeeded,2
CUST-00261,2026-01-21 00:00:00+00:00,74.71,succeeded,3
CUST-00261,2025-12-22 00:00:00+00:00,83.31,succeeded,1
CUST-00261,2025-11-22 00:00:00+00:00,81.57,failed,0
CUST-00262,2026-04-21 00:00:00+00:00,67.03,succeeded,2
CUST-00262,2026-03-22 00:00:00+00:00,80.48,succeeded,3
CUST-00262,2026-02-20 00:00:00+00:00,79.33,succeeded,2
CUST-00262,2026-01-21 00:00:00+00:00,67.56,succeeded,2
CUST-00262,2025-12-22 00:00:00+00:00,84.58,succeeded,2
CUST-00262,2025-11-22 00:00:00+00:00,88.8,succeeded,1
CUST-00263,2026-03-22 00:00:00+00:00,42.07,succeeded,1
CUST-00263,2026-02-20 00:00:00+00:00,37.7,succeeded,1
CUST-00263,2026-01-21 00:00:00+00:00,28.27,succeeded,3
CUST-00263,2025-12-22 00:00:00+00:00,108.33,succeeded,1
CUST-00263,2025-11-22 00:00:00+00:00,35.15,succeeded,0
CUST-00264,2026-03-22 00:00:00+00:00,198.05,succeeded,0
CUST-00264,2026-02-20 00:00:00+00:00,205.63,succeeded,1
CUST-00264,2026-01-21 00:00:00+00:00,205.22,succeeded,2
CUST-00264,2025-12-22 00:00:00+00:00,199.7,succeeded,3
CUST-00264,2025-11-22 00:00:00+00:00,196.0,succeeded,0
CUST-00265,2026-04-21 00:00:00+00:00,16.37,succeeded,3
CUST-00265,2026-03-22 00:00:00+00:00,10.0,succeeded,1
CUST-00265,2026-02-20 00:00:00+00:00,18.08,succeeded,1
CUST-00265,2026-01-21 00:00:00+00:00,21.1,succeeded,3
CUST-00265,2025-12-22 00:00:00+00:00,24.3,succeeded,1
CUST-00265,2025-11-22 00:00:00+00:00,25.96,succeeded,0
CUST-00266,2026-04-21 00:00:00+00:00,12.63,succeeded,0
CUST-00266,2026-03-22 00:00:00+00:00,11.09,succeeded,0
CUST-00266,2026-02-20 00:00:00+00:00,16.82,succeeded,1
CUST-00266,2026-01-21 00:00:00+00:00,15.48,succeeded,1
CUST-00266,2025-12-22 00:00:00+00:00,13.79,succeeded,2
CUST-00266,2025-11-22 00:00:00+00:00,10.09,succeeded,3
CUST-00267,2026-04-21 00:00:00+00:00,61.96,succeeded,0
CUST-00267,2026-03-22 00:00:00+00:00,66.84,succeeded,1
CUST-00267,2026-02-20 00:00:00+00:00,71.49,succeeded,2
CUST-00267,2026-01-21 00:00:00+00:00,76.86,succeeded,3
CUST-00267,2025-12-22 00:00:00+00:00,70.47,succeeded,0
CUST-00267,2025-11-22 00:00:00+00:00,64.05,succeeded,3
CUST-00268,2026-04-21 00:00:00+00:00,72.35,succeeded,2
CUST-00268,2026-03-22 00:00:00+00:00,64.13,succeeded,1
CUST-00268,2026-02-20 00:00:00+00:00,73.34,failed,14
CUST-00268,2026-01-21 00:00:00+00:00,68.11,succeeded,1
CUST-00268,2025-12-22 00:00:00+00:00,74.29,succeeded,1
CUST-00268,2025-11-22 00:00:00+00:00,79.74,succeeded,2
CUST-00269,2026-04-21 00:00:00+00:00,40.38,failed,1
CUST-00269,2026-03-22 00:00:00+00:00,37.62,failed,1
CUST-00269,2026-02-20 00:00:00+00:00,22.95,succeeded,2
CUST-00269,2026-01-21 00:00:00+00:00,32.1,succeeded,1
CUST-00269,2025-12-22 00:00:00+00:00,28.64,succeeded,1
CUST-00269,2025-11-22 00:00:00+00:00,32.56,succeeded,3
CUST-00270,2026-03-22 00:00:00+00:00,39.3,succeeded,0
CUST-00270,2026-02-20 00:00:00+00:00,28.3,succeeded,0
CUST-00270,2026-01-21 00:00:00+00:00,30.94,failed,3
CUST-00270,2025-12-22 00:00:00+00:00,21.1,succeeded,3
CUST-00270,2025-11-22 00:00:00+00:00,34.35,succeeded,3
CUST-00271,2026-04-21 00:00:00+00:00,209.9,succeeded,1
CUST-00271,2026-03-22 00:00:00+00:00,212.03,succeeded,0
CUST-00271,2026-02-20 00:00:00+00:00,211.38,succeeded,1
CUST-00271,2026-01-21 00:00:00+00:00,204.95,succeeded,0
CUST-00271,2025-12-22 00:00:00+00:00,216.4,succeeded,2
CUST-00271,2025-11-22 00:00:00+00:00,209.52,succeeded,2
CUST-00272,2026-04-21 00:00:00+00:00,75.11,failed,12
CUST-00272,2026-03-22 00:00:00+00:00,76.77,succeeded,2
CUST-00272,2026-02-20 00:00:00+00:00,83.4,succeeded,2
CUST-00272,2026-01-21 00:00:00+00:00,85.31,succeeded,0
CUST-00272,2025-12-22 00:00:00+00:00,84.23,succeeded,0
CUST-00272,2025-11-22 00:00:00+00:00,88.11,succeeded,0
CUST-00273,2026-03-22 00:00:00+00:00,199.25,succeeded,1
CUST-00273,2026-02-20 00:00:00+00:00,201.07,succeeded,1
CUST-00273,2026-01-21 00:00:00+00:00,200.59,succeeded,3
CUST-00273,2025-12-22 00:00:00+00:00,198.15,succeeded,0
CUST-00273,2025-11-22 00:00:00+00:00,200.36,succeeded,3
CUST-00274,2026-03-22 00:00:00+00:00,87.56,succeeded,0
CUST-00274,2026-02-20 00:00:00+00:00,79.02,succeeded,1
CUST-00274,2026-01-21 00:00:00+00:00,88.6,succeeded,3
CUST-00274,2025-12-22 00:00:00+00:00,84.57,succeeded,0
CUST-00274,2025-11-22 00:00:00+00:00,88.16,succeeded,2
CUST-00275,2026-04-21 00:00:00+00:00,76.33,succeeded,2
CUST-00275,2026-03-22 00:00:00+00:00,88.3,succeeded,1
CUST-00275,2026-02-20 00:00:00+00:00,83.51,succeeded,1
CUST-00275,2026-01-21 00:00:00+00:00,82.7,succeeded,3
CUST-00275,2025-12-22 00:00:00+00:00,82.49,succeeded,2
CUST-00275,2025-11-22 00:00:00+00:00,85.79,succeeded,0
CUST-00276,2026-04-21 00:00:00+00:00,33.62,succeeded,2
CUST-00276,2026-03-22 00:00:00+00:00,37.43,succeeded,3
CUST-00276,2026-02-20 00:00:00+00:00,31.61,succeeded,3
CUST-00276,2026-01-21 00:00:00+00:00,33.26,succeeded,3
CUST-00276,2025-12-22 00:00:00+00:00,31.89,succeeded,0
CUST-00276,2025-11-22 00:00:00+00:00,27.21,succeeded,2
CUST-00277,2026-04-21 00:00:00+00:00,209.35,failed,1
CUST-00277,2026-03-22 00:00:00+00:00,212.36,succeeded,1
CUST-00277,2026-02-20 00:00:00+00:00,217.27,succeeded,0
CUST-00277,2026-01-21 00:00:00+00:00,213.29,succeeded,3
CUST-00277,2025-12-22 00:00:00+00:00,206.97,succeeded,3
CUST-00277,2025-11-22 00:00:00+00:00,216.92,succeeded,1
CUST-00278,2026-03-22 00:00:00+00:00,27.44,succeeded,3
CUST-00278,2026-02-20 00:00:00+00:00,34.41,succeeded,1
CUST-00278,2026-01-21 00:00:00+00:00,28.45,succeeded,2
CUST-00278,2025-12-22 00:00:00+00:00,27.92,failed,9
CUST-00278,2025-11-22 00:00:00+00:00,27.45,failed,1
CUST-00279,2026-03-22 00:00:00+00:00,77.8,succeeded,1
CUST-00279,2026-02-20 00:00:00+00:00,72.32,succeeded,1
CUST-00279,2026-01-21 00:00:00+00:00,75.51,succeeded,1
CUST-00279,2025-12-22 00:00:00+00:00,73.0,succeeded,3
CUST-00279,2025-11-22 00:00:00+00:00,73.99,succeeded,2
CUST-00280,2026-04-21 00:00:00+00:00,20.45,succeeded,2
CUST-00280,2026-03-22 00:00:00+00:00,23.39,succeeded,2
CUST-00280,2026-02-20 00:00:00+00:00,19.86,succeeded,2
CUST-00280,2026-01-21 00:00:00+00:00,12.14,succeeded,3
CUST-00280,2025-12-22 00:00:00+00:00,23.81,succeeded,1
CUST-00280,2025-11-22 00:00:00+00:00,28.27,succeeded,2
CUST-00281,2026-04-21 00:00:00+00:00,68.59,succeeded,0
CUST-00281,2026-03-22 00:00:00+00:00,84.71,succeeded,3
CUST-00281,2026-02-20 00:00:00+00:00,85.91,succeeded,1
CUST-00281,2026-01-21 00:00:00+00:00,86.14,succeeded,3
CUST-00281,2025-12-22 00:00:00+00:00,76.46,succeeded,2
CUST-00281,2025-11-22 00:00:00+00:00,82.84,succeeded,3
CUST-00282,2026-04-21 00:00:00+00:00,97.42,succeeded,1
CUST-00282,2026-03-22 00:00:00+00:00,90.86,succeeded,3
CUST-00282,2026-02-20 00:00:00+00:00,93.87,failed,8
CUST-00282,2026-01-21 00:00:00+00:00,91.77,succeeded,1
CUST-00282,2025-12-22 00:00:00+00:00,83.95,succeeded,1
CUST-00282,2025-11-22 00:00:00+00:00,88.06,succeeded,3
CUST-00283,2026-04-21 00:00:00+00:00,73.6,succeeded,2
CUST-00283,2026-03-22 00:00:00+00:00,85.94,succeeded,3
CUST-00283,2026-02-20 00:00:00+00:00,80.67,succeeded,1
CUST-00283,2026-01-21 00:00:00+00:00,76.68,succeeded,0
CUST-00283,2025-12-22 00:00:00+00:00,84.1,succeeded,1
CUST-00283,2025-11-22 00:00:00+00:00,73.46,succeeded,1
CUST-00284,2026-03-22 00:00:00+00:00,212.51,succeeded,3
CUST-00284,2026-02-20 00:00:00+00:00,210.16,succeeded,1
CUST-00284,2026-01-21 00:00:00+00:00,211.46,succeeded,3
CUST-00284,2025-12-22 00:00:00+00:00,211.41,failed,3
CUST-00284,2025-11-22 00:00:00+00:00,212.27,succeeded,2
CUST-00285,2026-04-21 00:00:00+00:00,21.98,succeeded,1
CUST-00285,2026-03-22 00:00:00+00:00,27.42,succeeded,2
CUST-00285,2026-02-20 00:00:00+00:00,11.8,succeeded,0
CUST-00285,2026-01-21 00:00:00+00:00,10.0,succeeded,3
CUST-00285,2025-12-22 00:00:00+00:00,12.88,succeeded,1
CUST-00285,2025-11-22 00:00:00+00:00,14.53,succeeded,3
CUST-00286,2026-04-21 00:00:00+00:00,82.9,succeeded,2
CUST-00286,2026-03-22 00:00:00+00:00,75.91,succeeded,3
CUST-00286,2026-02-20 00:00:00+00:00,79.9,succeeded,1
CUST-00286,2026-01-21 00:00:00+00:00,81.35,succeeded,1
CUST-00286,2025-12-22 00:00:00+00:00,85.08,succeeded,0
CUST-00286,2025-11-22 00:00:00+00:00,74.9,succeeded,2
CUST-00287,2026-04-21 00:00:00+00:00,22.87,succeeded,0
CUST-00287,2026-03-22 00:00:00+00:00,29.98,succeeded,0
CUST-00287,2026-02-20 00:00:00+00:00,29.35,failed,12
CUST-00287,2026-01-21 00:00:00+00:00,30.32,succeeded,2
CUST-00287,2025-12-22 00:00:00+00:00,18.68,succeeded,0
CUST-00287,2025-11-22 00:00:00+00:00,23.42,succeeded,2
CUST-00288,2026-04-21 00:00:00+00:00,17.85,succeeded,0
CUST-00288,2026-03-22 00:00:00+00:00,25.96,succeeded,1
CUST-00288,2026-02-20 00:00:00+00:00,29.93,succeeded,2
CUST-00288,2026-01-21 00:00:00+00:00,23.38,succeeded,1
CUST-00288,2025-12-22 00:00:00+00:00,25.41,succeeded,0
CUST-00288,2025-11-22 00:00:00+00:00,26.72,succeeded,2
CUST-00289,2026-03-22 00:00:00+00:00,59.07,succeeded,3
CUST-00289,2026-02-20 00:00:00+00:00,49.52,failed,13
CUST-00289,2026-01-21 00:00:00+00:00,39.22,succeeded,0
CUST-00289,2025-12-22 00:00:00+00:00,48.56,succeeded,3
CUST-00289,2025-11-22 00:00:00+00:00,45.95,succeeded,2
CUST-00290,2026-03-22 00:00:00+00:00,37.73,succeeded,1
CUST-00290,2026-02-20 00:00:00+00:00,26.9,succeeded,1
CUST-00290,2026-01-21 00:00:00+00:00,24.62,succeeded,2
CUST-00290,2025-12-22 00:00:00+00:00,28.12,succeeded,2
CUST-00290,2025-11-22 00:00:00+00:00,35.71,failed,6
CUST-00291,2026-04-21 00:00:00+00:00,10.0,succeeded,1
CUST-00291,2026-03-22 00:00:00+00:00,29.14,succeeded,1
CUST-00291,2026-02-20 00:00:00+00:00,21.02,succeeded,1
CUST-00291,2026-01-21 00:00:00+00:00,27.87,succeeded,0
CUST-00291,2025-12-22 00:00:00+00:00,23.28,succeeded,3
CUST-00291,2025-11-22 00:00:00+00:00,27.45,succeeded,2
CUST-00292,2026-04-21 00:00:00+00:00,76.78,succeeded,0
CUST-00292,2026-03-22 00:00:00+00:00,79.05,succeeded,0
CUST-00292,2026-02-20 00:00:00+00:00,76.23,succeeded,1
CUST-00292,2026-01-21 00:00:00+00:00,71.52,succeeded,1
CUST-00292,2025-12-22 00:00:00+00:00,76.25,succeeded,2
CUST-00292,2025-11-22 00:00:00+00:00,67.97,succeeded,0
CUST-00293,2026-03-22 00:00:00+00:00,72.52,succeeded,3
CUST-00293,2026-02-20 00:00:00+00:00,71.42,succeeded,0
CUST-00293,2026-01-21 00:00:00+00:00,61.2,succeeded,2
CUST-00293,2025-12-22 00:00:00+00:00,66.45,succeeded,3
CUST-00293,2025-11-22 00:00:00+00:00,66.82,succeeded,3
CUST-00294,2026-04-21 00:00:00+00:00,81.57,succeeded,2
CUST-00294,2026-03-22 00:00:00+00:00,80.87,failed,8
CUST-00294,2026-02-20 00:00:00+00:00,68.86,succeeded,2
CUST-00294,2026-01-21 00:00:00+00:00,69.35,succeeded,3
CUST-00294,2025-12-22 00:00:00+00:00,60.34,succeeded,0
CUST-00294,2025-11-22 00:00:00+00:00,74.95,succeeded,0
CUST-00295,2026-04-21 00:00:00+00:00,36.34,succeeded,2
CUST-00295,2026-03-22 00:00:00+00:00,39.71,succeeded,2
CUST-00295,2026-02-20 00:00:00+00:00,39.21,succeeded,3
CUST-00295,2026-01-21 00:00:00+00:00,35.67,succeeded,1
CUST-00295,2025-12-22 00:00:00+00:00,36.14,succeeded,1
CUST-00295,2025-11-22 00:00:00+00:00,47.03,succeeded,2
CUST-00296,2026-04-21 00:00:00+00:00,22.8,succeeded,2
CUST-00296,2026-03-22 00:00:00+00:00,19.5,succeeded,1
CUST-00296,2026-02-20 00:00:00+00:00,28.38,succeeded,3
CUST-00296,2026-01-21 00:00:00+00:00,18.74,succeeded,0
CUST-00296,2025-12-22 00:00:00+00:00,26.07,succeeded,2
CUST-00296,2025-11-22 00:00:00+00:00,19.41,succeeded,0
CUST-00297,2026-04-21 00:00:00+00:00,32.05,succeeded,3
CUST-00297,2026-03-22 00:00:00+00:00,27.17,succeeded,3
CUST-00297,2026-02-20 00:00:00+00:00,25.16,failed,14
CUST-00297,2026-01-21 00:00:00+00:00,28.8,failed,12
CUST-00297,2025-12-22 00:00:00+00:00,19.59,succeeded,3
CUST-00297,2025-11-22 00:00:00+00:00,19.71,succeeded,2
CUST-00298,2026-03-22 00:00:00+00:00,90.79,failed,12
CUST-00298,2026-02-20 00:00:00+00:00,81.98,failed,12
CUST-00298,2026-01-21 00:00:00+00:00,79.94,failed,0
CUST-00298,2025-12-22 00:00:00+00:00,86.15,succeeded,0
CUST-00298,2025-11-22 00:00:00+00:00,96.86,succeeded,0
CUST-00299,2026-04-21 00:00:00+00:00,210.09,failed,0
CUST-00299,2026-03-22 00:00:00+00:00,216.11,failed,11
CUST-00299,2026-02-20 00:00:00+00:00,214.98,succeeded,3
CUST-00299,2026-01-21 00:00:00+00:00,209.97,succeeded,3
CUST-00299,2025-12-22 00:00:00+00:00,213.92,succeeded,1
CUST-00299,2025-11-22 00:00:00+00:00,212.87,succeeded,3
CUST-00300,2026-04-21 00:00:00+00:00,30.11,succeeded,1
CUST-00300,2026-03-22 00:00:00+00:00,40.0,succeeded,3
CUST-00300,2026-02-20 00:00:00+00:00,32.94,failed,4
CUST-00300,2026-01-21 00:00:00+00:00,35.79,succeeded,0
CUST-00300,2025-12-22 00:00:00+00:00,36.74,failed,13
CUST-00300,2025-11-22 00:00:00+00:00,29.69,failed,7
CUST-00301,2026-03-22 00:00:00+00:00,68.31,succeeded,3
CUST-00301,2026-02-20 00:00:00+00:00,71.72,succeeded,3
CUST-00301,2026-01-21 00:00:00+00:00,77.15,succeeded,2
CUST-00301,2025-12-22 00:00:00+00:00,77.39,succeeded,0
CUST-00301,2025-11-22 00:00:00+00:00,73.96,failed,9
CUST-00302,2026-04-21 00:00:00+00:00,33.29,succeeded,1
CUST-00302,2026-03-22 00:00:00+00:00,25.42,succeeded,3
CUST-00302,2026-02-20 00:00:00+00:00,26.68,succeeded,3
CUST-00302,2026-01-21 00:00:00+00:00,36.08,succeeded,2
CUST-00302,2025-12-22 00:00:00+00:00,32.48,succeeded,3
CUST-00302,2025-11-22 00:00:00+00:00,21.91,succeeded,2
CUST-00303,2026-03-22 00:00:00+00:00,26.55,succeeded,0
CUST-00303,2026-02-20 00:00:00+00:00,29.96,succeeded,1
CUST-00303,2026-01-21 00:00:00+00:00,10.97,succeeded,3
CUST-00303,2025-12-22 00:00:00+00:00,22.91,succeeded,2
CUST-00303,2025-11-22 00:00:00+00:00,18.94,succeeded,3
CUST-00304,2026-04-21 00:00:00+00:00,21.61,succeeded,1
CUST-00304,2026-03-22 00:00:00+00:00,25.69,succeeded,3
CUST-00304,2026-02-20 00:00:00+00:00,20.5,succeeded,1
CUST-00304,2026-01-21 00:00:00+00:00,28.58,succeeded,2
CUST-00304,2025-12-22 00:00:00+00:00,17.36,succeeded,2
CUST-00304,2025-11-22 00:00:00+00:00,14.81,succeeded,0
CUST-00305,2026-03-22 00:00:00+00:00,23.64,succeeded,2
CUST-00305,2026-02-20 00:00:00+00:00,20.62,succeeded,1
CUST-00305,2026-01-21 00:00:00+00:00,15.17,succeeded,1
CUST-00305,2025-12-22 00:00:00+00:00,21.26,succeeded,2
CUST-00305,2025-11-22 00:00:00+00:00,19.61,succeeded,0
CUST-00306,2026-03-22 00:00:00+00:00,81.59,succeeded,1
CUST-00306,2026-02-20 00:00:00+00:00,76.67,failed,14
CUST-00306,2026-01-21 00:00:00+00:00,79.4,succeeded,3
CUST-00306,2025-12-22 00:00:00+00:00,79.51,succeeded,1
CUST-00306,2025-11-22 00:00:00+00:00,71.9,succeeded,1
CUST-00307,2026-04-21 00:00:00+00:00,193.21,succeeded,3
CUST-00307,2026-03-22 00:00:00+00:00,195.01,succeeded,3
CUST-00307,2026-02-20 00:00:00+00:00,194.79,succeeded,0
CUST-00307,2026-01-21 00:00:00+00:00,184.14,succeeded,1
CUST-00307,2025-12-22 00:00:00+00:00,189.08,succeeded,1
CUST-00307,2025-11-22 00:00:00+00:00,186.63,succeeded,3
CUST-00308,2026-04-21 00:00:00+00:00,13.02,succeeded,0
CUST-00308,2026-03-22 00:00:00+00:00,22.29,succeeded,0
CUST-00308,2026-02-20 00:00:00+00:00,10.0,succeeded,1
CUST-00308,2026-01-21 00:00:00+00:00,10.58,succeeded,3
CUST-00308,2025-12-22 00:00:00+00:00,23.13,succeeded,3
CUST-00308,2025-11-22 00:00:00+00:00,11.96,succeeded,3
CUST-00309,2026-03-22 00:00:00+00:00,79.65,succeeded,1
CUST-00309,2026-02-20 00:00:00+00:00,77.91,succeeded,3
CUST-00309,2026-01-21 00:00:00+00:00,77.55,succeeded,0
CUST-00309,2025-12-22 00:00:00+00:00,82.06,succeeded,1
CUST-00309,2025-11-22 00:00:00+00:00,89.27,succeeded,2
CUST-00310,2026-03-22 00:00:00+00:00,69.33,succeeded,0
CUST-00310,2026-02-20 00:00:00+00:00,81.73,succeeded,2
CUST-00310,2026-01-21 00:00:00+00:00,80.06,succeeded,3
CUST-00310,2025-12-22 00:00:00+00:00,85.87,succeeded,0
CUST-00310,2025-11-22 00:00:00+00:00,79.37,succeeded,2
CUST-00311,2026-04-21 00:00:00+00:00,209.22,succeeded,1
CUST-00311,2026-03-22 00:00:00+00:00,213.27,succeeded,2
CUST-00311,2026-02-20 00:00:00+00:00,218.95,succeeded,3
CUST-00311,2026-01-21 00:00:00+00:00,211.15,succeeded,2
CUST-00311,2025-12-22 00:00:00+00:00,215.67,failed,14
CUST-00311,2025-11-22 00:00:00+00:00,206.48,succeeded,3
CUST-00312,2026-03-22 00:00:00+00:00,86.01,succeeded,3
CUST-00312,2026-02-20 00:00:00+00:00,81.1,succeeded,3
CUST-00312,2026-01-21 00:00:00+00:00,65.95,succeeded,2
CUST-00312,2025-12-22 00:00:00+00:00,77.71,failed,6
CUST-00312,2025-11-22 00:00:00+00:00,67.99,succeeded,3
CUST-00313,2026-03-22 00:00:00+00:00,27.76,succeeded,0
CUST-00313,2026-02-20 00:00:00+00:00,26.09,succeeded,0
CUST-00313,2026-01-21 00:00:00+00:00,32.57,succeeded,2
CUST-00313,2025-12-22 00:00:00+00:00,40.36,succeeded,1
CUST-00313,2025-11-22 00:00:00+00:00,33.71,succeeded,0
CUST-00314,2026-04-21 00:00:00+00:00,80.56,succeeded,2
CUST-00314,2026-03-22 00:00:00+00:00,85.87,succeeded,1
CUST-00314,2026-02-20 00:00:00+00:00,84.16,succeeded,1
CUST-00314,2026-01-21 00:00:00+00:00,90.11,succeeded,2
CUST-00314,2025-12-22 00:00:00+00:00,73.86,succeeded,3
CUST-00314,2025-11-22 00:00:00+00:00,83.35,succeeded,1
CUST-00315,2026-03-22 00:00:00+00:00,22.85,succeeded,2
CUST-00315,2026-02-20 00:00:00+00:00,32.0,succeeded,0
CUST-00315,2026-01-21 00:00:00+00:00,29.38,succeeded,2
CUST-00315,2025-12-22 00:00:00+00:00,24.04,succeeded,1
CUST-00315,2025-11-22 00:00:00+00:00,29.72,succeeded,3
CUST-00316,2026-04-21 00:00:00+00:00,199.58,succeeded,2
CUST-00316,2026-03-22 00:00:00+00:00,213.33,succeeded,1
CUST-00316,2026-02-20 00:00:00+00:00,201.68,succeeded,3
CUST-00316,2026-01-21 00:00:00+00:00,208.13,succeeded,1
CUST-00316,2025-12-22 00:00:00+00:00,202.3,succeeded,0
CUST-00316,2025-11-22 00:00:00+00:00,200.69,succeeded,0
CUST-00317,2026-03-22 00:00:00+00:00,39.51,succeeded,0
CUST-00317,2026-02-20 00:00:00+00:00,40.21,succeeded,0
CUST-00317,2026-01-21 00:00:00+00:00,28.6,succeeded,3
CUST-00317,2025-12-22 00:00:00+00:00,26.16,succeeded,3
CUST-00317,2025-11-22 00:00:00+00:00,41.43,succeeded,0
CUST-00318,2026-04-21 00:00:00+00:00,75.53,succeeded,1
CUST-00318,2026-03-22 00:00:00+00:00,78.34,succeeded,1
CUST-00318,2026-02-20 00:00:00+00:00,84.44,succeeded,3
CUST-00318,2026-01-21 00:00:00+00:00,85.14,succeeded,3
CUST-00318,2025-12-22 00:00:00+00:00,83.64,succeeded,0
CUST-00318,2025-11-22 00:00:00+00:00,84.31,succeeded,0
CUST-00319,2026-04-21 00:00:00+00:00,25.07,succeeded,3
CUST-00319,2026-03-22 00:00:00+00:00,31.64,succeeded,0
CUST-00319,2026-02-20 00:00:00+00:00,26.51,succeeded,1
CUST-00319,2026-01-21 00:00:00+00:00,30.39,succeeded,1
CUST-00319,2025-12-22 00:00:00+00:00,23.18,succeeded,1
CUST-00319,2025-11-22 00:00:00+00:00,25.27,succeeded,2
CUST-00320,2026-04-21 00:00:00+00:00,27.51,succeeded,2
CUST-00320,2026-03-22 00:00:00+00:00,28.35,succeeded,3
CUST-00320,2026-02-20 00:00:00+00:00,22.34,succeeded,2
CUST-00320,2026-01-21 00:00:00+00:00,28.8,succeeded,0
CUST-00320,2025-12-22 00:00:00+00:00,34.13,succeeded,2
CUST-00320,2025-11-22 00:00:00+00:00,19.62,succeeded,0
CUST-00321,2026-04-21 00:00:00+00:00,186.63,failed,4
CUST-00321,2026-03-22 00:00:00+00:00,184.65,failed,5
CUST-00321,2026-02-20 00:00:00+00:00,176.81,succeeded,3
CUST-00321,2026-01-21 00:00:00+00:00,182.35,succeeded,2
CUST-00321,2025-12-22 00:00:00+00:00,184.0,succeeded,1
CUST-00321,2025-11-22 00:00:00+00:00,186.09,succeeded,2
CUST-00322,2026-04-21 00:00:00+00:00,74.09,succeeded,0
CUST-00322,2026-03-22 00:00:00+00:00,75.27,succeeded,3
CUST-00322,2026-02-20 00:00:00+00:00,72.76,succeeded,1
CUST-00322,2026-01-21 00:00:00+00:00,70.88,succeeded,2
CUST-00322,2025-12-22 00:00:00+00:00,64.05,succeeded,1
CUST-00322,2025-11-22 00:00:00+00:00,72.71,succeeded,3
CUST-00323,2026-04-21 00:00:00+00:00,28.34,succeeded,2
CUST-00323,2026-03-22 00:00:00+00:00,23.2,succeeded,1
CUST-00323,2026-02-20 00:00:00+00:00,28.35,succeeded,1
CUST-00323,2026-01-21 00:00:00+00:00,27.91,succeeded,1
CUST-00323,2025-12-22 00:00:00+00:00,28.23,succeeded,2
CUST-00323,2025-11-22 00:00:00+00:00,29.32,succeeded,1
CUST-00324,2026-04-21 00:00:00+00:00,191.47,succeeded,1
CUST-00324,2026-03-22 00:00:00+00:00,196.84,succeeded,3
CUST-00324,2026-02-20 00:00:00+00:00,185.77,succeeded,3
CUST-00324,2026-01-21 00:00:00+00:00,191.88,succeeded,3
CUST-00324,2025-12-22 00:00:00+00:00,194.06,succeeded,2
CUST-00324,2025-11-22 00:00:00+00:00,184.53,succeeded,0
CUST-00325,2026-03-22 00:00:00+00:00,194.23,succeeded,2
CUST-00325,2026-02-20 00:00:00+00:00,206.16,succeeded,1
CUST-00325,2026-01-21 00:00:00+00:00,202.07,succeeded,2
CUST-00325,2025-12-22 00:00:00+00:00,202.03,succeeded,3
CUST-00325,2025-11-22 00:00:00+00:00,202.12,succeeded,3
CUST-00326,2026-04-21 00:00:00+00:00,38.13,succeeded,3
CUST-00326,2026-03-22 00:00:00+00:00,32.49,succeeded,2
CUST-00326,2026-02-20 00:00:00+00:00,38.15,succeeded,2
CUST-00326,2026-01-21 00:00:00+00:00,40.63,succeeded,2
CUST-00326,2025-12-22 00:00:00+00:00,38.62,succeeded,2
CUST-00326,2025-11-22 00:00:00+00:00,33.5,failed,11
CUST-00327,2026-03-22 00:00:00+00:00,64.0,succeeded,2
CUST-00327,2026-02-20 00:00:00+00:00,74.16,succeeded,3
CUST-00327,2026-01-21 00:00:00+00:00,68.99,succeeded,2
CUST-00327,2025-12-22 00:00:00+00:00,69.38,succeeded,3
CUST-00327,2025-11-22 00:00:00+00:00,67.27,succeeded,2
CUST-00328,2026-03-22 00:00:00+00:00,34.71,succeeded,0
CUST-00328,2026-02-20 00:00:00+00:00,39.67,failed,12
CUST-00328,2026-01-21 00:00:00+00:00,28.2,succeeded,2
CUST-00328,2025-12-22 00:00:00+00:00,26.88,succeeded,1
CUST-00328,2025-11-22 00:00:00+00:00,24.45,succeeded,0
CUST-00329,2026-03-22 00:00:00+00:00,69.84,succeeded,0
CUST-00329,2026-02-20 00:00:00+00:00,66.86,succeeded,3
CUST-00329,2026-01-21 00:00:00+00:00,71.84,succeeded,3
CUST-00329,2025-12-22 00:00:00+00:00,84.59,succeeded,1
CUST-00329,2025-11-22 00:00:00+00:00,73.62,succeeded,1
CUST-00330,2026-04-21 00:00:00+00:00,30.06,succeeded,1
CUST-00330,2026-03-22 00:00:00+00:00,23.81,succeeded,1
CUST-00330,2026-02-20 00:00:00+00:00,37.87,succeeded,3
CUST-00330,2026-01-21 00:00:00+00:00,23.27,succeeded,3
CUST-00330,2025-12-22 00:00:00+00:00,24.91,succeeded,2
CUST-00330,2025-11-22 00:00:00+00:00,30.45,succeeded,1
CUST-00331,2026-04-21 00:00:00+00:00,21.0,succeeded,0
CUST-00331,2026-03-22 00:00:00+00:00,15.05,succeeded,1
CUST-00331,2026-02-20 00:00:00+00:00,26.52,succeeded,2
CUST-00331,2026-01-21 00:00:00+00:00,22.44,succeeded,1
CUST-00331,2025-12-22 00:00:00+00:00,27.64,succeeded,0
CUST-00331,2025-11-22 00:00:00+00:00,30.37,succeeded,1
CUST-00332,2026-03-22 00:00:00+00:00,207.01,succeeded,1
CUST-00332,2026-02-20 00:00:00+00:00,199.84,succeeded,1
CUST-00332,2026-01-21 00:00:00+00:00,207.43,succeeded,3
CUST-00332,2025-12-22 00:00:00+00:00,211.58,failed,4
CUST-00332,2025-11-22 00:00:00+00:00,199.42,succeeded,2
CUST-00333,2026-04-21 00:00:00+00:00,196.82,succeeded,1
CUST-00333,2026-03-22 00:00:00+00:00,192.64,succeeded,3
CUST-00333,2026-02-20 00:00:00+00:00,190.36,succeeded,0
CUST-00333,2026-01-21 00:00:00+00:00,190.7,succeeded,0
CUST-00333,2025-12-22 00:00:00+00:00,185.86,succeeded,0
CUST-00333,2025-11-22 00:00:00+00:00,196.05,succeeded,1
CUST-00334,2026-04-21 00:00:00+00:00,82.88,succeeded,3
CUST-00334,2026-03-22 00:00:00+00:00,86.38,succeeded,3
CUST-00334,2026-02-20 00:00:00+00:00,81.58,succeeded,1
CUST-00334,2026-01-21 00:00:00+00:00,85.36,succeeded,3
CUST-00334,2025-12-22 00:00:00+00:00,86.46,succeeded,2
CUST-00334,2025-11-22 00:00:00+00:00,92.43,succeeded,3
CUST-00335,2026-03-22 00:00:00+00:00,206.59,succeeded,2
CUST-00335,2026-02-20 00:00:00+00:00,201.08,succeeded,1
CUST-00335,2026-01-21 00:00:00+00:00,195.23,succeeded,2
CUST-00335,2025-12-22 00:00:00+00:00,200.75,succeeded,3
CUST-00335,2025-11-22 00:00:00+00:00,196.86,succeeded,3
CUST-00336,2026-04-21 00:00:00+00:00,69.6,succeeded,1
CUST-00336,2026-03-22 00:00:00+00:00,72.41,succeeded,3
CUST-00336,2026-02-20 00:00:00+00:00,78.05,succeeded,0
CUST-00336,2026-01-21 00:00:00+00:00,76.3,succeeded,1
CUST-00336,2025-12-22 00:00:00+00:00,88.37,succeeded,3
CUST-00336,2025-11-22 00:00:00+00:00,67.39,succeeded,1
CUST-00337,2026-03-22 00:00:00+00:00,76.99,succeeded,2
CUST-00337,2026-02-20 00:00:00+00:00,75.44,succeeded,0
CUST-00337,2026-01-21 00:00:00+00:00,65.46,succeeded,3
CUST-00337,2025-12-22 00:00:00+00:00,76.08,succeeded,1
CUST-00337,2025-11-22 00:00:00+00:00,58.52,succeeded,2
CUST-00338,2026-04-21 00:00:00+00:00,71.53,succeeded,1
CUST-00338,2026-03-22 00:00:00+00:00,79.25,succeeded,0
CUST-00338,2026-02-20 00:00:00+00:00,77.31,succeeded,3
CUST-00338,2026-01-21 00:00:00+00:00,79.43,succeeded,0
CUST-00338,2025-12-22 00:00:00+00:00,84.57,failed,12
CUST-00338,2025-11-22 00:00:00+00:00,81.09,succeeded,2
CUST-00339,2026-04-21 00:00:00+00:00,32.82,succeeded,1
CUST-00339,2026-03-22 00:00:00+00:00,40.1,succeeded,1
CUST-00339,2026-02-20 00:00:00+00:00,39.34,succeeded,2
CUST-00339,2026-01-21 00:00:00+00:00,38.23,succeeded,3
CUST-00339,2025-12-22 00:00:00+00:00,30.15,succeeded,1
CUST-00339,2025-11-22 00:00:00+00:00,37.14,succeeded,2
CUST-00340,2026-04-21 00:00:00+00:00,31.35,succeeded,0
CUST-00340,2026-03-22 00:00:00+00:00,26.65,succeeded,0
CUST-00340,2026-02-20 00:00:00+00:00,26.86,succeeded,3
CUST-00340,2026-01-21 00:00:00+00:00,29.96,failed,4
CUST-00340,2025-12-22 00:00:00+00:00,36.53,succeeded,0
CUST-00340,2025-11-22 00:00:00+00:00,39.52,succeeded,0
CUST-00341,2026-03-22 00:00:00+00:00,41.07,failed,1
CUST-00341,2026-02-20 00:00:00+00:00,50.28,succeeded,3
CUST-00341,2026-01-21 00:00:00+00:00,51.59,succeeded,3
CUST-00341,2025-12-22 00:00:00+00:00,48.78,failed,7
CUST-00341,2025-11-22 00:00:00+00:00,47.34,succeeded,1
CUST-00342,2026-04-21 00:00:00+00:00,99.89,succeeded,1
CUST-00342,2026-03-22 00:00:00+00:00,92.14,succeeded,3
CUST-00342,2026-02-20 00:00:00+00:00,89.0,succeeded,3
CUST-00342,2026-01-21 00:00:00+00:00,85.35,succeeded,1
CUST-00342,2025-12-22 00:00:00+00:00,81.82,succeeded,0
CUST-00342,2025-11-22 00:00:00+00:00,91.21,succeeded,3
CUST-00343,2026-03-22 00:00:00+00:00,13.03,succeeded,3
CUST-00343,2026-02-20 00:00:00+00:00,20.41,failed,0
CUST-00343,2026-01-21 00:00:00+00:00,24.2,succeeded,3
CUST-00343,2025-12-22 00:00:00+00:00,30.84,succeeded,3
CUST-00343,2025-11-22 00:00:00+00:00,27.19,succeeded,0
CUST-00344,2026-03-22 00:00:00+00:00,33.01,succeeded,1
CUST-00344,2026-02-20 00:00:00+00:00,24.13,succeeded,2
CUST-00344,2026-01-21 00:00:00+00:00,24.31,succeeded,0
CUST-00344,2025-12-22 00:00:00+00:00,29.01,succeeded,1
CUST-00344,2025-11-22 00:00:00+00:00,29.18,succeeded,1
CUST-00345,2026-03-22 00:00:00+00:00,78.28,succeeded,0
CUST-00345,2026-02-20 00:00:00+00:00,82.31,succeeded,3
CUST-00345,2026-01-21 00:00:00+00:00,81.73,succeeded,1
CUST-00345,2025-12-22 00:00:00+00:00,89.32,succeeded,2
CUST-00345,2025-11-22 00:00:00+00:00,82.12,failed,10
CUST-00346,2026-04-21 00:00:00+00:00,19.17,succeeded,1
CUST-00346,2026-03-22 00:00:00+00:00,26.15,succeeded,0
CUST-00346,2026-02-20 00:00:00+00:00,19.95,succeeded,1
CUST-00346,2026-01-21 00:00:00+00:00,13.71,succeeded,0
CUST-00346,2025-12-22 00:00:00+00:00,23.69,succeeded,1
CUST-00346,2025-11-22 00:00:00+00:00,27.63,succeeded,2
CUST-00347,2026-04-21 00:00:00+00:00,34.23,succeeded,1
CUST-00347,2026-03-22 00:00:00+00:00,49.31,succeeded,1
CUST-00347,2026-02-20 00:00:00+00:00,30.37,succeeded,2
CUST-00347,2026-01-21 00:00:00+00:00,39.78,succeeded,1
CUST-00347,2025-12-22 00:00:00+00:00,34.27,succeeded,2
CUST-00347,2025-11-22 00:00:00+00:00,37.55,succeeded,3
CUST-00348,2026-04-21 00:00:00+00:00,77.04,succeeded,0
CUST-00348,2026-03-22 00:00:00+00:00,77.0,succeeded,3
CUST-00348,2026-02-20 00:00:00+00:00,74.13,succeeded,2
CUST-00348,2026-01-21 00:00:00+00:00,78.68,succeeded,1
CUST-00348,2025-12-22 00:00:00+00:00,84.89,succeeded,0
CUST-00348,2025-11-22 00:00:00+00:00,84.49,succeeded,1
CUST-00349,2026-03-22 00:00:00+00:00,199.02,succeeded,1
CUST-00349,2026-02-20 00:00:00+00:00,203.7,succeeded,1
CUST-00349,2026-01-21 00:00:00+00:00,191.95,succeeded,0
CUST-00349,2025-12-22 00:00:00+00:00,204.17,succeeded,0
CUST-00349,2025-11-22 00:00:00+00:00,202.81,succeeded,2
CUST-00350,2026-03-22 00:00:00+00:00,37.2,succeeded,3
CUST-00350,2026-02-20 00:00:00+00:00,33.93,succeeded,0
CUST-00350,2026-01-21 00:00:00+00:00,32.67,succeeded,0
CUST-00350,2025-12-22 00:00:00+00:00,41.34,succeeded,2
CUST-00350,2025-11-22 00:00:00+00:00,35.9,succeeded,1
CUST-00351,2026-03-22 00:00:00+00:00,37.69,failed,8
CUST-00351,2026-02-20 00:00:00+00:00,35.31,failed,14
CUST-00351,2026-01-21 00:00:00+00:00,45.77,succeeded,2
CUST-00351,2025-12-22 00:00:00+00:00,47.11,succeeded,3
CUST-00351,2025-11-22 00:00:00+00:00,43.34,failed,13
CUST-00352,2026-04-21 00:00:00+00:00,20.82,succeeded,2
CUST-00352,2026-03-22 00:00:00+00:00,21.54,succeeded,1
CUST-00352,2026-02-20 00:00:00+00:00,34.19,succeeded,0
CUST-00352,2026-01-21 00:00:00+00:00,36.73,failed,2
CUST-00352,2025-12-22 00:00:00+00:00,29.5,succeeded,3
CUST-00352,2025-11-22 00:00:00+00:00,35.63,succeeded,3
CUST-00353,2026-04-21 00:00:00+00:00,76.42,succeeded,2
CUST-00353,2026-03-22 00:00:00+00:00,74.49,failed,10
CUST-00353,2026-02-20 00:00:00+00:00,78.11,succeeded,1
CUST-00353,2026-01-21 00:00:00+00:00,70.66,failed,10
CUST-00353,2025-12-22 00:00:00+00:00,72.19,succeeded,2
CUST-00353,2025-11-22 00:00:00+00:00,79.84,succeeded,3
CUST-00354,2026-04-21 00:00:00+00:00,90.42,succeeded,0
CUST-00354,2026-03-22 00:00:00+00:00,94.81,succeeded,3
CUST-00354,2026-02-20 00:00:00+00:00,94.3,succeeded,3
CUST-00354,2026-01-21 00:00:00+00:00,102.3,succeeded,1
CUST-00354,2025-12-22 00:00:00+00:00,88.63,succeeded,1
CUST-00354,2025-11-22 00:00:00+00:00,97.37,succeeded,2
CUST-00355,2026-04-21 00:00:00+00:00,34.38,succeeded,2
CUST-00355,2026-03-22 00:00:00+00:00,45.55,succeeded,0
CUST-00355,2026-02-20 00:00:00+00:00,32.14,succeeded,3
CUST-00355,2026-01-21 00:00:00+00:00,30.54,succeeded,1
CUST-00355,2025-12-22 00:00:00+00:00,29.38,succeeded,1
CUST-00355,2025-11-22 00:00:00+00:00,25.47,succeeded,3
CUST-00356,2026-04-21 00:00:00+00:00,80.07,succeeded,1
CUST-00356,2026-03-22 00:00:00+00:00,82.84,succeeded,2
CUST-00356,2026-02-20 00:00:00+00:00,78.1,succeeded,0
CUST-00356,2026-01-21 00:00:00+00:00,77.4,succeeded,2
CUST-00356,2025-12-22 00:00:00+00:00,65.26,succeeded,3
CUST-00356,2025-11-22 00:00:00+00:00,74.8,succeeded,3
CUST-00357,2026-04-21 00:00:00+00:00,29.7,succeeded,3
CUST-00357,2026-03-22 00:00:00+00:00,24.91,failed,14
CUST-00357,2026-02-20 00:00:00+00:00,31.38,succeeded,3
CUST-00357,2026-01-21 00:00:00+00:00,28.4,succeeded,3
CUST-00357,2025-12-22 00:00:00+00:00,24.25,succeeded,0
CUST-00357,2025-11-22 00:00:00+00:00,37.13,succeeded,1
CUST-00358,2026-04-21 00:00:00+00:00,28.7,succeeded,3
CUST-00358,2026-03-22 00:00:00+00:00,34.11,succeeded,3
CUST-00358,2026-02-20 00:00:00+00:00,19.69,succeeded,3
CUST-00358,2026-01-21 00:00:00+00:00,113.72999999999999,succeeded,0
CUST-00358,2025-12-22 00:00:00+00:00,36.37,succeeded,2
CUST-00358,2025-11-22 00:00:00+00:00,27.72,succeeded,0
CUST-00359,2026-04-21 00:00:00+00:00,193.47,failed,9
CUST-00359,2026-03-22 00:00:00+00:00,214.76,succeeded,2
CUST-00359,2026-02-20 00:00:00+00:00,203.23,succeeded,3
CUST-00359,2026-01-21 00:00:00+00:00,207.34,succeeded,2
CUST-00359,2025-12-22 00:00:00+00:00,206.09,succeeded,1
CUST-00359,2025-11-22 00:00:00+00:00,204.48,succeeded,3
CUST-00360,2026-03-22 00:00:00+00:00,25.4,succeeded,2
CUST-00360,2026-02-20 00:00:00+00:00,22.11,succeeded,1
CUST-00360,2026-01-21 00:00:00+00:00,20.53,succeeded,3
CUST-00360,2025-12-22 00:00:00+00:00,28.08,succeeded,2
CUST-00360,2025-11-22 00:00:00+00:00,20.51,succeeded,0
CUST-00361,2026-04-21 00:00:00+00:00,12.5,succeeded,2
CUST-00361,2026-03-22 00:00:00+00:00,10.94,succeeded,3
CUST-00361,2026-02-20 00:00:00+00:00,10.0,succeeded,1
CUST-00361,2026-01-21 00:00:00+00:00,15.52,succeeded,1
CUST-00361,2025-12-22 00:00:00+00:00,21.01,succeeded,0
CUST-00361,2025-11-22 00:00:00+00:00,10.37,succeeded,0
CUST-00362,2026-03-22 00:00:00+00:00,13.56,succeeded,2
CUST-00362,2026-02-20 00:00:00+00:00,27.53,failed,13
CUST-00362,2026-01-21 00:00:00+00:00,18.01,succeeded,1
CUST-00362,2025-12-22 00:00:00+00:00,26.73,succeeded,2
CUST-00362,2025-11-22 00:00:00+00:00,15.47,failed,7
CUST-00363,2026-04-21 00:00:00+00:00,73.42,succeeded,2
CUST-00363,2026-03-22 00:00:00+00:00,68.71,succeeded,0
CUST-00363,2026-02-20 00:00:00+00:00,73.62,succeeded,2
CUST-00363,2026-01-21 00:00:00+00:00,66.0,succeeded,2
CUST-00363,2025-12-22 00:00:00+00:00,73.9,succeeded,3
CUST-00363,2025-11-22 00:00:00+00:00,78.96,succeeded,0
CUST-00364,2026-04-21 00:00:00+00:00,191.7,succeeded,2
CUST-00364,2026-03-22 00:00:00+00:00,195.37,failed,9
CUST-00364,2026-02-20 00:00:00+00:00,193.48,succeeded,3
CUST-00364,2026-01-21 00:00:00+00:00,200.52,succeeded,0
CUST-00364,2025-12-22 00:00:00+00:00,185.27,succeeded,1
CUST-00364,2025-11-22 00:00:00+00:00,189.26,succeeded,0
CUST-00365,2026-04-21 00:00:00+00:00,201.76,succeeded,2
CUST-00365,2026-03-22 00:00:00+00:00,211.12,succeeded,2
CUST-00365,2026-02-20 00:00:00+00:00,205.83,succeeded,0
CUST-00365,2026-01-21 00:00:00+00:00,207.09,succeeded,1
CUST-00365,2025-12-22 00:00:00+00:00,209.13,succeeded,0
CUST-00365,2025-11-22 00:00:00+00:00,210.55,succeeded,3
CUST-00366,2026-03-22 00:00:00+00:00,25.75,succeeded,0
CUST-00366,2026-02-20 00:00:00+00:00,25.6,succeeded,1
CUST-00366,2026-01-21 00:00:00+00:00,22.86,succeeded,2
CUST-00366,2025-12-22 00:00:00+00:00,31.31,succeeded,2
CUST-00366,2025-11-22 00:00:00+00:00,40.71,succeeded,0
CUST-00367,2026-03-22 00:00:00+00:00,24.79,succeeded,0
CUST-00367,2026-02-20 00:00:00+00:00,25.1,succeeded,1
CUST-00367,2026-01-21 00:00:00+00:00,34.27,failed,9
CUST-00367,2025-12-22 00:00:00+00:00,24.19,succeeded,2
CUST-00367,2025-11-22 00:00:00+00:00,23.79,failed,1
CUST-00368,2026-03-22 00:00:00+00:00,63.95,succeeded,3
CUST-00368,2026-02-20 00:00:00+00:00,64.89,succeeded,0
CUST-00368,2026-01-21 00:00:00+00:00,68.23,succeeded,0
CUST-00368,2025-12-22 00:00:00+00:00,77.48,succeeded,0
CUST-00368,2025-11-22 00:00:00+00:00,73.67,succeeded,0
CUST-00369,2026-04-21 00:00:00+00:00,26.94,succeeded,2
CUST-00369,2026-03-22 00:00:00+00:00,31.03,succeeded,0
CUST-00369,2026-02-20 00:00:00+00:00,26.7,succeeded,2
CUST-00369,2026-01-21 00:00:00+00:00,23.3,failed,8
CUST-00369,2025-12-22 00:00:00+00:00,26.16,succeeded,0
CUST-00369,2025-11-22 00:00:00+00:00,25.83,succeeded,2
CUST-00370,2026-04-21 00:00:00+00:00,206.16,succeeded,2
CUST-00370,2026-03-22 00:00:00+00:00,205.79,failed,5
CUST-00370,2026-02-20 00:00:00+00:00,195.23,succeeded,0
CUST-00370,2026-01-21 00:00:00+00:00,196.32,succeeded,0
CUST-00370,2025-12-22 00:00:00+00:00,200.89,succeeded,3
CUST-00370,2025-11-22 00:00:00+00:00,203.63,failed,14
CUST-00371,2026-04-21 00:00:00+00:00,87.48,succeeded,2
CUST-00371,2026-03-22 00:00:00+00:00,80.96,succeeded,2
CUST-00371,2026-02-20 00:00:00+00:00,92.12,succeeded,0
CUST-00371,2026-01-21 00:00:00+00:00,76.26,succeeded,3
CUST-00371,2025-12-22 00:00:00+00:00,87.74,failed,7
CUST-00371,2025-11-22 00:00:00+00:00,94.15,succeeded,3
CUST-00372,2026-03-22 00:00:00+00:00,23.92,succeeded,3
CUST-00372,2026-02-20 00:00:00+00:00,18.07,succeeded,2
CUST-00372,2026-01-21 00:00:00+00:00,26.58,succeeded,1
CUST-00372,2025-12-22 00:00:00+00:00,24.59,succeeded,0
CUST-00372,2025-11-22 00:00:00+00:00,15.98,succeeded,1
CUST-00373,2026-03-22 00:00:00+00:00,82.23,succeeded,0
CUST-00373,2026-02-20 00:00:00+00:00,79.55,succeeded,0
CUST-00373,2026-01-21 00:00:00+00:00,67.5,failed,0
CUST-00373,2025-12-22 00:00:00+00:00,78.25,succeeded,1
CUST-00373,2025-11-22 00:00:00+00:00,82.08,failed,4
CUST-00374,2026-04-21 00:00:00+00:00,54.22,succeeded,1
CUST-00374,2026-03-22 00:00:00+00:00,43.33,succeeded,2
CUST-00374,2026-02-20 00:00:00+00:00,47.34,succeeded,0
CUST-00374,2026-01-21 00:00:00+00:00,48.81,succeeded,2
CUST-00374,2025-12-22 00:00:00+00:00,47.12,succeeded,0
CUST-00374,2025-11-22 00:00:00+00:00,41.64,succeeded,3
CUST-00375,2026-03-22 00:00:00+00:00,31.21,succeeded,1
CUST-00375,2026-02-20 00:00:00+00:00,29.58,succeeded,1
CUST-00375,2026-01-21 00:00:00+00:00,24.04,succeeded,0
CUST-00375,2025-12-22 00:00:00+00:00,28.74,succeeded,3
CUST-00375,2025-11-22 00:00:00+00:00,26.98,succeeded,0
CUST-00376,2026-04-21 00:00:00+00:00,73.16,succeeded,0
CUST-00376,2026-03-22 00:00:00+00:00,69.64,failed,8
CUST-00376,2026-02-20 00:00:00+00:00,74.16,failed,1
CUST-00376,2026-01-21 00:00:00+00:00,76.07,succeeded,0
CUST-00376,2025-12-22 00:00:00+00:00,74.21,succeeded,0
CUST-00376,2025-11-22 00:00:00+00:00,78.63,succeeded,2
CUST-00377,2026-03-22 00:00:00+00:00,80.24,succeeded,3
CUST-00377,2026-02-20 00:00:00+00:00,89.66,succeeded,3
CUST-00377,2026-01-21 00:00:00+00:00,212.37,succeeded,3
CUST-00377,2025-12-22 00:00:00+00:00,75.18,succeeded,3
CUST-00377,2025-11-22 00:00:00+00:00,77.86,succeeded,3
CUST-00378,2026-04-21 00:00:00+00:00,77.58,succeeded,3
CUST-00378,2026-03-22 00:00:00+00:00,84.44,succeeded,3
CUST-00378,2026-02-20 00:00:00+00:00,78.85,succeeded,2
CUST-00378,2026-01-21 00:00:00+00:00,84.39,succeeded,2
CUST-00378,2025-12-22 00:00:00+00:00,81.52,succeeded,3
CUST-00378,2025-11-22 00:00:00+00:00,85.07,succeeded,2
CUST-00379,2026-04-21 00:00:00+00:00,73.54,succeeded,2
CUST-00379,2026-03-22 00:00:00+00:00,82.22,succeeded,1
CUST-00379,2026-02-20 00:00:00+00:00,201.36,succeeded,0
CUST-00379,2026-01-21 00:00:00+00:00,85.96,failed,13
CUST-00379,2025-12-22 00:00:00+00:00,75.4,succeeded,2
CUST-00379,2025-11-22 00:00:00+00:00,79.6,succeeded,1
CUST-00380,2026-04-21 00:00:00+00:00,208.99,succeeded,0
CUST-00380,2026-03-22 00:00:00+00:00,202.8,succeeded,0
CUST-00380,2026-02-20 00:00:00+00:00,203.08,succeeded,1
CUST-00380,2026-01-21 00:00:00+00:00,205.96,succeeded,2
CUST-00380,2025-12-22 00:00:00+00:00,209.01,succeeded,2
CUST-00380,2025-11-22 00:00:00+00:00,193.62,succeeded,2
CUST-00381,2026-03-22 00:00:00+00:00,193.86,succeeded,3
CUST-00381,2026-02-20 00:00:00+00:00,181.42,succeeded,2
CUST-00381,2026-01-21 00:00:00+00:00,190.14,succeeded,0
CUST-00381,2025-12-22 00:00:00+00:00,190.74,succeeded,1
CUST-00381,2025-11-22 00:00:00+00:00,188.9,succeeded,0
CUST-00382,2026-04-21 00:00:00+00:00,73.12,succeeded,3
CUST-00382,2026-03-22 00:00:00+00:00,73.77,succeeded,3
CUST-00382,2026-02-20 00:00:00+00:00,66.38,succeeded,1
CUST-00382,2026-01-21 00:00:00+00:00,73.04,succeeded,2
CUST-00382,2025-12-22 00:00:00+00:00,71.78,failed,0
CUST-00382,2025-11-22 00:00:00+00:00,73.76,succeeded,2
CUST-00383,2026-04-21 00:00:00+00:00,28.95,succeeded,1
CUST-00383,2026-03-22 00:00:00+00:00,26.2,failed,14
CUST-00383,2026-02-20 00:00:00+00:00,25.58,succeeded,2
CUST-00383,2026-01-21 00:00:00+00:00,24.31,succeeded,3
CUST-00383,2025-12-22 00:00:00+00:00,30.69,succeeded,3
CUST-00383,2025-11-22 00:00:00+00:00,39.61,succeeded,2
CUST-00384,2026-04-21 00:00:00+00:00,74.7,succeeded,2
CUST-00384,2026-03-22 00:00:00+00:00,76.43,succeeded,0
CUST-00384,2026-02-20 00:00:00+00:00,84.7,failed,11
CUST-00384,2026-01-21 00:00:00+00:00,85.58,succeeded,3
CUST-00384,2025-12-22 00:00:00+00:00,82.7,succeeded,0
CUST-00384,2025-11-22 00:00:00+00:00,76.0,succeeded,0
CUST-00385,2026-04-21 00:00:00+00:00,194.94,succeeded,2
CUST-00385,2026-03-22 00:00:00+00:00,191.61,succeeded,1
CUST-00385,2026-02-20 00:00:00+00:00,196.42,succeeded,1
CUST-00385,2026-01-21 00:00:00+00:00,197.51,succeeded,3
CUST-00385,2025-12-22 00:00:00+00:00,190.49,succeeded,2
CUST-00385,2025-11-22 00:00:00+00:00,195.26,succeeded,0
CUST-00386,2026-03-22 00:00:00+00:00,32.09,succeeded,0
CUST-00386,2026-02-20 00:00:00+00:00,21.52,succeeded,1
CUST-00386,2026-01-21 00:00:00+00:00,39.85,succeeded,0
CUST-00386,2025-12-22 00:00:00+00:00,21.34,failed,2
CUST-00386,2025-11-22 00:00:00+00:00,29.49,succeeded,2
CUST-00387,2026-03-22 00:00:00+00:00,26.37,succeeded,3
CUST-00387,2026-02-20 00:00:00+00:00,34.23,succeeded,3
CUST-00387,2026-01-21 00:00:00+00:00,26.43,succeeded,3
CUST-00387,2025-12-22 00:00:00+00:00,18.92,succeeded,0
CUST-00387,2025-11-22 00:00:00+00:00,32.56,succeeded,1
CUST-00388,2026-04-21 00:00:00+00:00,36.9,failed,9
CUST-00388,2026-03-22 00:00:00+00:00,33.59,succeeded,1
CUST-00388,2026-02-20 00:00:00+00:00,32.69,failed,3
CUST-00388,2026-01-21 00:00:00+00:00,36.09,succeeded,1
CUST-00388,2025-12-22 00:00:00+00:00,43.52,succeeded,1
CUST-00388,2025-11-22 00:00:00+00:00,35.68,succeeded,3
CUST-00389,2026-04-21 00:00:00+00:00,34.28,succeeded,2
CUST-00389,2026-03-22 00:00:00+00:00,24.03,succeeded,3
CUST-00389,2026-02-20 00:00:00+00:00,21.61,succeeded,2
CUST-00389,2026-01-21 00:00:00+00:00,30.45,succeeded,3
CUST-00389,2025-12-22 00:00:00+00:00,31.64,succeeded,1
CUST-00389,2025-11-22 00:00:00+00:00,27.15,succeeded,3
CUST-00390,2026-04-21 00:00:00+00:00,84.49,succeeded,1
CUST-00390,2026-03-22 00:00:00+00:00,75.43,succeeded,1
CUST-00390,2026-02-20 00:00:00+00:00,78.67,succeeded,2
CUST-00390,2026-01-21 00:00:00+00:00,82.53,succeeded,1
CUST-00390,2025-12-22 00:00:00+00:00,77.45,succeeded,2
CUST-00390,2025-11-22 00:00:00+00:00,78.41,succeeded,1
CUST-00391,2026-04-21 00:00:00+00:00,29.86,succeeded,3
CUST-00391,2026-03-22 00:00:00+00:00,25.49,succeeded,0
CUST-00391,2026-02-20 00:00:00+00:00,27.03,succeeded,3
CUST-00391,2026-01-21 00:00:00+00:00,28.66,succeeded,2
CUST-00391,2025-12-22 00:00:00+00:00,24.04,succeeded,2
CUST-00391,2025-11-22 00:00:00+00:00,22.99,succeeded,3
CUST-00392,2026-04-21 00:00:00+00:00,85.09,succeeded,1
CUST-00392,2026-03-22 00:00:00+00:00,86.15,succeeded,1
CUST-00392,2026-02-20 00:00:00+00:00,79.73,succeeded,2
CUST-00392,2026-01-21 00:00:00+00:00,85.69,succeeded,2
CUST-00392,2025-12-22 00:00:00+00:00,82.31,succeeded,0
CUST-00392,2025-11-22 00:00:00+00:00,86.32,succeeded,3
CUST-00393,2026-03-22 00:00:00+00:00,83.07,succeeded,0
CUST-00393,2026-02-20 00:00:00+00:00,82.44,succeeded,1
CUST-00393,2026-01-21 00:00:00+00:00,79.72,succeeded,0
CUST-00393,2025-12-22 00:00:00+00:00,81.25,succeeded,2
CUST-00393,2025-11-22 00:00:00+00:00,77.16,succeeded,0
CUST-00394,2026-03-22 00:00:00+00:00,85.92,succeeded,0
CUST-00394,2026-02-20 00:00:00+00:00,87.97,succeeded,0
CUST-00394,2026-01-21 00:00:00+00:00,94.53,succeeded,1
CUST-00394,2025-12-22 00:00:00+00:00,84.27,succeeded,3
CUST-00394,2025-11-22 00:00:00+00:00,92.42,succeeded,0
CUST-00395,2026-04-21 00:00:00+00:00,33.59,succeeded,1
CUST-00395,2026-03-22 00:00:00+00:00,39.42,succeeded,0
CUST-00395,2026-02-20 00:00:00+00:00,23.55,succeeded,2
CUST-00395,2026-01-21 00:00:00+00:00,29.95,succeeded,1
CUST-00395,2025-12-22 00:00:00+00:00,38.25,succeeded,0
CUST-00395,2025-11-22 00:00:00+00:00,41.1,succeeded,2
CUST-00396,2026-03-22 00:00:00+00:00,27.56,succeeded,1
CUST-00396,2026-02-20 00:00:00+00:00,31.75,succeeded,3
CUST-00396,2026-01-21 00:00:00+00:00,41.92,succeeded,2
CUST-00396,2025-12-22 00:00:00+00:00,41.17,succeeded,2
CUST-00396,2025-11-22 00:00:00+00:00,31.98,succeeded,1
CUST-00397,2026-03-22 00:00:00+00:00,72.75,succeeded,3
CUST-00397,2026-02-20 00:00:00+00:00,80.65,succeeded,1
CUST-00397,2026-01-21 00:00:00+00:00,80.63,succeeded,0
CUST-00397,2025-12-22 00:00:00+00:00,79.53,succeeded,1
CUST-00397,2025-11-22 00:00:00+00:00,79.87,succeeded,1
CUST-00398,2026-03-22 00:00:00+00:00,82.91,succeeded,1
CUST-00398,2026-02-20 00:00:00+00:00,80.31,succeeded,0
CUST-00398,2026-01-21 00:00:00+00:00,85.84,succeeded,2
CUST-00398,2025-12-22 00:00:00+00:00,83.99,succeeded,3
CUST-00398,2025-11-22 00:00:00+00:00,80.1,succeeded,2
CUST-00399,2026-04-21 00:00:00+00:00,36.96,succeeded,2
CUST-00399,2026-03-22 00:00:00+00:00,46.51,succeeded,3
CUST-00399,2026-02-20 00:00:00+00:00,33.69,succeeded,2
CUST-00399,2026-01-21 00:00:00+00:00,45.12,succeeded,0
CUST-00399,2025-12-22 00:00:00+00:00,34.53,succeeded,1
CUST-00399,2025-11-22 00:00:00+00:00,37.76,succeeded,1
CUST-00400,2026-04-21 00:00:00+00:00,195.28,succeeded,1
CUST-00400,2026-03-22 00:00:00+00:00,190.6,succeeded,3
CUST-00400,2026-02-20 00:00:00+00:00,185.36,succeeded,3
CUST-00400,2026-01-21 00:00:00+00:00,199.63,succeeded,0
CUST-00400,2025-12-22 00:00:00+00:00,195.85,succeeded,0
CUST-00400,2025-11-22 00:00:00+00:00,194.95,succeeded,1
CUST-00401,2026-03-22 00:00:00+00:00,20.46,failed,4
CUST-00401,2026-02-20 00:00:00+00:00,29.96,succeeded,3
CUST-00401,2026-01-21 00:00:00+00:00,23.56,succeeded,1
CUST-00401,2025-12-22 00:00:00+00:00,31.93,succeeded,2
CUST-00401,2025-11-22 00:00:00+00:00,35.47,succeeded,1
CUST-00402,2026-04-21 00:00:00+00:00,203.58,succeeded,3
CUST-00402,2026-03-22 00:00:00+00:00,196.54,succeeded,2
CUST-00402,2026-02-20 00:00:00+00:00,195.43,succeeded,2
CUST-00402,2026-01-21 00:00:00+00:00,195.2,succeeded,2
CUST-00402,2025-12-22 00:00:00+00:00,206.28,succeeded,2
CUST-00402,2025-11-22 00:00:00+00:00,200.05,succeeded,3
CUST-00403,2026-04-21 00:00:00+00:00,31.19,succeeded,2
CUST-00403,2026-03-22 00:00:00+00:00,29.64,succeeded,2
CUST-00403,2026-02-20 00:00:00+00:00,30.95,succeeded,2
CUST-00403,2026-01-21 00:00:00+00:00,29.83,succeeded,2
CUST-00403,2025-12-22 00:00:00+00:00,32.65,succeeded,2
CUST-00403,2025-11-22 00:00:00+00:00,22.88,succeeded,0
CUST-00404,2026-04-21 00:00:00+00:00,21.93,succeeded,2
CUST-00404,2026-03-22 00:00:00+00:00,11.96,succeeded,1
CUST-00404,2026-02-20 00:00:00+00:00,23.21,succeeded,3
CUST-00404,2026-01-21 00:00:00+00:00,18.59,succeeded,0
CUST-00404,2025-12-22 00:00:00+00:00,22.58,succeeded,3
CUST-00404,2025-11-22 00:00:00+00:00,16.66,succeeded,3
CUST-00405,2026-03-22 00:00:00+00:00,240.93,failed,0
CUST-00405,2026-02-20 00:00:00+00:00,77.41,succeeded,2
CUST-00405,2026-01-21 00:00:00+00:00,88.7,succeeded,0
CUST-00405,2025-12-22 00:00:00+00:00,82.22,succeeded,1
CUST-00405,2025-11-22 00:00:00+00:00,83.4,succeeded,2
CUST-00406,2026-04-21 00:00:00+00:00,32.06,succeeded,0
CUST-00406,2026-03-22 00:00:00+00:00,25.32,succeeded,2
CUST-00406,2026-02-20 00:00:00+00:00,32.53,succeeded,1
CUST-00406,2026-01-21 00:00:00+00:00,24.46,succeeded,2
CUST-00406,2025-12-22 00:00:00+00:00,29.52,succeeded,2
CUST-00406,2025-11-22 00:00:00+00:00,30.29,succeeded,2
CUST-00407,2026-03-22 00:00:00+00:00,17.52,succeeded,2
CUST-00407,2026-02-20 00:00:00+00:00,17.1,succeeded,3
CUST-00407,2026-01-21 00:00:00+00:00,17.57,failed,3
CUST-00407,2025-12-22 00:00:00+00:00,12.03,succeeded,3
CUST-00407,2025-11-22 00:00:00+00:00,12.26,failed,3
CUST-00408,2026-04-21 00:00:00+00:00,28.23,succeeded,1
CUST-00408,2026-03-22 00:00:00+00:00,30.06,succeeded,1
CUST-00408,2026-02-20 00:00:00+00:00,32.9,succeeded,2
CUST-00408,2026-01-21 00:00:00+00:00,27.43,succeeded,2
CUST-00408,2025-12-22 00:00:00+00:00,28.25,succeeded,1
CUST-00408,2025-11-22 00:00:00+00:00,28.0,succeeded,1
CUST-00409,2026-03-22 00:00:00+00:00,32.08,succeeded,3
CUST-00409,2026-02-20 00:00:00+00:00,35.56,succeeded,1
CUST-00409,2026-01-21 00:00:00+00:00,26.31,succeeded,0
CUST-00409,2025-12-22 00:00:00+00:00,24.09,succeeded,2
CUST-00409,2025-11-22 00:00:00+00:00,29.44,succeeded,3
CUST-00410,2026-03-22 00:00:00+00:00,77.88,succeeded,0
CUST-00410,2026-02-20 00:00:00+00:00,83.44,succeeded,1
CUST-00410,2026-01-21 00:00:00+00:00,71.68,succeeded,3
CUST-00410,2025-12-22 00:00:00+00:00,74.51,succeeded,1
CUST-00410,2025-11-22 00:00:00+00:00,76.98,succeeded,2
CUST-00411,2026-04-21 00:00:00+00:00,37.67,succeeded,2
CUST-00411,2026-03-22 00:00:00+00:00,38.6,succeeded,0
CUST-00411,2026-02-20 00:00:00+00:00,44.28,succeeded,2
CUST-00411,2026-01-21 00:00:00+00:00,45.68,succeeded,0
CUST-00411,2025-12-22 00:00:00+00:00,44.43,succeeded,0
CUST-00411,2025-11-22 00:00:00+00:00,34.07,succeeded,0
CUST-00412,2026-04-21 00:00:00+00:00,59.03,succeeded,2
CUST-00412,2026-03-22 00:00:00+00:00,75.18,succeeded,0
CUST-00412,2026-02-20 00:00:00+00:00,65.05,succeeded,1
CUST-00412,2026-01-21 00:00:00+00:00,80.58,succeeded,3
CUST-00412,2025-12-22 00:00:00+00:00,76.36,succeeded,3
CUST-00412,2025-11-22 00:00:00+00:00,65.51,succeeded,2
CUST-00413,2026-03-22 00:00:00+00:00,73.57,succeeded,0
CUST-00413,2026-02-20 00:00:00+00:00,80.98,succeeded,3
CUST-00413,2026-01-21 00:00:00+00:00,68.44,succeeded,1
CUST-00413,2025-12-22 00:00:00+00:00,70.48,succeeded,0
CUST-00413,2025-11-22 00:00:00+00:00,67.16,succeeded,3
CUST-00414,2026-03-22 00:00:00+00:00,10.0,succeeded,3
CUST-00414,2026-02-20 00:00:00+00:00,10.0,succeeded,1
CUST-00414,2026-01-21 00:00:00+00:00,11.26,succeeded,3
CUST-00414,2025-12-22 00:00:00+00:00,14.84,failed,3
CUST-00414,2025-11-22 00:00:00+00:00,22.39,succeeded,1
CUST-00415,2026-03-22 00:00:00+00:00,28.27,succeeded,3
CUST-00415,2026-02-20 00:00:00+00:00,23.69,succeeded,2
CUST-00415,2026-01-21 00:00:00+00:00,21.33,succeeded,2
CUST-00415,2025-12-22 00:00:00+00:00,17.57,succeeded,0
CUST-00415,2025-11-22 00:00:00+00:00,16.46,succeeded,0
CUST-00416,2026-04-21 00:00:00+00:00,195.68,succeeded,3
CUST-00416,2026-03-22 00:00:00+00:00,200.62,succeeded,3
CUST-00416,2026-02-20 00:00:00+00:00,203.56,succeeded,1
CUST-00416,2026-01-21 00:00:00+00:00,203.12,succeeded,2
CUST-00416,2025-12-22 00:00:00+00:00,196.17,succeeded,3
CUST-00416,2025-11-22 00:00:00+00:00,199.69,succeeded,1
CUST-00417,2026-03-22 00:00:00+00:00,74.95,succeeded,1
CUST-00417,2026-02-20 00:00:00+00:00,65.03,succeeded,3
CUST-00417,2026-01-21 00:00:00+00:00,74.53,succeeded,0
CUST-00417,2025-12-22 00:00:00+00:00,70.57,succeeded,1
CUST-00417,2025-11-22 00:00:00+00:00,82.64,succeeded,3
CUST-00418,2026-03-22 00:00:00+00:00,79.68,succeeded,0
CUST-00418,2026-02-20 00:00:00+00:00,87.68,succeeded,2
CUST-00418,2026-01-21 00:00:00+00:00,82.62,succeeded,0
CUST-00418,2025-12-22 00:00:00+00:00,93.17,succeeded,2
CUST-00418,2025-11-22 00:00:00+00:00,84.13,succeeded,3
CUST-00419,2026-03-22 00:00:00+00:00,82.25,succeeded,1
CUST-00419,2026-02-20 00:00:00+00:00,81.62,succeeded,2
CUST-00419,2026-01-21 00:00:00+00:00,91.35,succeeded,2
CUST-00419,2025-12-22 00:00:00+00:00,91.46,succeeded,2
CUST-00419,2025-11-22 00:00:00+00:00,91.66,succeeded,1
CUST-00420,2026-04-21 00:00:00+00:00,26.65,succeeded,2
CUST-00420,2026-03-22 00:00:00+00:00,25.67,succeeded,0
CUST-00420,2026-02-20 00:00:00+00:00,25.2,succeeded,1
CUST-00420,2026-01-21 00:00:00+00:00,33.33,succeeded,3
CUST-00420,2025-12-22 00:00:00+00:00,33.7,succeeded,0
CUST-00420,2025-11-22 00:00:00+00:00,31.71,succeeded,1
CUST-00421,2026-04-21 00:00:00+00:00,25.58,succeeded,3
CUST-00421,2026-03-22 00:00:00+00:00,30.92,succeeded,1
CUST-00421,2026-02-20 00:00:00+00:00,20.2,succeeded,0
CUST-00421,2026-01-21 00:00:00+00:00,31.36,succeeded,2
CUST-00421,2025-12-22 00:00:00+00:00,33.24,succeeded,2
CUST-00421,2025-11-22 00:00:00+00:00,18.98,succeeded,2
CUST-00422,2026-03-22 00:00:00+00:00,87.59,succeeded,1
CUST-00422,2026-02-20 00:00:00+00:00,86.86,succeeded,1
CUST-00422,2026-01-21 00:00:00+00:00,96.42,succeeded,2
CUST-00422,2025-12-22 00:00:00+00:00,81.03,succeeded,3
CUST-00422,2025-11-22 00:00:00+00:00,83.34,succeeded,2
CUST-00423,2026-03-22 00:00:00+00:00,21.21,succeeded,1
CUST-00423,2026-02-20 00:00:00+00:00,31.61,succeeded,1
CUST-00423,2026-01-21 00:00:00+00:00,24.09,succeeded,2
CUST-00423,2025-12-22 00:00:00+00:00,30.57,failed,3
CUST-00423,2025-11-22 00:00:00+00:00,37.09,succeeded,0
CUST-00424,2026-03-22 00:00:00+00:00,75.68,succeeded,3
CUST-00424,2026-02-20 00:00:00+00:00,74.82,succeeded,0
CUST-00424,2026-01-21 00:00:00+00:00,70.58,failed,2
CUST-00424,2025-12-22 00:00:00+00:00,74.9,succeeded,2
CUST-00424,2025-11-22 00:00:00+00:00,72.45,succeeded,1
CUST-00425,2026-03-22 00:00:00+00:00,52.68,succeeded,0
CUST-00425,2026-02-20 00:00:00+00:00,72.22,succeeded,2
CUST-00425,2026-01-21 00:00:00+00:00,62.98,succeeded,0
CUST-00425,2025-12-22 00:00:00+00:00,62.44,succeeded,2
CUST-00425,2025-11-22 00:00:00+00:00,71.81,succeeded,1
CUST-00426,2026-03-22 00:00:00+00:00,73.57,succeeded,1
CUST-00426,2026-02-20 00:00:00+00:00,74.38,succeeded,0
CUST-00426,2026-01-21 00:00:00+00:00,80.68,succeeded,2
CUST-00426,2025-12-22 00:00:00+00:00,76.51,succeeded,3
CUST-00426,2025-11-22 00:00:00+00:00,67.57,succeeded,3
CUST-00427,2026-04-21 00:00:00+00:00,33.0,succeeded,1
CUST-00427,2026-03-22 00:00:00+00:00,33.28,failed,8
CUST-00427,2026-02-20 00:00:00+00:00,36.71,succeeded,2
CUST-00427,2026-01-21 00:00:00+00:00,35.34,succeeded,2
CUST-00427,2025-12-22 00:00:00+00:00,31.3,succeeded,3
CUST-00427,2025-11-22 00:00:00+00:00,35.56,succeeded,2
CUST-00428,2026-03-22 00:00:00+00:00,53.81,succeeded,3
CUST-00428,2026-02-20 00:00:00+00:00,41.81,succeeded,1
CUST-00428,2026-01-21 00:00:00+00:00,44.88,succeeded,3
CUST-00428,2025-12-22 00:00:00+00:00,49.24,succeeded,3
CUST-00428,2025-11-22 00:00:00+00:00,57.34,succeeded,2
CUST-00429,2026-03-22 00:00:00+00:00,33.77,succeeded,0
CUST-00429,2026-02-20 00:00:00+00:00,29.03,succeeded,2
CUST-00429,2026-01-21 00:00:00+00:00,25.31,succeeded,3
CUST-00429,2025-12-22 00:00:00+00:00,32.67,succeeded,3
CUST-00429,2025-11-22 00:00:00+00:00,32.6,succeeded,3
CUST-00430,2026-03-22 00:00:00+00:00,19.66,succeeded,0
CUST-00430,2026-02-20 00:00:00+00:00,28.92,succeeded,1
CUST-00430,2026-01-21 00:00:00+00:00,28.15,succeeded,3
CUST-00430,2025-12-22 00:00:00+00:00,10.0,failed,9
CUST-00430,2025-11-22 00:00:00+00:00,23.14,succeeded,3
CUST-00431,2026-04-21 00:00:00+00:00,64.69,succeeded,3
CUST-00431,2026-03-22 00:00:00+00:00,71.04,failed,4
CUST-00431,2026-02-20 00:00:00+00:00,69.57,succeeded,2
CUST-00431,2026-01-21 00:00:00+00:00,68.06,succeeded,0
CUST-00431,2025-12-22 00:00:00+00:00,76.54,succeeded,1
CUST-00431,2025-11-22 00:00:00+00:00,68.26,succeeded,3
CUST-00432,2026-04-21 00:00:00+00:00,30.68,succeeded,1
CUST-00432,2026-03-22 00:00:00+00:00,38.12,succeeded,1
CUST-00432,2026-02-20 00:00:00+00:00,33.98,succeeded,3
CUST-00432,2026-01-21 00:00:00+00:00,38.24,succeeded,1
CUST-00432,2025-12-22 00:00:00+00:00,30.36,succeeded,0
CUST-00432,2025-11-22 00:00:00+00:00,30.97,succeeded,0
CUST-00433,2026-04-21 00:00:00+00:00,14.67,succeeded,0
CUST-00433,2026-03-22 00:00:00+00:00,15.18,succeeded,3
CUST-00433,2026-02-20 00:00:00+00:00,15.73,succeeded,0
CUST-00433,2026-01-21 00:00:00+00:00,10.67,failed,0
CUST-00433,2025-12-22 00:00:00+00:00,20.51,succeeded,0
CUST-00433,2025-11-22 00:00:00+00:00,10.45,succeeded,2
CUST-00434,2026-03-22 00:00:00+00:00,33.89,succeeded,1
CUST-00434,2026-02-20 00:00:00+00:00,39.68,succeeded,3
CUST-00434,2026-01-21 00:00:00+00:00,38.61,succeeded,3
CUST-00434,2025-12-22 00:00:00+00:00,35.1,succeeded,2
CUST-00434,2025-11-22 00:00:00+00:00,30.85,succeeded,1
CUST-00435,2026-03-22 00:00:00+00:00,32.5,succeeded,2
CUST-00435,2026-02-20 00:00:00+00:00,32.97,failed,2
CUST-00435,2026-01-21 00:00:00+00:00,39.54,failed,3
CUST-00435,2025-12-22 00:00:00+00:00,32.08,succeeded,0
CUST-00435,2025-11-22 00:00:00+00:00,37.58,succeeded,1
CUST-00436,2026-03-22 00:00:00+00:00,82.14,succeeded,3
CUST-00436,2026-02-20 00:00:00+00:00,79.36,succeeded,2
CUST-00436,2026-01-21 00:00:00+00:00,82.38,succeeded,3
CUST-00436,2025-12-22 00:00:00+00:00,67.87,succeeded,1
CUST-00436,2025-11-22 00:00:00+00:00,90.31,succeeded,3
CUST-00437,2026-04-21 00:00:00+00:00,14.77,succeeded,1
CUST-00437,2026-03-22 00:00:00+00:00,24.83,succeeded,0
CUST-00437,2026-02-20 00:00:00+00:00,34.59,succeeded,2
CUST-00437,2026-01-21 00:00:00+00:00,33.52,succeeded,2
CUST-00437,2025-12-22 00:00:00+00:00,29.64,succeeded,2
CUST-00437,2025-11-22 00:00:00+00:00,21.69,succeeded,0
CUST-00438,2026-04-21 00:00:00+00:00,205.54,succeeded,3
CUST-00438,2026-03-22 00:00:00+00:00,208.62,succeeded,3
CUST-00438,2026-02-20 00:00:00+00:00,204.82,succeeded,3
CUST-00438,2026-01-21 00:00:00+00:00,212.93,failed,14
CUST-00438,2025-12-22 00:00:00+00:00,195.22,succeeded,2
CUST-00438,2025-11-22 00:00:00+00:00,207.93,succeeded,3
CUST-00439,2026-03-22 00:00:00+00:00,36.09,failed,10
CUST-00439,2026-02-20 00:00:00+00:00,29.93,succeeded,2
CUST-00439,2026-01-21 00:00:00+00:00,26.77,succeeded,0
CUST-00439,2025-12-22 00:00:00+00:00,43.04,succeeded,2
CUST-00439,2025-11-22 00:00:00+00:00,28.21,succeeded,3
CUST-00440,2026-04-21 00:00:00+00:00,71.32,succeeded,2
CUST-00440,2026-03-22 00:00:00+00:00,70.67,succeeded,0
CUST-00440,2026-02-20 00:00:00+00:00,78.44,succeeded,2
CUST-00440,2026-01-21 00:00:00+00:00,79.0,succeeded,2
CUST-00440,2025-12-22 00:00:00+00:00,73.04,succeeded,1
CUST-00440,2025-11-22 00:00:00+00:00,213.99,succeeded,2
CUST-00441,2026-03-22 00:00:00+00:00,31.54,succeeded,2
CUST-00441,2026-02-20 00:00:00+00:00,38.19,succeeded,0
CUST-00441,2026-01-21 00:00:00+00:00,45.97,succeeded,3
CUST-00441,2025-12-22 00:00:00+00:00,47.16,succeeded,3
CUST-00441,2025-11-22 00:00:00+00:00,39.82,succeeded,0
CUST-00442,2026-04-21 00:00:00+00:00,23.7,succeeded,2
CUST-00442,2026-03-22 00:00:00+00:00,27.69,succeeded,3
CUST-00442,2026-02-20 00:00:00+00:00,28.21,succeeded,1
CUST-00442,2026-01-21 00:00:00+00:00,24.39,succeeded,1
CUST-00442,2025-12-22 00:00:00+00:00,23.67,succeeded,1
CUST-00442,2025-11-22 00:00:00+00:00,34.36,succeeded,2
CUST-00443,2026-03-22 00:00:00+00:00,209.46,succeeded,3
CUST-00443,2026-02-20 00:00:00+00:00,194.26,succeeded,1
CUST-00443,2026-01-21 00:00:00+00:00,207.68,succeeded,0
CUST-00443,2025-12-22 00:00:00+00:00,201.34,succeeded,1
CUST-00443,2025-11-22 00:00:00+00:00,207.47,succeeded,3
CUST-00444,2026-04-21 00:00:00+00:00,182.51,succeeded,1
CUST-00444,2026-03-22 00:00:00+00:00,178.41,succeeded,0
CUST-00444,2026-02-20 00:00:00+00:00,175.15,succeeded,2
CUST-00444,2026-01-21 00:00:00+00:00,175.05,succeeded,1
CUST-00444,2025-12-22 00:00:00+00:00,172.39,succeeded,1
CUST-00444,2025-11-22 00:00:00+00:00,175.68,succeeded,2
CUST-00445,2026-03-22 00:00:00+00:00,206.55,succeeded,3
CUST-00445,2026-02-20 00:00:00+00:00,208.92,succeeded,1
CUST-00445,2026-01-21 00:00:00+00:00,203.78,succeeded,1
CUST-00445,2025-12-22 00:00:00+00:00,207.01,succeeded,2
CUST-00445,2025-11-22 00:00:00+00:00,207.78,succeeded,2
CUST-00446,2026-04-21 00:00:00+00:00,46.26,succeeded,2
CUST-00446,2026-03-22 00:00:00+00:00,39.55,succeeded,2
CUST-00446,2026-02-20 00:00:00+00:00,42.31,succeeded,2
CUST-00446,2026-01-21 00:00:00+00:00,39.89,succeeded,1
CUST-00446,2025-12-22 00:00:00+00:00,43.69,succeeded,1
CUST-00446,2025-11-22 00:00:00+00:00,41.46,succeeded,0
CUST-00447,2026-04-21 00:00:00+00:00,35.54,succeeded,1
CUST-00447,2026-03-22 00:00:00+00:00,21.53,succeeded,0
CUST-00447,2026-02-20 00:00:00+00:00,30.38,succeeded,3
CUST-00447,2026-01-21 00:00:00+00:00,28.28,succeeded,3
CUST-00447,2025-12-22 00:00:00+00:00,35.4,succeeded,3
CUST-00447,2025-11-22 00:00:00+00:00,30.85,failed,6
CUST-00448,2026-04-21 00:00:00+00:00,81.0,succeeded,2
CUST-00448,2026-03-22 00:00:00+00:00,87.78,succeeded,0
CUST-00448,2026-02-20 00:00:00+00:00,67.96,succeeded,1
CUST-00448,2026-01-21 00:00:00+00:00,82.37,succeeded,2
CUST-00448,2025-12-22 00:00:00+00:00,88.17,succeeded,1
CUST-00448,2025-11-22 00:00:00+00:00,83.78,succeeded,1
CUST-00449,2026-03-22 00:00:00+00:00,120.33,succeeded,1
CUST-00449,2026-02-20 00:00:00+00:00,35.73,succeeded,2
CUST-00449,2026-01-21 00:00:00+00:00,33.13,succeeded,1
CUST-00449,2025-12-22 00:00:00+00:00,33.22,succeeded,3
CUST-00449,2025-11-22 00:00:00+00:00,29.59,succeeded,2
CUST-00450,2026-03-22 00:00:00+00:00,83.97,succeeded,3
CUST-00450,2026-02-20 00:00:00+00:00,73.18,failed,10
CUST-00450,2026-01-21 00:00:00+00:00,65.89,succeeded,3
CUST-00450,2025-12-22 00:00:00+00:00,71.82,succeeded,2
CUST-00450,2025-11-22 00:00:00+00:00,73.13,succeeded,3
CUST-00451,2026-04-21 00:00:00+00:00,85.68,succeeded,0
CUST-00451,2026-03-22 00:00:00+00:00,89.91,succeeded,0
CUST-00451,2026-02-20 00:00:00+00:00,245.43,succeeded,2
CUST-00451,2026-01-21 00:00:00+00:00,87.93,failed,7
CUST-00451,2025-12-22 00:00:00+00:00,82.54,succeeded,1
CUST-00451,2025-11-22 00:00:00+00:00,83.35,succeeded,2
CUST-00452,2026-03-22 00:00:00+00:00,71.57,succeeded,3
CUST-00452,2026-02-20 00:00:00+00:00,66.58,failed,5
CUST-00452,2026-01-21 00:00:00+00:00,74.92,failed,4
CUST-00452,2025-12-22 00:00:00+00:00,75.17,succeeded,3
CUST-00452,2025-11-22 00:00:00+00:00,71.95,succeeded,2
CUST-00453,2026-04-21 00:00:00+00:00,72.47,succeeded,1
CUST-00453,2026-03-22 00:00:00+00:00,67.83,succeeded,0
CUST-00453,2026-02-20 00:00:00+00:00,79.73,succeeded,1
CUST-00453,2026-01-21 00:00:00+00:00,75.6,succeeded,3
CUST-00453,2025-12-22 00:00:00+00:00,71.47,succeeded,3
CUST-00453,2025-11-22 00:00:00+00:00,73.3,succeeded,1
CUST-00454,2026-04-21 00:00:00+00:00,78.88,succeeded,3
CUST-00454,2026-03-22 00:00:00+00:00,89.67,succeeded,3
CUST-00454,2026-02-20 00:00:00+00:00,92.85,succeeded,3
CUST-00454,2026-01-21 00:00:00+00:00,89.17,succeeded,1
CUST-00454,2025-12-22 00:00:00+00:00,85.86,succeeded,0
CUST-00454,2025-11-22 00:00:00+00:00,81.31,succeeded,1
CUST-00455,2026-04-21 00:00:00+00:00,41.0,succeeded,3
CUST-00455,2026-03-22 00:00:00+00:00,29.99,succeeded,3
CUST-00455,2026-02-20 00:00:00+00:00,41.33,succeeded,0
CUST-00455,2026-01-21 00:00:00+00:00,40.47,succeeded,3
CUST-00455,2025-12-22 00:00:00+00:00,29.03,succeeded,3
CUST-00455,2025-11-22 00:00:00+00:00,44.04,succeeded,0
CUST-00456,2026-04-21 00:00:00+00:00,23.2,succeeded,0
CUST-00456,2026-03-22 00:00:00+00:00,24.08,succeeded,3
CUST-00456,2026-02-20 00:00:00+00:00,21.59,succeeded,2
CUST-00456,2026-01-21 00:00:00+00:00,22.28,succeeded,0
CUST-00456,2025-12-22 00:00:00+00:00,26.35,failed,2
CUST-00456,2025-11-22 00:00:00+00:00,25.96,succeeded,0
CUST-00457,2026-04-21 00:00:00+00:00,74.58,succeeded,3
CUST-00457,2026-03-22 00:00:00+00:00,68.08,succeeded,3
CUST-00457,2026-02-20 00:00:00+00:00,68.55,succeeded,0
CUST-00457,2026-01-21 00:00:00+00:00,80.24,succeeded,3
CUST-00457,2025-12-22 00:00:00+00:00,213.06,succeeded,0
CUST-00457,2025-11-22 00:00:00+00:00,74.78,succeeded,1
CUST-00458,2026-04-21 00:00:00+00:00,21.72,succeeded,2
CUST-00458,2026-03-22 00:00:00+00:00,19.57,failed,14
CUST-00458,2026-02-20 00:00:00+00:00,22.26,succeeded,1
CUST-00458,2026-01-21 00:00:00+00:00,13.92,succeeded,0
CUST-00458,2025-12-22 00:00:00+00:00,25.01,succeeded,0
CUST-00458,2025-11-22 00:00:00+00:00,20.0,succeeded,2
CUST-00459,2026-04-21 00:00:00+00:00,40.72,succeeded,3
CUST-00459,2026-03-22 00:00:00+00:00,34.54,succeeded,0
CUST-00459,2026-02-20 00:00:00+00:00,39.36,succeeded,1
CUST-00459,2026-01-21 00:00:00+00:00,34.44,failed,12
CUST-00459,2025-12-22 00:00:00+00:00,31.46,succeeded,3
CUST-00459,2025-11-22 00:00:00+00:00,38.76,succeeded,0
CUST-00460,2026-04-21 00:00:00+00:00,21.99,succeeded,3
CUST-00460,2026-03-22 00:00:00+00:00,16.61,failed,13
CUST-00460,2026-02-20 00:00:00+00:00,25.87,succeeded,0
CUST-00460,2026-01-21 00:00:00+00:00,30.08,succeeded,3
CUST-00460,2025-12-22 00:00:00+00:00,14.42,succeeded,0
CUST-00460,2025-11-22 00:00:00+00:00,14.26,succeeded,2
CUST-00461,2026-03-22 00:00:00+00:00,83.93,succeeded,3
CUST-00461,2026-02-20 00:00:00+00:00,80.55,succeeded,0
CUST-00461,2026-01-21 00:00:00+00:00,84.61,succeeded,0
CUST-00461,2025-12-22 00:00:00+00:00,90.27,succeeded,3
CUST-00461,2025-11-22 00:00:00+00:00,80.88,succeeded,1
CUST-00462,2026-03-22 00:00:00+00:00,81.7,succeeded,3
CUST-00462,2026-02-20 00:00:00+00:00,90.48,succeeded,2
CUST-00462,2026-01-21 00:00:00+00:00,87.73,succeeded,3
CUST-00462,2025-12-22 00:00:00+00:00,78.75,succeeded,0
CUST-00462,2025-11-22 00:00:00+00:00,84.58,succeeded,3
CUST-00463,2026-04-21 00:00:00+00:00,83.15,succeeded,0
CUST-00463,2026-03-22 00:00:00+00:00,69.86,succeeded,0
CUST-00463,2026-02-20 00:00:00+00:00,70.51,succeeded,3
CUST-00463,2026-01-21 00:00:00+00:00,87.52,succeeded,3
CUST-00463,2025-12-22 00:00:00+00:00,78.24,succeeded,2
CUST-00463,2025-11-22 00:00:00+00:00,81.91,succeeded,2
CUST-00464,2026-03-22 00:00:00+00:00,45.03,failed,9
CUST-00464,2026-02-20 00:00:00+00:00,35.96,succeeded,1
CUST-00464,2026-01-21 00:00:00+00:00,34.78,succeeded,0
CUST-00464,2025-12-22 00:00:00+00:00,33.59,succeeded,3
CUST-00464,2025-11-22 00:00:00+00:00,29.04,succeeded,0
CUST-00465,2026-03-22 00:00:00+00:00,30.91,failed,2
CUST-00465,2026-02-20 00:00:00+00:00,29.26,succeeded,3
CUST-00465,2026-01-21 00:00:00+00:00,23.74,failed,1
CUST-00465,2025-12-22 00:00:00+00:00,24.53,succeeded,0
CUST-00465,2025-11-22 00:00:00+00:00,29.48,succeeded,1
CUST-00466,2026-03-22 00:00:00+00:00,79.38,succeeded,3
CUST-00466,2026-02-20 00:00:00+00:00,74.5,failed,1
CUST-00466,2026-01-21 00:00:00+00:00,82.34,succeeded,0
CUST-00466,2025-12-22 00:00:00+00:00,69.61,succeeded,2
CUST-00466,2025-11-22 00:00:00+00:00,71.62,succeeded,0
CUST-00467,2026-04-21 00:00:00+00:00,22.16,succeeded,2
CUST-00467,2026-03-22 00:00:00+00:00,21.71,succeeded,3
CUST-00467,2026-02-20 00:00:00+00:00,17.83,succeeded,1
CUST-00467,2026-01-21 00:00:00+00:00,26.75,succeeded,2
CUST-00467,2025-12-22 00:00:00+00:00,28.14,succeeded,2
CUST-00467,2025-11-22 00:00:00+00:00,24.86,succeeded,0
CUST-00468,2026-03-22 00:00:00+00:00,88.97,succeeded,1
CUST-00468,2026-02-20 00:00:00+00:00,83.36,succeeded,2
CUST-00468,2026-01-21 00:00:00+00:00,80.76,succeeded,2
CUST-00468,2025-12-22 00:00:00+00:00,94.3,succeeded,0
CUST-00468,2025-11-22 00:00:00+00:00,87.65,succeeded,1
CUST-00469,2026-03-22 00:00:00+00:00,62.71,succeeded,2
CUST-00469,2026-02-20 00:00:00+00:00,66.4,failed,11
CUST-00469,2026-01-21 00:00:00+00:00,73.83,succeeded,2
CUST-00469,2025-12-22 00:00:00+00:00,67.52,succeeded,1
CUST-00469,2025-11-22 00:00:00+00:00,67.25,failed,2
CUST-00470,2026-03-22 00:00:00+00:00,38.13,succeeded,2
CUST-00470,2026-02-20 00:00:00+00:00,36.3,succeeded,0
CUST-00470,2026-01-21 00:00:00+00:00,40.26,failed,14
CUST-00470,2025-12-22 00:00:00+00:00,46.2,succeeded,0
CUST-00470,2025-11-22 00:00:00+00:00,38.33,failed,4
CUST-00471,2026-04-21 00:00:00+00:00,35.59,succeeded,1
CUST-00471,2026-03-22 00:00:00+00:00,30.07,succeeded,0
CUST-00471,2026-02-20 00:00:00+00:00,28.47,succeeded,2
CUST-00471,2026-01-21 00:00:00+00:00,34.39,succeeded,3
CUST-00471,2025-12-22 00:00:00+00:00,23.19,failed,5
CUST-00471,2025-11-22 00:00:00+00:00,26.66,failed,11
CUST-00472,2026-04-21 00:00:00+00:00,22.35,succeeded,2
CUST-00472,2026-03-22 00:00:00+00:00,15.2,succeeded,2
CUST-00472,2026-02-20 00:00:00+00:00,15.03,succeeded,2
CUST-00472,2026-01-21 00:00:00+00:00,20.64,succeeded,1
CUST-00472,2025-12-22 00:00:00+00:00,13.91,succeeded,2
CUST-00472,2025-11-22 00:00:00+00:00,14.11,succeeded,1
CUST-00473,2026-03-22 00:00:00+00:00,195.41,succeeded,3
CUST-00473,2026-02-20 00:00:00+00:00,188.31,succeeded,3
CUST-00473,2026-01-21 00:00:00+00:00,186.96,succeeded,3
CUST-00473,2025-12-22 00:00:00+00:00,199.58,succeeded,0
CUST-00473,2025-11-22 00:00:00+00:00,199.72,succeeded,2
CUST-00474,2026-04-21 00:00:00+00:00,88.89,succeeded,0
CUST-00474,2026-03-22 00:00:00+00:00,89.75,succeeded,3
CUST-00474,2026-02-20 00:00:00+00:00,80.94,succeeded,2
CUST-00474,2026-01-21 00:00:00+00:00,91.49,succeeded,1
CUST-00474,2025-12-22 00:00:00+00:00,93.29,succeeded,3
CUST-00474,2025-11-22 00:00:00+00:00,93.02,succeeded,2
CUST-00475,2026-04-21 00:00:00+00:00,26.68,succeeded,1
CUST-00475,2026-03-22 00:00:00+00:00,36.37,succeeded,1
CUST-00475,2026-02-20 00:00:00+00:00,32.28,succeeded,1
CUST-00475,2026-01-21 00:00:00+00:00,29.19,succeeded,1
CUST-00475,2025-12-22 00:00:00+00:00,46.27,failed,1
CUST-00475,2025-11-22 00:00:00+00:00,28.06,succeeded,2
CUST-00476,2026-04-21 00:00:00+00:00,187.65,succeeded,1
CUST-00476,2026-03-22 00:00:00+00:00,191.8,succeeded,0
CUST-00476,2026-02-20 00:00:00+00:00,193.77,succeeded,0
CUST-00476,2026-01-21 00:00:00+00:00,190.38,succeeded,3
CUST-00476,2025-12-22 00:00:00+00:00,189.44,succeeded,0
CUST-00476,2025-11-22 00:00:00+00:00,198.22,succeeded,0
CUST-00477,2026-04-21 00:00:00+00:00,29.84,succeeded,2
CUST-00477,2026-03-22 00:00:00+00:00,31.14,succeeded,1
CUST-00477,2026-02-20 00:00:00+00:00,30.02,succeeded,3
CUST-00477,2026-01-21 00:00:00+00:00,29.9,succeeded,3
CUST-00477,2025-12-22 00:00:00+00:00,35.95,succeeded,3
CUST-00477,2025-11-22 00:00:00+00:00,37.78,succeeded,3
CUST-00478,2026-04-21 00:00:00+00:00,36.5,succeeded,2
CUST-00478,2026-03-22 00:00:00+00:00,19.9,succeeded,3
CUST-00478,2026-02-20 00:00:00+00:00,26.94,succeeded,1
CUST-00478,2026-01-21 00:00:00+00:00,31.74,succeeded,1
CUST-00478,2025-12-22 00:00:00+00:00,27.24,failed,4
CUST-00478,2025-11-22 00:00:00+00:00,25.45,succeeded,1
CUST-00479,2026-03-22 00:00:00+00:00,226.57,succeeded,1
CUST-00479,2026-02-20 00:00:00+00:00,223.83,succeeded,0
CUST-00479,2026-01-21 00:00:00+00:00,221.41,succeeded,3
CUST-00479,2025-12-22 00:00:00+00:00,230.55,succeeded,0
CUST-00479,2025-11-22 00:00:00+00:00,230.67,succeeded,0
CUST-00480,2026-03-22 00:00:00+00:00,29.64,succeeded,1
CUST-00480,2026-02-20 00:00:00+00:00,31.01,failed,1
CUST-00480,2026-01-21 00:00:00+00:00,37.14,succeeded,0
CUST-00480,2025-12-22 00:00:00+00:00,21.34,succeeded,3
CUST-00480,2025-11-22 00:00:00+00:00,26.73,succeeded,0
CUST-00481,2026-03-22 00:00:00+00:00,26.38,failed,7
CUST-00481,2026-02-20 00:00:00+00:00,24.45,succeeded,2
CUST-00481,2026-01-21 00:00:00+00:00,28.06,failed,3
CUST-00481,2025-12-22 00:00:00+00:00,15.24,succeeded,1
CUST-00481,2025-11-22 00:00:00+00:00,19.18,succeeded,1
CUST-00482,2026-04-21 00:00:00+00:00,92.86,succeeded,1
CUST-00482,2026-03-22 00:00:00+00:00,94.85,succeeded,2
CUST-00482,2026-02-20 00:00:00+00:00,93.46,succeeded,0
CUST-00482,2026-01-21 00:00:00+00:00,97.37,succeeded,3
CUST-00482,2025-12-22 00:00:00+00:00,87.59,succeeded,2
CUST-00482,2025-11-22 00:00:00+00:00,87.04,succeeded,3
CUST-00483,2026-04-21 00:00:00+00:00,14.65,succeeded,0
CUST-00483,2026-03-22 00:00:00+00:00,10.0,succeeded,0
CUST-00483,2026-02-20 00:00:00+00:00,18.04,succeeded,2
CUST-00483,2026-01-21 00:00:00+00:00,20.77,succeeded,0
CUST-00483,2025-12-22 00:00:00+00:00,20.74,succeeded,2
CUST-00483,2025-11-22 00:00:00+00:00,13.43,succeeded,2
CUST-00484,2026-04-21 00:00:00+00:00,81.87,succeeded,0
CUST-00484,2026-03-22 00:00:00+00:00,79.2,succeeded,1
CUST-00484,2026-02-20 00:00:00+00:00,91.04,succeeded,1
CUST-00484,2026-01-21 00:00:00+00:00,72.64,succeeded,1
CUST-00484,2025-12-22 00:00:00+00:00,73.01,succeeded,3
CUST-00484,2025-11-22 00:00:00+00:00,85.43,succeeded,2
CUST-00485,2026-04-21 00:00:00+00:00,44.1,succeeded,3
CUST-00485,2026-03-22 00:00:00+00:00,44.13,succeeded,1
CUST-00485,2026-02-20 00:00:00+00:00,44.57,succeeded,0
CUST-00485,2026-01-21 00:00:00+00:00,39.31,succeeded,3
CUST-00485,2025-12-22 00:00:00+00:00,43.37,succeeded,1
CUST-00485,2025-11-22 00:00:00+00:00,50.04,succeeded,0
CUST-00486,2026-04-21 00:00:00+00:00,31.47,succeeded,0
CUST-00486,2026-03-22 00:00:00+00:00,32.58,succeeded,3
CUST-00486,2026-02-20 00:00:00+00:00,37.8,succeeded,0
CUST-00486,2026-01-21 00:00:00+00:00,31.14,succeeded,2
CUST-00486,2025-12-22 00:00:00+00:00,28.09,succeeded,3
CUST-00486,2025-11-22 00:00:00+00:00,31.16,failed,11
CUST-00487,2026-03-22 00:00:00+00:00,11.93,succeeded,3
CUST-00487,2026-02-20 00:00:00+00:00,18.9,succeeded,2
CUST-00487,2026-01-21 00:00:00+00:00,13.85,succeeded,2
CUST-00487,2025-12-22 00:00:00+00:00,13.49,succeeded,0
CUST-00487,2025-11-22 00:00:00+00:00,24.06,succeeded,0
CUST-00488,2026-04-21 00:00:00+00:00,19.02,succeeded,2
CUST-00488,2026-03-22 00:00:00+00:00,26.05,succeeded,0
CUST-00488,2026-02-20 00:00:00+00:00,27.04,succeeded,2
CUST-00488,2026-01-21 00:00:00+00:00,21.08,succeeded,1
CUST-00488,2025-12-22 00:00:00+00:00,23.07,failed,11
CUST-00488,2025-11-22 00:00:00+00:00,18.66,succeeded,2
CUST-00489,2026-03-22 00:00:00+00:00,40.12,failed,9
CUST-00489,2026-02-20 00:00:00+00:00,40.22,succeeded,1
CUST-00489,2026-01-21 00:00:00+00:00,32.7,succeeded,3
CUST-00489,2025-12-22 00:00:00+00:00,39.02,succeeded,3
CUST-00489,2025-11-22 00:00:00+00:00,46.5,succeeded,2
CUST-00490,2026-04-21 00:00:00+00:00,30.44,succeeded,0
CUST-00490,2026-03-22 00:00:00+00:00,21.71,succeeded,0
CUST-00490,2026-02-20 00:00:00+00:00,34.49,succeeded,0
CUST-00490,2026-01-21 00:00:00+00:00,22.35,succeeded,1
CUST-00490,2025-12-22 00:00:00+00:00,33.22,succeeded,2
CUST-00490,2025-11-22 00:00:00+00:00,34.36,failed,9
CUST-00491,2026-04-21 00:00:00+00:00,197.3,succeeded,1
CUST-00491,2026-03-22 00:00:00+00:00,196.0,succeeded,0
CUST-00491,2026-02-20 00:00:00+00:00,188.62,succeeded,2
CUST-00491,2026-01-21 00:00:00+00:00,201.39,succeeded,2
CUST-00491,2025-12-22 00:00:00+00:00,192.89,succeeded,1
CUST-00491,2025-11-22 00:00:00+00:00,189.21,succeeded,2
CUST-00492,2026-04-21 00:00:00+00:00,16.14,succeeded,0
CUST-00492,2026-03-22 00:00:00+00:00,20.55,succeeded,2
CUST-00492,2026-02-20 00:00:00+00:00,20.29,succeeded,0
CUST-00492,2026-01-21 00:00:00+00:00,22.57,succeeded,0
CUST-00492,2025-12-22 00:00:00+00:00,26.49,succeeded,1
CUST-00492,2025-11-22 00:00:00+00:00,20.24,succeeded,1
CUST-00493,2026-04-21 00:00:00+00:00,20.45,succeeded,2
CUST-00493,2026-03-22 00:00:00+00:00,33.52,succeeded,1
CUST-00493,2026-02-20 00:00:00+00:00,31.34,failed,2
CUST-00493,2026-01-21 00:00:00+00:00,19.61,failed,0
CUST-00493,2025-12-22 00:00:00+00:00,22.32,succeeded,3
CUST-00493,2025-11-22 00:00:00+00:00,24.11,succeeded,0
CUST-00494,2026-03-22 00:00:00+00:00,24.79,succeeded,2
CUST-00494,2026-02-20 00:00:00+00:00,28.72,succeeded,2
CUST-00494,2026-01-21 00:00:00+00:00,32.33,succeeded,3
CUST-00494,2025-12-22 00:00:00+00:00,30.3,succeeded,2
CUST-00494,2025-11-22 00:00:00+00:00,31.88,succeeded,1
CUST-00495,2026-03-22 00:00:00+00:00,35.1,succeeded,2
CUST-00495,2026-02-20 00:00:00+00:00,47.62,failed,13
CUST-00495,2026-01-21 00:00:00+00:00,41.72,succeeded,2
CUST-00495,2025-12-22 00:00:00+00:00,42.34,succeeded,3
CUST-00495,2025-11-22 00:00:00+00:00,27.27,succeeded,0
CUST-00496,2026-04-21 00:00:00+00:00,33.39,succeeded,0
CUST-00496,2026-03-22 00:00:00+00:00,33.48,succeeded,0
CUST-00496,2026-02-20 00:00:00+00:00,34.81,succeeded,1
CUST-00496,2026-01-21 00:00:00+00:00,37.82,succeeded,0
CUST-00496,2025-12-22 00:00:00+00:00,40.5,succeeded,2
CUST-00496,2025-11-22 00:00:00+00:00,34.9,succeeded,1
CUST-00497,2026-04-21 00:00:00+00:00,72.88,succeeded,3
CUST-00497,2026-03-22 00:00:00+00:00,86.88,succeeded,1
CUST-00497,2026-02-20 00:00:00+00:00,77.08,succeeded,3
CUST-00497,2026-01-21 00:00:00+00:00,84.62,succeeded,3
CUST-00497,2025-12-22 00:00:00+00:00,80.31,succeeded,0
CUST-00497,2025-11-22 00:00:00+00:00,87.97,succeeded,2
CUST-00498,2026-03-22 00:00:00+00:00,13.64,succeeded,3
CUST-00498,2026-02-20 00:00:00+00:00,18.22,succeeded,3
CUST-00498,2026-01-21 00:00:00+00:00,11.88,succeeded,0
CUST-00498,2025-12-22 00:00:00+00:00,26.75,succeeded,2
CUST-00498,2025-11-22 00:00:00+00:00,14.26,succeeded,0
CUST-00499,2026-04-21 00:00:00+00:00,186.55,succeeded,0
CUST-00499,2026-03-22 00:00:00+00:00,189.43,succeeded,3
CUST-00499,2026-02-20 00:00:00+00:00,188.38,succeeded,3
CUST-00499,2026-01-21 00:00:00+00:00,189.16,succeeded,0
CUST-00499,2025-12-22 00:00:00+00:00,184.9,succeeded,3
CUST-00499,2025-11-22 00:00:00+00:00,190.07,succeeded,3
CUST-00500,2026-04-21 00:00:00+00:00,211.93,succeeded,1
CUST-00500,2026-03-22 00:00:00+00:00,202.39,succeeded,2
CUST-00500,2026-02-20 00:00:00+00:00,205.41,succeeded,3
CUST-00500,2026-01-21 00:00:00+00:00,207.11,succeeded,1
CUST-00500,2025-12-22 00:00:00+00:00,208.6,succeeded,2
CUST-00500,2025-11-22 00:00:00+00:00,207.62,succeeded,1
CUST-00501,2026-04-21 00:00:00+00:00,19.35,succeeded,0
CUST-00501,2026-03-22 00:00:00+00:00,18.09,succeeded,2
CUST-00501,2026-02-20 00:00:00+00:00,15.55,succeeded,0
CUST-00501,2026-01-21 00:00:00+00:00,17.91,succeeded,2
CUST-00501,2025-12-22 00:00:00+00:00,17.84,succeeded,1
CUST-00501,2025-11-22 00:00:00+00:00,19.53,succeeded,2
CUST-00502,2026-04-21 00:00:00+00:00,26.88,succeeded,0
CUST-00502,2026-03-22 00:00:00+00:00,22.77,succeeded,0
CUST-00502,2026-02-20 00:00:00+00:00,30.04,succeeded,3
CUST-00502,2026-01-21 00:00:00+00:00,33.0,succeeded,3
CUST-00502,2025-12-22 00:00:00+00:00,31.99,succeeded,0
CUST-00502,2025-11-22 00:00:00+00:00,29.42,succeeded,3
CUST-00503,2026-04-21 00:00:00+00:00,27.9,succeeded,1
CUST-00503,2026-03-22 00:00:00+00:00,37.77,succeeded,1
CUST-00503,2026-02-20 00:00:00+00:00,34.87,succeeded,2
CUST-00503,2026-01-21 00:00:00+00:00,21.1,succeeded,0
CUST-00503,2025-12-22 00:00:00+00:00,35.01,succeeded,2
CUST-00503,2025-11-22 00:00:00+00:00,41.65,succeeded,1
CUST-00504,2026-03-22 00:00:00+00:00,64.62,failed,5
CUST-00504,2026-02-20 00:00:00+00:00,62.12,succeeded,0
CUST-00504,2026-01-21 00:00:00+00:00,68.35,succeeded,2
CUST-00504,2025-12-22 00:00:00+00:00,67.49,failed,11
CUST-00504,2025-11-22 00:00:00+00:00,68.33,succeeded,3
CUST-00505,2026-03-22 00:00:00+00:00,15.62,succeeded,0
CUST-00505,2026-02-20 00:00:00+00:00,19.14,succeeded,2
CUST-00505,2026-01-21 00:00:00+00:00,21.15,succeeded,2
CUST-00505,2025-12-22 00:00:00+00:00,19.34,succeeded,3
CUST-00505,2025-11-22 00:00:00+00:00,27.7,succeeded,2
CUST-00506,2026-03-22 00:00:00+00:00,206.8,succeeded,2
CUST-00506,2026-02-20 00:00:00+00:00,195.43,succeeded,3
CUST-00506,2026-01-21 00:00:00+00:00,194.12,succeeded,2
CUST-00506,2025-12-22 00:00:00+00:00,204.3,succeeded,1
CUST-00506,2025-11-22 00:00:00+00:00,198.78,succeeded,0
CUST-00507,2026-04-21 00:00:00+00:00,84.17,succeeded,0
CUST-00507,2026-03-22 00:00:00+00:00,96.74,succeeded,1
CUST-00507,2026-02-20 00:00:00+00:00,86.1,succeeded,0
CUST-00507,2026-01-21 00:00:00+00:00,83.15,succeeded,2
CUST-00507,2025-12-22 00:00:00+00:00,91.64,succeeded,2
CUST-00507,2025-11-22 00:00:00+00:00,81.23,succeeded,0
CUST-00508,2026-03-22 00:00:00+00:00,83.47,succeeded,0
CUST-00508,2026-02-20 00:00:00+00:00,89.18,succeeded,2
CUST-00508,2026-01-21 00:00:00+00:00,88.91,succeeded,3
CUST-00508,2025-12-22 00:00:00+00:00,82.5,succeeded,3
CUST-00508,2025-11-22 00:00:00+00:00,82.98,succeeded,2
CUST-00509,2026-03-22 00:00:00+00:00,78.64,succeeded,0
CUST-00509,2026-02-20 00:00:00+00:00,90.78,succeeded,0
CUST-00509,2026-01-21 00:00:00+00:00,85.1,succeeded,3
CUST-00509,2025-12-22 00:00:00+00:00,89.5,succeeded,2
CUST-00509,2025-11-22 00:00:00+00:00,80.56,succeeded,0
CUST-00510,2026-04-21 00:00:00+00:00,204.54,succeeded,3
CUST-00510,2026-03-22 00:00:00+00:00,189.67,succeeded,0
CUST-00510,2026-02-20 00:00:00+00:00,198.06,succeeded,3
CUST-00510,2026-01-21 00:00:00+00:00,204.9,succeeded,1
CUST-00510,2025-12-22 00:00:00+00:00,201.72,succeeded,0
CUST-00510,2025-11-22 00:00:00+00:00,201.92,succeeded,0
CUST-00511,2026-03-22 00:00:00+00:00,20.44,succeeded,0
CUST-00511,2026-02-20 00:00:00+00:00,25.43,succeeded,0
CUST-00511,2026-01-21 00:00:00+00:00,24.21,succeeded,3
CUST-00511,2025-12-22 00:00:00+00:00,20.66,succeeded,1
CUST-00511,2025-11-22 00:00:00+00:00,25.3,succeeded,0
CUST-00512,2026-04-21 00:00:00+00:00,16.32,failed,10
CUST-00512,2026-03-22 00:00:00+00:00,14.95,failed,9
CUST-00512,2026-02-20 00:00:00+00:00,22.24,succeeded,3
CUST-00512,2026-01-21 00:00:00+00:00,20.96,succeeded,1
CUST-00512,2025-12-22 00:00:00+00:00,25.87,succeeded,3
CUST-00512,2025-11-22 00:00:00+00:00,25.1,failed,6
CUST-00513,2026-03-22 00:00:00+00:00,31.84,succeeded,0
CUST-00513,2026-02-20 00:00:00+00:00,30.29,succeeded,0
CUST-00513,2026-01-21 00:00:00+00:00,25.7,failed,5
CUST-00513,2025-12-22 00:00:00+00:00,23.01,succeeded,1
CUST-00513,2025-11-22 00:00:00+00:00,22.88,succeeded,3
CUST-00514,2026-03-22 00:00:00+00:00,193.77,succeeded,1
CUST-00514,2026-02-20 00:00:00+00:00,210.56,succeeded,1
CUST-00514,2026-01-21 00:00:00+00:00,203.84,succeeded,3
CUST-00514,2025-12-22 00:00:00+00:00,201.36,succeeded,2
CUST-00514,2025-11-22 00:00:00+00:00,206.73,succeeded,1
CUST-00515,2026-03-22 00:00:00+00:00,81.52,succeeded,1
CUST-00515,2026-02-20 00:00:00+00:00,85.85,failed,1
CUST-00515,2026-01-21 00:00:00+00:00,74.6,succeeded,1
CUST-00515,2025-12-22 00:00:00+00:00,87.98,succeeded,0
CUST-00515,2025-11-22 00:00:00+00:00,98.8,succeeded,3
CUST-00516,2026-04-21 00:00:00+00:00,66.92,succeeded,0
CUST-00516,2026-03-22 00:00:00+00:00,53.03,succeeded,2
CUST-00516,2026-02-20 00:00:00+00:00,66.84,succeeded,3
CUST-00516,2026-01-21 00:00:00+00:00,57.14,succeeded,0
CUST-00516,2025-12-22 00:00:00+00:00,64.87,succeeded,1
CUST-00516,2025-11-22 00:00:00+00:00,59.38,succeeded,2
CUST-00517,2026-04-21 00:00:00+00:00,29.03,succeeded,2
CUST-00517,2026-03-22 00:00:00+00:00,27.58,succeeded,2
CUST-00517,2026-02-20 00:00:00+00:00,22.19,succeeded,3
CUST-00517,2026-01-21 00:00:00+00:00,18.46,succeeded,0
CUST-00517,2025-12-22 00:00:00+00:00,24.9,succeeded,1
CUST-00517,2025-11-22 00:00:00+00:00,29.87,succeeded,0
CUST-00518,2026-04-21 00:00:00+00:00,206.05,succeeded,1
CUST-00518,2026-03-22 00:00:00+00:00,213.46,succeeded,3
CUST-00518,2026-02-20 00:00:00+00:00,202.55,succeeded,2
CUST-00518,2026-01-21 00:00:00+00:00,213.84,succeeded,2
CUST-00518,2025-12-22 00:00:00+00:00,211.05,succeeded,1
CUST-00518,2025-11-22 00:00:00+00:00,209.37,succeeded,1
CUST-00519,2026-04-21 00:00:00+00:00,22.67,succeeded,0
CUST-00519,2026-03-22 00:00:00+00:00,30.38,succeeded,2
CUST-00519,2026-02-20 00:00:00+00:00,29.84,succeeded,1
CUST-00519,2026-01-21 00:00:00+00:00,21.04,succeeded,0
CUST-00519,2025-12-22 00:00:00+00:00,29.42,succeeded,2
CUST-00519,2025-11-22 00:00:00+00:00,29.1,succeeded,2
CUST-00520,2026-04-21 00:00:00+00:00,10.0,succeeded,0
CUST-00520,2026-03-22 00:00:00+00:00,17.91,succeeded,0
CUST-00520,2026-02-20 00:00:00+00:00,28.91,succeeded,0
CUST-00520,2026-01-21 00:00:00+00:00,15.19,succeeded,3
CUST-00520,2025-12-22 00:00:00+00:00,14.14,succeeded,0
CUST-00520,2025-11-22 00:00:00+00:00,19.16,succeeded,0
CUST-00521,2026-04-21 00:00:00+00:00,224.38,succeeded,1
CUST-00521,2026-03-22 00:00:00+00:00,219.8,succeeded,0
CUST-00521,2026-02-20 00:00:00+00:00,210.99,succeeded,3
CUST-00521,2026-01-21 00:00:00+00:00,211.69,succeeded,3
CUST-00521,2025-12-22 00:00:00+00:00,220.4,failed,6
CUST-00521,2025-11-22 00:00:00+00:00,217.63,failed,14
CUST-00522,2026-04-21 00:00:00+00:00,26.59,succeeded,0
CUST-00522,2026-03-22 00:00:00+00:00,28.92,succeeded,3
CUST-00522,2026-02-20 00:00:00+00:00,35.33,succeeded,0
CUST-00522,2026-01-21 00:00:00+00:00,24.74,succeeded,0
CUST-00522,2025-12-22 00:00:00+00:00,27.39,succeeded,0
CUST-00522,2025-11-22 00:00:00+00:00,31.55,succeeded,3
CUST-00523,2026-04-21 00:00:00+00:00,26.45,succeeded,3
CUST-00523,2026-03-22 00:00:00+00:00,29.23,succeeded,1
CUST-00523,2026-02-20 00:00:00+00:00,19.86,succeeded,1
CUST-00523,2026-01-21 00:00:00+00:00,33.8,succeeded,1
CUST-00523,2025-12-22 00:00:00+00:00,34.6,failed,9
CUST-00523,2025-11-22 00:00:00+00:00,35.25,succeeded,1
CUST-00524,2026-04-21 00:00:00+00:00,270.21,succeeded,2
CUST-00524,2026-03-22 00:00:00+00:00,75.62,succeeded,0
CUST-00524,2026-02-20 00:00:00+00:00,83.8,succeeded,3
CUST-00524,2026-01-21 00:00:00+00:00,82.43,failed,3
CUST-00524,2025-12-22 00:00:00+00:00,75.24,succeeded,1
CUST-00524,2025-11-22 00:00:00+00:00,87.11,succeeded,3
CUST-00525,2026-04-21 00:00:00+00:00,26.21,succeeded,2
CUST-00525,2026-03-22 00:00:00+00:00,32.57,succeeded,1
CUST-00525,2026-02-20 00:00:00+00:00,24.45,succeeded,3
CUST-00525,2026-01-21 00:00:00+00:00,24.05,succeeded,0
CUST-00525,2025-12-22 00:00:00+00:00,15.02,failed,6
CUST-00525,2025-11-22 00:00:00+00:00,31.61,succeeded,0
CUST-00526,2026-04-21 00:00:00+00:00,15.61,succeeded,0
CUST-00526,2026-03-22 00:00:00+00:00,23.03,succeeded,2
CUST-00526,2026-02-20 00:00:00+00:00,27.9,succeeded,2
CUST-00526,2026-01-21 00:00:00+00:00,20.69,succeeded,2
CUST-00526,2025-12-22 00:00:00+00:00,27.49,succeeded,3
CUST-00526,2025-11-22 00:00:00+00:00,14.6,succeeded,0
CUST-00527,2026-03-22 00:00:00+00:00,48.13,succeeded,0
CUST-00527,2026-02-20 00:00:00+00:00,51.16,succeeded,0
CUST-00527,2026-01-21 00:00:00+00:00,41.31,succeeded,2
CUST-00527,2025-12-22 00:00:00+00:00,53.3,succeeded,0
CUST-00527,2025-11-22 00:00:00+00:00,43.89,succeeded,1
CUST-00528,2026-03-22 00:00:00+00:00,30.22,succeeded,1
CUST-00528,2026-02-20 00:00:00+00:00,46.26,succeeded,3
CUST-00528,2026-01-21 00:00:00+00:00,35.53,succeeded,1
CUST-00528,2025-12-22 00:00:00+00:00,36.29,succeeded,1
CUST-00528,2025-11-22 00:00:00+00:00,45.58,failed,7
CUST-00529,2026-03-22 00:00:00+00:00,195.97,succeeded,1
CUST-00529,2026-02-20 00:00:00+00:00,204.21,succeeded,1
CUST-00529,2026-01-21 00:00:00+00:00,205.41,succeeded,2
CUST-00529,2025-12-22 00:00:00+00:00,207.82,succeeded,2
CUST-00529,2025-11-22 00:00:00+00:00,209.83,succeeded,3
CUST-00530,2026-04-21 00:00:00+00:00,82.76,succeeded,1
CUST-00530,2026-03-22 00:00:00+00:00,93.54,succeeded,3
CUST-00530,2026-02-20 00:00:00+00:00,83.25,succeeded,1
CUST-00530,2026-01-21 00:00:00+00:00,79.42,succeeded,1
CUST-00530,2025-12-22 00:00:00+00:00,85.29,succeeded,3
CUST-00530,2025-11-22 00:00:00+00:00,89.38,succeeded,1
CUST-00531,2026-03-22 00:00:00+00:00,19.2,failed,3
CUST-00531,2026-02-20 00:00:00+00:00,14.95,succeeded,1
CUST-00531,2026-01-21 00:00:00+00:00,14.75,succeeded,2
CUST-00531,2025-12-22 00:00:00+00:00,37.2,succeeded,0
CUST-00531,2025-11-22 00:00:00+00:00,18.06,succeeded,1
CUST-00532,2026-03-22 00:00:00+00:00,114.78,succeeded,0
CUST-00532,2026-02-20 00:00:00+00:00,33.38,succeeded,2
CUST-00532,2026-01-21 00:00:00+00:00,36.98,succeeded,0
CUST-00532,2025-12-22 00:00:00+00:00,42.39,succeeded,2
CUST-00532,2025-11-22 00:00:00+00:00,42.28,succeeded,2
CUST-00533,2026-04-21 00:00:00+00:00,25.15,succeeded,0
CUST-00533,2026-03-22 00:00:00+00:00,25.1,succeeded,2
CUST-00533,2026-02-20 00:00:00+00:00,21.63,succeeded,1
CUST-00533,2026-01-21 00:00:00+00:00,17.64,succeeded,2
CUST-00533,2025-12-22 00:00:00+00:00,21.89,succeeded,3
CUST-00533,2025-11-22 00:00:00+00:00,13.48,succeeded,3
CUST-00534,2026-03-22 00:00:00+00:00,87.46,succeeded,2
CUST-00534,2026-02-20 00:00:00+00:00,83.84,succeeded,1
CUST-00534,2026-01-21 00:00:00+00:00,82.95,succeeded,1
CUST-00534,2025-12-22 00:00:00+00:00,82.66,succeeded,0
CUST-00534,2025-11-22 00:00:00+00:00,86.09,succeeded,3
CUST-00535,2026-04-21 00:00:00+00:00,186.91,succeeded,1
CUST-00535,2026-03-22 00:00:00+00:00,178.53,succeeded,0
CUST-00535,2026-02-20 00:00:00+00:00,184.17,failed,9
CUST-00535,2026-01-21 00:00:00+00:00,191.67,succeeded,3
CUST-00535,2025-12-22 00:00:00+00:00,185.01,succeeded,0
CUST-00535,2025-11-22 00:00:00+00:00,189.76,succeeded,2
CUST-00536,2026-03-22 00:00:00+00:00,186.21,succeeded,3
CUST-00536,2026-02-20 00:00:00+00:00,184.73,succeeded,2
CUST-00536,2026-01-21 00:00:00+00:00,185.46,succeeded,3
CUST-00536,2025-12-22 00:00:00+00:00,181.93,succeeded,0
CUST-00536,2025-11-22 00:00:00+00:00,185.9,succeeded,0
CUST-00537,2026-03-22 00:00:00+00:00,27.74,succeeded,0
CUST-00537,2026-02-20 00:00:00+00:00,31.35,succeeded,0
CUST-00537,2026-01-21 00:00:00+00:00,28.22,succeeded,1
CUST-00537,2025-12-22 00:00:00+00:00,25.35,succeeded,2
CUST-00537,2025-11-22 00:00:00+00:00,34.54,succeeded,2
CUST-00538,2026-03-22 00:00:00+00:00,16.91,succeeded,1
CUST-00538,2026-02-20 00:00:00+00:00,26.91,succeeded,3
CUST-00538,2026-01-21 00:00:00+00:00,26.54,succeeded,0
CUST-00538,2025-12-22 00:00:00+00:00,25.27,succeeded,0
CUST-00538,2025-11-22 00:00:00+00:00,21.91,succeeded,0
CUST-00539,2026-04-21 00:00:00+00:00,12.68,succeeded,0
CUST-00539,2026-03-22 00:00:00+00:00,16.03,succeeded,0
CUST-00539,2026-02-20 00:00:00+00:00,15.27,succeeded,3
CUST-00539,2026-01-21 00:00:00+00:00,20.54,succeeded,2
CUST-00539,2025-12-22 00:00:00+00:00,11.0,succeeded,0
CUST-00539,2025-11-22 00:00:00+00:00,13.63,succeeded,3
CUST-00540,2026-04-21 00:00:00+00:00,80.27,succeeded,3
CUST-00540,2026-03-22 00:00:00+00:00,81.9,succeeded,3
CUST-00540,2026-02-20 00:00:00+00:00,86.7,succeeded,2
CUST-00540,2026-01-21 00:00:00+00:00,82.99,failed,2
CUST-00540,2025-12-22 00:00:00+00:00,90.69,succeeded,2
CUST-00540,2025-11-22 00:00:00+00:00,83.16,failed,14
CUST-00541,2026-03-22 00:00:00+00:00,47.91,succeeded,0
CUST-00541,2026-02-20 00:00:00+00:00,54.24,succeeded,0
CUST-00541,2026-01-21 00:00:00+00:00,53.12,succeeded,0
CUST-00541,2025-12-22 00:00:00+00:00,41.48,succeeded,2
CUST-00541,2025-11-22 00:00:00+00:00,47.88,succeeded,0
CUST-00542,2026-03-22 00:00:00+00:00,92.38,failed,9
CUST-00542,2026-02-20 00:00:00+00:00,87.48,succeeded,1
CUST-00542,2026-01-21 00:00:00+00:00,96.12,succeeded,0
CUST-00542,2025-12-22 00:00:00+00:00,77.96,succeeded,0
CUST-00542,2025-11-22 00:00:00+00:00,93.53,succeeded,3
CUST-00543,2026-04-21 00:00:00+00:00,69.87,succeeded,1
CUST-00543,2026-03-22 00:00:00+00:00,67.21,succeeded,0
CUST-00543,2026-02-20 00:00:00+00:00,76.86,succeeded,2
CUST-00543,2026-01-21 00:00:00+00:00,77.08,succeeded,0
CUST-00543,2025-12-22 00:00:00+00:00,80.81,succeeded,2
CUST-00543,2025-11-22 00:00:00+00:00,80.87,succeeded,1
CUST-00544,2026-04-21 00:00:00+00:00,28.83,succeeded,0
CUST-00544,2026-03-22 00:00:00+00:00,26.42,succeeded,1
CUST-00544,2026-02-20 00:00:00+00:00,33.64,failed,9
CUST-00544,2026-01-21 00:00:00+00:00,25.92,succeeded,0
CUST-00544,2025-12-22 00:00:00+00:00,36.75,succeeded,1
CUST-00544,2025-11-22 00:00:00+00:00,29.59,succeeded,1
CUST-00545,2026-04-21 00:00:00+00:00,41.49,succeeded,1
CUST-00545,2026-03-22 00:00:00+00:00,37.85,succeeded,1
CUST-00545,2026-02-20 00:00:00+00:00,48.67,succeeded,1
CUST-00545,2026-01-21 00:00:00+00:00,24.74,succeeded,1
CUST-00545,2025-12-22 00:00:00+00:00,29.98,succeeded,2
CUST-00545,2025-11-22 00:00:00+00:00,32.86,succeeded,2
CUST-00546,2026-04-21 00:00:00+00:00,37.61,succeeded,2
CUST-00546,2026-03-22 00:00:00+00:00,34.62,succeeded,0
CUST-00546,2026-02-20 00:00:00+00:00,41.88,failed,5
CUST-00546,2026-01-21 00:00:00+00:00,50.49,succeeded,1
CUST-00546,2025-12-22 00:00:00+00:00,42.7,succeeded,2
CUST-00546,2025-11-22 00:00:00+00:00,40.35,succeeded,0
CUST-00547,2026-04-21 00:00:00+00:00,28.25,succeeded,3
CUST-00547,2026-03-22 00:00:00+00:00,27.12,succeeded,1
CUST-00547,2026-02-20 00:00:00+00:00,22.82,succeeded,2
CUST-00547,2026-01-21 00:00:00+00:00,25.36,succeeded,2
CUST-00547,2025-12-22 00:00:00+00:00,37.45,succeeded,1
CUST-00547,2025-11-22 00:00:00+00:00,29.31,failed,10
CUST-00548,2026-03-22 00:00:00+00:00,17.71,succeeded,2
CUST-00548,2026-02-20 00:00:00+00:00,24.96,succeeded,0
CUST-00548,2026-01-21 00:00:00+00:00,25.98,succeeded,2
CUST-00548,2025-12-22 00:00:00+00:00,29.85,succeeded,1
CUST-00548,2025-11-22 00:00:00+00:00,19.71,succeeded,2
CUST-00549,2026-03-22 00:00:00+00:00,83.05,succeeded,3
CUST-00549,2026-02-20 00:00:00+00:00,84.22,failed,8
CUST-00549,2026-01-21 00:00:00+00:00,74.79,succeeded,3
CUST-00549,2025-12-22 00:00:00+00:00,76.99,failed,5
CUST-00549,2025-11-22 00:00:00+00:00,68.34,succeeded,0
CUST-00550,2026-04-21 00:00:00+00:00,34.56,succeeded,0
CUST-00550,2026-03-22 00:00:00+00:00,32.5,succeeded,0
CUST-00550,2026-02-20 00:00:00+00:00,36.8,succeeded,3
CUST-00550,2026-01-21 00:00:00+00:00,33.01,failed,4
CUST-00550,2025-12-22 00:00:00+00:00,34.74,succeeded,2
CUST-00550,2025-11-22 00:00:00+00:00,35.04,succeeded,3
CUST-00551,2026-04-21 00:00:00+00:00,90.17999999999999,succeeded,1
CUST-00551,2026-03-22 00:00:00+00:00,28.37,failed,1
CUST-00551,2026-02-20 00:00:00+00:00,26.96,succeeded,2
CUST-00551,2026-01-21 00:00:00+00:00,32.66,failed,1
CUST-00551,2025-12-22 00:00:00+00:00,17.65,succeeded,1
CUST-00551,2025-11-22 00:00:00+00:00,28.22,succeeded,3
CUST-00552,2026-04-21 00:00:00+00:00,74.65,succeeded,3
CUST-00552,2026-03-22 00:00:00+00:00,74.38,succeeded,3
CUST-00552,2026-02-20 00:00:00+00:00,221.88,succeeded,3
CUST-00552,2026-01-21 00:00:00+00:00,82.52,succeeded,2
CUST-00552,2025-12-22 00:00:00+00:00,86.24,succeeded,0
CUST-00552,2025-11-22 00:00:00+00:00,79.15,succeeded,3
CUST-00553,2026-04-21 00:00:00+00:00,87.06,succeeded,2
CUST-00553,2026-03-22 00:00:00+00:00,90.8,succeeded,3
CUST-00553,2026-02-20 00:00:00+00:00,94.26,succeeded,0
CUST-00553,2026-01-21 00:00:00+00:00,82.99,succeeded,0
CUST-00553,2025-12-22 00:00:00+00:00,92.57,succeeded,1
CUST-00553,2025-11-22 00:00:00+00:00,91.98,succeeded,3
CUST-00554,2026-03-22 00:00:00+00:00,49.01,succeeded,1
CUST-00554,2026-02-20 00:00:00+00:00,39.32,succeeded,2
CUST-00554,2026-01-21 00:00:00+00:00,41.74,succeeded,0
CUST-00554,2025-12-22 00:00:00+00:00,37.65,succeeded,3
CUST-00554,2025-11-22 00:00:00+00:00,41.7,succeeded,1
CUST-00555,2026-04-21 00:00:00+00:00,78.34,succeeded,1
CUST-00555,2026-03-22 00:00:00+00:00,90.67,succeeded,2
CUST-00555,2026-02-20 00:00:00+00:00,77.45,succeeded,2
CUST-00555,2026-01-21 00:00:00+00:00,80.08,succeeded,1
CUST-00555,2025-12-22 00:00:00+00:00,87.18,succeeded,2
CUST-00555,2025-11-22 00:00:00+00:00,83.28,succeeded,0
CUST-00556,2026-04-21 00:00:00+00:00,217.31,succeeded,1
CUST-00556,2026-03-22 00:00:00+00:00,212.78,failed,6
CUST-00556,2026-02-20 00:00:00+00:00,206.04,succeeded,0
CUST-00556,2026-01-21 00:00:00+00:00,214.3,succeeded,1
CUST-00556,2025-12-22 00:00:00+00:00,210.6,failed,10
CUST-00556,2025-11-22 00:00:00+00:00,215.93,succeeded,2
CUST-00557,2026-03-22 00:00:00+00:00,71.42,failed,6
CUST-00557,2026-02-20 00:00:00+00:00,67.47,succeeded,3
CUST-00557,2026-01-21 00:00:00+00:00,72.77,succeeded,0
CUST-00557,2025-12-22 00:00:00+00:00,79.02,succeeded,3
CUST-00557,2025-11-22 00:00:00+00:00,80.01,succeeded,1
CUST-00558,2026-04-21 00:00:00+00:00,87.66,failed,3
CUST-00558,2026-03-22 00:00:00+00:00,95.17,succeeded,2
CUST-00558,2026-02-20 00:00:00+00:00,101.03,succeeded,1
CUST-00558,2026-01-21 00:00:00+00:00,87.73,succeeded,2
CUST-00558,2025-12-22 00:00:00+00:00,91.22,succeeded,1
CUST-00558,2025-11-22 00:00:00+00:00,90.1,succeeded,2
CUST-00559,2026-04-21 00:00:00+00:00,35.32,succeeded,0
CUST-00559,2026-03-22 00:00:00+00:00,32.76,succeeded,3
CUST-00559,2026-02-20 00:00:00+00:00,31.79,succeeded,3
CUST-00559,2026-01-21 00:00:00+00:00,34.29,succeeded,2
CUST-00559,2025-12-22 00:00:00+00:00,28.82,succeeded,0
CUST-00559,2025-11-22 00:00:00+00:00,33.77,succeeded,1
CUST-00560,2026-04-21 00:00:00+00:00,227.94,failed,14
CUST-00560,2026-03-22 00:00:00+00:00,228.22,succeeded,1
CUST-00560,2026-02-20 00:00:00+00:00,224.17,succeeded,3
CUST-00560,2026-01-21 00:00:00+00:00,215.03,succeeded,3
CUST-00560,2025-12-22 00:00:00+00:00,227.51,succeeded,0
CUST-00560,2025-11-22 00:00:00+00:00,214.9,failed,0
CUST-00561,2026-04-21 00:00:00+00:00,14.3,succeeded,2
CUST-00561,2026-03-22 00:00:00+00:00,20.67,succeeded,1
CUST-00561,2026-02-20 00:00:00+00:00,16.99,succeeded,3
CUST-00561,2026-01-21 00:00:00+00:00,17.89,succeeded,2
CUST-00561,2025-12-22 00:00:00+00:00,27.46,succeeded,3
CUST-00561,2025-11-22 00:00:00+00:00,20.22,succeeded,3
CUST-00562,2026-03-22 00:00:00+00:00,191.17,succeeded,1
CUST-00562,2026-02-20 00:00:00+00:00,194.55,succeeded,2
CUST-00562,2026-01-21 00:00:00+00:00,182.83,succeeded,3
CUST-00562,2025-12-22 00:00:00+00:00,190.38,succeeded,2
CUST-00562,2025-11-22 00:00:00+00:00,187.88,succeeded,2
CUST-00563,2026-04-21 00:00:00+00:00,83.93,succeeded,0
CUST-00563,2026-03-22 00:00:00+00:00,72.49,succeeded,0
CUST-00563,2026-02-20 00:00:00+00:00,83.56,succeeded,0
CUST-00563,2026-01-21 00:00:00+00:00,82.93,succeeded,1
CUST-00563,2025-12-22 00:00:00+00:00,82.38,succeeded,3
CUST-00563,2025-11-22 00:00:00+00:00,80.93,succeeded,3
CUST-00564,2026-03-22 00:00:00+00:00,42.5,succeeded,2
CUST-00564,2026-02-20 00:00:00+00:00,33.8,succeeded,3
CUST-00564,2026-01-21 00:00:00+00:00,31.91,succeeded,1
CUST-00564,2025-12-22 00:00:00+00:00,27.71,succeeded,2
CUST-00564,2025-11-22 00:00:00+00:00,32.64,succeeded,3
CUST-00565,2026-03-22 00:00:00+00:00,48.56,succeeded,0
CUST-00565,2026-02-20 00:00:00+00:00,39.1,succeeded,2
CUST-00565,2026-01-21 00:00:00+00:00,52.89,succeeded,2
CUST-00565,2025-12-22 00:00:00+00:00,48.15,succeeded,0
CUST-00565,2025-11-22 00:00:00+00:00,50.59,failed,10
CUST-00566,2026-04-21 00:00:00+00:00,72.71,succeeded,2
CUST-00566,2026-03-22 00:00:00+00:00,70.75,succeeded,0
CUST-00566,2026-02-20 00:00:00+00:00,78.68,succeeded,3
CUST-00566,2026-01-21 00:00:00+00:00,69.78,succeeded,3
CUST-00566,2025-12-22 00:00:00+00:00,76.01,succeeded,1
CUST-00566,2025-11-22 00:00:00+00:00,69.61,succeeded,3
CUST-00567,2026-03-22 00:00:00+00:00,85.56,succeeded,2
CUST-00567,2026-02-20 00:00:00+00:00,86.22,succeeded,2
CUST-00567,2026-01-21 00:00:00+00:00,78.3,succeeded,3
CUST-00567,2025-12-22 00:00:00+00:00,86.51,succeeded,1
CUST-00567,2025-11-22 00:00:00+00:00,90.28,succeeded,2
CUST-00568,2026-03-22 00:00:00+00:00,36.73,succeeded,0
CUST-00568,2026-02-20 00:00:00+00:00,50.28,succeeded,1
CUST-00568,2026-01-21 00:00:00+00:00,44.28,succeeded,2
CUST-00568,2025-12-22 00:00:00+00:00,43.7,succeeded,3
CUST-00568,2025-11-22 00:00:00+00:00,32.8,succeeded,1
CUST-00569,2026-04-21 00:00:00+00:00,84.44,succeeded,2
CUST-00569,2026-03-22 00:00:00+00:00,76.18,succeeded,3
CUST-00569,2026-02-20 00:00:00+00:00,83.15,succeeded,1
CUST-00569,2026-01-21 00:00:00+00:00,87.91,succeeded,1
CUST-00569,2025-12-22 00:00:00+00:00,75.4,succeeded,1
CUST-00569,2025-11-22 00:00:00+00:00,84.31,succeeded,0
CUST-00570,2026-04-21 00:00:00+00:00,191.0,succeeded,0
CUST-00570,2026-03-22 00:00:00+00:00,196.97,succeeded,2
CUST-00570,2026-02-20 00:00:00+00:00,194.62,succeeded,3
CUST-00570,2026-01-21 00:00:00+00:00,198.3,succeeded,0
CUST-00570,2025-12-22 00:00:00+00:00,189.39,failed,2
CUST-00570,2025-11-22 00:00:00+00:00,200.72,succeeded,3
CUST-00571,2026-04-21 00:00:00+00:00,40.0,succeeded,3
CUST-00571,2026-03-22 00:00:00+00:00,39.71,succeeded,0
CUST-00571,2026-02-20 00:00:00+00:00,35.4,succeeded,2
CUST-00571,2026-01-21 00:00:00+00:00,39.48,succeeded,0
CUST-00571,2025-12-22 00:00:00+00:00,38.32,succeeded,0
CUST-00571,2025-11-22 00:00:00+00:00,35.81,succeeded,0
CUST-00572,2026-04-21 00:00:00+00:00,38.31,succeeded,1
CUST-00572,2026-03-22 00:00:00+00:00,37.56,succeeded,2
CUST-00572,2026-02-20 00:00:00+00:00,33.98,succeeded,2
CUST-00572,2026-01-21 00:00:00+00:00,36.08,failed,8
CUST-00572,2025-12-22 00:00:00+00:00,35.82,succeeded,0
CUST-00572,2025-11-22 00:00:00+00:00,45.59,succeeded,2
CUST-00573,2026-04-21 00:00:00+00:00,24.24,succeeded,0
CUST-00573,2026-03-22 00:00:00+00:00,29.86,succeeded,1
CUST-00573,2026-02-20 00:00:00+00:00,35.09,succeeded,2
CUST-00573,2026-01-21 00:00:00+00:00,37.83,succeeded,3
CUST-00573,2025-12-22 00:00:00+00:00,37.16,succeeded,3
CUST-00573,2025-11-22 00:00:00+00:00,26.47,succeeded,1
CUST-00574,2026-04-21 00:00:00+00:00,80.73,succeeded,2
CUST-00574,2026-03-22 00:00:00+00:00,84.9,succeeded,1
CUST-00574,2026-02-20 00:00:00+00:00,66.35,succeeded,3
CUST-00574,2026-01-21 00:00:00+00:00,71.64,succeeded,2
CUST-00574,2025-12-22 00:00:00+00:00,76.45,succeeded,3
CUST-00574,2025-11-22 00:00:00+00:00,74.43,succeeded,3
CUST-00575,2026-04-21 00:00:00+00:00,35.7,succeeded,2
CUST-00575,2026-03-22 00:00:00+00:00,27.13,succeeded,0
CUST-00575,2026-02-20 00:00:00+00:00,34.93,succeeded,2
CUST-00575,2026-01-21 00:00:00+00:00,23.15,succeeded,2
CUST-00575,2025-12-22 00:00:00+00:00,30.16,succeeded,1
CUST-00575,2025-11-22 00:00:00+00:00,26.69,succeeded,3
CUST-00576,2026-03-22 00:00:00+00:00,198.67,succeeded,1
CUST-00576,2026-02-20 00:00:00+00:00,198.33,succeeded,0
CUST-00576,2026-01-21 00:00:00+00:00,195.19,succeeded,2
CUST-00576,2025-12-22 00:00:00+00:00,193.49,succeeded,2
CUST-00576,2025-11-22 00:00:00+00:00,199.66,succeeded,1
CUST-00577,2026-03-22 00:00:00+00:00,28.89,succeeded,3
CUST-00577,2026-02-20 00:00:00+00:00,38.85,succeeded,2
CUST-00577,2026-01-21 00:00:00+00:00,34.87,succeeded,3
CUST-00577,2025-12-22 00:00:00+00:00,31.29,failed,14
CUST-00577,2025-11-22 00:00:00+00:00,34.95,succeeded,0
CUST-00578,2026-04-21 00:00:00+00:00,75.22,succeeded,1
CUST-00578,2026-03-22 00:00:00+00:00,79.1,succeeded,0
CUST-00578,2026-02-20 00:00:00+00:00,82.95,succeeded,0
CUST-00578,2026-01-21 00:00:00+00:00,79.19,succeeded,3
CUST-00578,2025-12-22 00:00:00+00:00,86.34,failed,3
CUST-00578,2025-11-22 00:00:00+00:00,84.56,succeeded,0
CUST-00579,2026-04-21 00:00:00+00:00,26.41,succeeded,3
CUST-00579,2026-03-22 00:00:00+00:00,23.05,succeeded,2
CUST-00579,2026-02-20 00:00:00+00:00,24.76,succeeded,3
CUST-00579,2026-01-21 00:00:00+00:00,28.78,succeeded,0
CUST-00579,2025-12-22 00:00:00+00:00,21.96,succeeded,0
CUST-00579,2025-11-22 00:00:00+00:00,29.43,succeeded,0
CUST-00580,2026-04-21 00:00:00+00:00,19.36,succeeded,3
CUST-00580,2026-03-22 00:00:00+00:00,23.18,succeeded,1
CUST-00580,2026-02-20 00:00:00+00:00,28.1,failed,6
CUST-00580,2026-01-21 00:00:00+00:00,27.65,succeeded,3
CUST-00580,2025-12-22 00:00:00+00:00,24.29,failed,6
CUST-00580,2025-11-22 00:00:00+00:00,20.61,succeeded,2
CUST-00581,2026-04-21 00:00:00+00:00,65.93,succeeded,2
CUST-00581,2026-03-22 00:00:00+00:00,80.92,succeeded,2
CUST-00581,2026-02-20 00:00:00+00:00,72.5,succeeded,3
CUST-00581,2026-01-21 00:00:00+00:00,72.99,failed,4
CUST-00581,2025-12-22 00:00:00+00:00,71.71,succeeded,3
CUST-00581,2025-11-22 00:00:00+00:00,79.43,succeeded,1
CUST-00582,2026-04-21 00:00:00+00:00,41.23,succeeded,1
CUST-00582,2026-03-22 00:00:00+00:00,35.32,succeeded,1
CUST-00582,2026-02-20 00:00:00+00:00,29.59,succeeded,0
CUST-00582,2026-01-21 00:00:00+00:00,31.03,succeeded,0
CUST-00582,2025-12-22 00:00:00+00:00,25.45,succeeded,0
CUST-00582,2025-11-22 00:00:00+00:00,24.25,succeeded,0
CUST-00583,2026-04-21 00:00:00+00:00,82.56,succeeded,3
CUST-00583,2026-03-22 00:00:00+00:00,84.34,succeeded,0
CUST-00583,2026-02-20 00:00:00+00:00,82.9,succeeded,2
CUST-00583,2026-01-21 00:00:00+00:00,69.46,succeeded,0
CUST-00583,2025-12-22 00:00:00+00:00,77.55,succeeded,0
CUST-00583,2025-11-22 00:00:00+00:00,79.41,failed,7
CUST-00584,2026-03-22 00:00:00+00:00,199.77,succeeded,0
CUST-00584,2026-02-20 00:00:00+00:00,204.59,failed,3
CUST-00584,2026-01-21 00:00:00+00:00,196.83,succeeded,2
CUST-00584,2025-12-22 00:00:00+00:00,203.04,failed,6
CUST-00584,2025-11-22 00:00:00+00:00,194.25,succeeded,1
CUST-00585,2026-04-21 00:00:00+00:00,203.88,succeeded,1
CUST-00585,2026-03-22 00:00:00+00:00,201.55,succeeded,1
CUST-00585,2026-02-20 00:00:00+00:00,200.61,succeeded,1
CUST-00585,2026-01-21 00:00:00+00:00,200.48,succeeded,3
CUST-00585,2025-12-22 00:00:00+00:00,208.82,succeeded,0
CUST-00585,2025-11-22 00:00:00+00:00,198.84,succeeded,0
CUST-00586,2026-04-21 00:00:00+00:00,193.17,succeeded,2
CUST-00586,2026-03-22 00:00:00+00:00,193.98,failed,3
CUST-00586,2026-02-20 00:00:00+00:00,201.07,succeeded,1
CUST-00586,2026-01-21 00:00:00+00:00,187.94,succeeded,3
CUST-00586,2025-12-22 00:00:00+00:00,198.93,succeeded,1
CUST-00586,2025-11-22 00:00:00+00:00,192.67,succeeded,0
CUST-00587,2026-04-21 00:00:00+00:00,36.53,succeeded,1
CUST-00587,2026-03-22 00:00:00+00:00,43.73,succeeded,1
CUST-00587,2026-02-20 00:00:00+00:00,36.49,succeeded,1
CUST-00587,2026-01-21 00:00:00+00:00,35.3,succeeded,0
CUST-00587,2025-12-22 00:00:00+00:00,43.5,succeeded,3
CUST-00587,2025-11-22 00:00:00+00:00,47.95,succeeded,1
CUST-00588,2026-04-21 00:00:00+00:00,70.5,succeeded,3
CUST-00588,2026-03-22 00:00:00+00:00,76.79,succeeded,0
CUST-00588,2026-02-20 00:00:00+00:00,88.14,succeeded,3
CUST-00588,2026-01-21 00:00:00+00:00,74.41,succeeded,2
CUST-00588,2025-12-22 00:00:00+00:00,73.2,succeeded,3
CUST-00588,2025-11-22 00:00:00+00:00,86.11,succeeded,1
CUST-00589,2026-04-21 00:00:00+00:00,195.87,failed,1
CUST-00589,2026-03-22 00:00:00+00:00,199.92,succeeded,2
CUST-00589,2026-02-20 00:00:00+00:00,202.18,succeeded,0
CUST-00589,2026-01-21 00:00:00+00:00,190.76,succeeded,3
CUST-00589,2025-12-22 00:00:00+00:00,191.51,succeeded,3
CUST-00589,2025-11-22 00:00:00+00:00,199.01,succeeded,3
CUST-00590,2026-03-22 00:00:00+00:00,34.51,succeeded,2
CUST-00590,2026-02-20 00:00:00+00:00,43.7,failed,10
CUST-00590,2026-01-21 00:00:00+00:00,27.96,succeeded,1
CUST-00590,2025-12-22 00:00:00+00:00,29.05,succeeded,2
CUST-00590,2025-11-22 00:00:00+00:00,28.46,failed,2
CUST-00591,2026-04-21 00:00:00+00:00,12.61,succeeded,0
CUST-00591,2026-03-22 00:00:00+00:00,11.35,succeeded,0
CUST-00591,2026-02-20 00:00:00+00:00,10.01,succeeded,1
CUST-00591,2026-01-21 00:00:00+00:00,19.48,succeeded,1
CUST-00591,2025-12-22 00:00:00+00:00,24.82,succeeded,0
CUST-00591,2025-11-22 00:00:00+00:00,12.96,succeeded,2
CUST-00592,2026-03-22 00:00:00+00:00,69.35,succeeded,3
CUST-00592,2026-02-20 00:00:00+00:00,72.27,succeeded,2
CUST-00592,2026-01-21 00:00:00+00:00,67.81,succeeded,0
CUST-00592,2025-12-22 00:00:00+00:00,69.88,failed,6
CUST-00592,2025-11-22 00:00:00+00:00,76.8,succeeded,3
CUST-00593,2026-04-21 00:00:00+00:00,42.11,succeeded,1
CUST-00593,2026-03-22 00:00:00+00:00,31.69,succeeded,1
CUST-00593,2026-02-20 00:00:00+00:00,33.17,succeeded,0
CUST-00593,2026-01-21 00:00:00+00:00,30.62,succeeded,3
CUST-00593,2025-12-22 00:00:00+00:00,40.61,succeeded,0
CUST-00593,2025-11-22 00:00:00+00:00,43.92,succeeded,2
CUST-00594,2026-03-22 00:00:00+00:00,56.37,failed,1
CUST-00594,2026-02-20 00:00:00+00:00,58.29,succeeded,2
CUST-00594,2026-01-21 00:00:00+00:00,68.98,succeeded,2
CUST-00594,2025-12-22 00:00:00+00:00,56.65,succeeded,2
CUST-00594,2025-11-22 00:00:00+00:00,68.67,succeeded,3
CUST-00595,2026-04-21 00:00:00+00:00,213.65,succeeded,2
CUST-00595,2026-03-22 00:00:00+00:00,208.5,succeeded,0
CUST-00595,2026-02-20 00:00:00+00:00,217.62,succeeded,0
CUST-00595,2026-01-21 00:00:00+00:00,215.11,succeeded,1
CUST-00595,2025-12-22 00:00:00+00:00,200.63,succeeded,1
CUST-00595,2025-11-22 00:00:00+00:00,214.92,succeeded,1
CUST-00596,2026-04-21 00:00:00+00:00,93.83,succeeded,3
CUST-00596,2026-03-22 00:00:00+00:00,92.26,failed,14
CUST-00596,2026-02-20 00:00:00+00:00,88.1,succeeded,0
CUST-00596,2026-01-21 00:00:00+00:00,97.28,succeeded,0
CUST-00596,2025-12-22 00:00:00+00:00,82.01,succeeded,1
CUST-00596,2025-11-22 00:00:00+00:00,89.53,succeeded,0
CUST-00597,2026-03-22 00:00:00+00:00,24.08,succeeded,3
CUST-00597,2026-02-20 00:00:00+00:00,28.02,succeeded,1
CUST-00597,2026-01-21 00:00:00+00:00,29.97,succeeded,0
CUST-00597,2025-12-22 00:00:00+00:00,24.37,succeeded,1
CUST-00597,2025-11-22 00:00:00+00:00,27.51,succeeded,0
CUST-00598,2026-04-21 00:00:00+00:00,44.46,succeeded,0
CUST-00598,2026-03-22 00:00:00+00:00,21.5,succeeded,1
CUST-00598,2026-02-20 00:00:00+00:00,38.58,succeeded,1
CUST-00598,2026-01-21 00:00:00+00:00,32.58,succeeded,0
CUST-00598,2025-12-22 00:00:00+00:00,29.84,succeeded,1
CUST-00598,2025-11-22 00:00:00+00:00,42.81,succeeded,0
CUST-00599,2026-04-21 00:00:00+00:00,33.99,succeeded,0
CUST-00599,2026-03-22 00:00:00+00:00,41.93,succeeded,1
CUST-00599,2026-02-20 00:00:00+00:00,37.92,failed,14
CUST-00599,2026-01-21 00:00:00+00:00,35.68,succeeded,1
CUST-00599,2025-12-22 00:00:00+00:00,46.83,succeeded,3
CUST-00599,2025-11-22 00:00:00+00:00,42.35,succeeded,1
CUST-00600,2026-04-21 00:00:00+00:00,27.6,succeeded,0
CUST-00600,2026-03-22 00:00:00+00:00,24.03,succeeded,3
CUST-00600,2026-02-20 00:00:00+00:00,15.42,succeeded,2
CUST-00600,2026-01-21 00:00:00+00:00,25.35,failed,6
CUST-00600,2025-12-22 00:00:00+00:00,29.75,succeeded,0
CUST-00600,2025-11-22 00:00:00+00:00,23.28,succeeded,2
CUST-00601,2026-03-22 00:00:00+00:00,84.15,succeeded,0
CUST-00601,2026-02-20 00:00:00+00:00,79.89,succeeded,1
CUST-00601,2026-01-21 00:00:00+00:00,82.36,failed,0
CUST-00601,2025-12-22 00:00:00+00:00,89.11,succeeded,0
CUST-00601,2025-11-22 00:00:00+00:00,88.89,failed,1
CUST-00602,2026-03-22 00:00:00+00:00,63.69,succeeded,2
CUST-00602,2026-02-20 00:00:00+00:00,79.04,succeeded,0
CUST-00602,2026-01-21 00:00:00+00:00,74.04,succeeded,0
CUST-00602,2025-12-22 00:00:00+00:00,70.56,succeeded,3
CUST-00602,2025-11-22 00:00:00+00:00,81.62,succeeded,3
CUST-00603,2026-04-21 00:00:00+00:00,22.23,succeeded,0
CUST-00603,2026-03-22 00:00:00+00:00,16.77,succeeded,0
CUST-00603,2026-02-20 00:00:00+00:00,14.65,succeeded,0
CUST-00603,2026-01-21 00:00:00+00:00,23.72,succeeded,0
CUST-00603,2025-12-22 00:00:00+00:00,21.58,succeeded,2
CUST-00603,2025-11-22 00:00:00+00:00,26.6,succeeded,2
CUST-00604,2026-03-22 00:00:00+00:00,30.06,succeeded,1
CUST-00604,2026-02-20 00:00:00+00:00,17.38,succeeded,1
CUST-00604,2026-01-21 00:00:00+00:00,22.56,succeeded,1
CUST-00604,2025-12-22 00:00:00+00:00,24.6,succeeded,2
CUST-00604,2025-11-22 00:00:00+00:00,31.9,succeeded,3
CUST-00605,2026-04-21 00:00:00+00:00,196.22,failed,0
CUST-00605,2026-03-22 00:00:00+00:00,191.08,succeeded,2
CUST-00605,2026-02-20 00:00:00+00:00,203.03,succeeded,2
CUST-00605,2026-01-21 00:00:00+00:00,197.82,succeeded,0
CUST-00605,2025-12-22 00:00:00+00:00,194.42,succeeded,1
CUST-00605,2025-11-22 00:00:00+00:00,207.26,succeeded,0
CUST-00606,2026-04-21 00:00:00+00:00,51.64,succeeded,0
CUST-00606,2026-03-22 00:00:00+00:00,39.26,succeeded,1
CUST-00606,2026-02-20 00:00:00+00:00,36.78,succeeded,2
CUST-00606,2026-01-21 00:00:00+00:00,42.75,succeeded,1
CUST-00606,2025-12-22 00:00:00+00:00,37.27,succeeded,0
CUST-00606,2025-11-22 00:00:00+00:00,40.26,succeeded,1
CUST-00607,2026-03-22 00:00:00+00:00,76.44,succeeded,1
CUST-00607,2026-02-20 00:00:00+00:00,75.85,succeeded,3
CUST-00607,2026-01-21 00:00:00+00:00,77.62,failed,8
CUST-00607,2025-12-22 00:00:00+00:00,71.57,succeeded,3
CUST-00607,2025-11-22 00:00:00+00:00,75.45,succeeded,2
CUST-00608,2026-03-22 00:00:00+00:00,24.38,succeeded,2
CUST-00608,2026-02-20 00:00:00+00:00,28.79,succeeded,3
CUST-00608,2026-01-21 00:00:00+00:00,18.24,succeeded,0
CUST-00608,2025-12-22 00:00:00+00:00,14.81,succeeded,1
CUST-00608,2025-11-22 00:00:00+00:00,22.21,succeeded,2
CUST-00609,2026-04-21 00:00:00+00:00,68.6,succeeded,2
CUST-00609,2026-03-22 00:00:00+00:00,70.38,succeeded,0
CUST-00609,2026-02-20 00:00:00+00:00,71.9,succeeded,2
CUST-00609,2026-01-21 00:00:00+00:00,66.78,succeeded,3
CUST-00609,2025-12-22 00:00:00+00:00,74.85,failed,6
CUST-00609,2025-11-22 00:00:00+00:00,66.94,failed,5
CUST-00610,2026-04-21 00:00:00+00:00,41.5,succeeded,1
CUST-00610,2026-03-22 00:00:00+00:00,29.35,succeeded,3
CUST-00610,2026-02-20 00:00:00+00:00,37.03,succeeded,3
CUST-00610,2026-01-21 00:00:00+00:00,37.52,succeeded,3
CUST-00610,2025-12-22 00:00:00+00:00,33.72,succeeded,3
CUST-00610,2025-11-22 00:00:00+00:00,33.98,succeeded,3
CUST-00611,2026-04-21 00:00:00+00:00,81.95,succeeded,0
CUST-00611,2026-03-22 00:00:00+00:00,99.07,succeeded,1
CUST-00611,2026-02-20 00:00:00+00:00,96.68,succeeded,0
CUST-00611,2026-01-21 00:00:00+00:00,92.49,succeeded,1
CUST-00611,2025-12-22 00:00:00+00:00,88.34,succeeded,1
CUST-00611,2025-11-22 00:00:00+00:00,104.14,succeeded,0
CUST-00612,2026-04-21 00:00:00+00:00,32.94,failed,7
CUST-00612,2026-03-22 00:00:00+00:00,28.34,succeeded,1
CUST-00612,2026-02-20 00:00:00+00:00,33.79,succeeded,2
CUST-00612,2026-01-21 00:00:00+00:00,33.79,succeeded,1
CUST-00612,2025-12-22 00:00:00+00:00,33.99,succeeded,1
CUST-00612,2025-11-22 00:00:00+00:00,27.21,succeeded,0
CUST-00613,2026-04-21 00:00:00+00:00,70.91,succeeded,2
CUST-00613,2026-03-22 00:00:00+00:00,72.52,succeeded,2
CUST-00613,2026-02-20 00:00:00+00:00,72.96,succeeded,2
CUST-00613,2026-01-21 00:00:00+00:00,82.07,succeeded,1
CUST-00613,2025-12-22 00:00:00+00:00,79.38,succeeded,3
CUST-00613,2025-11-22 00:00:00+00:00,73.94,succeeded,0
CUST-00614,2026-04-21 00:00:00+00:00,37.17,succeeded,0
CUST-00614,2026-03-22 00:00:00+00:00,27.44,succeeded,2
CUST-00614,2026-02-20 00:00:00+00:00,40.05,succeeded,1
CUST-00614,2026-01-21 00:00:00+00:00,35.75,failed,6
CUST-00614,2025-12-22 00:00:00+00:00,40.8,succeeded,2
CUST-00614,2025-11-22 00:00:00+00:00,44.34,succeeded,2
CUST-00615,2026-03-22 00:00:00+00:00,23.39,succeeded,0
CUST-00615,2026-02-20 00:00:00+00:00,25.14,succeeded,3
CUST-00615,2026-01-21 00:00:00+00:00,34.54,failed,7
CUST-00615,2025-12-22 00:00:00+00:00,23.42,failed,3
CUST-00615,2025-11-22 00:00:00+00:00,19.41,succeeded,1
CUST-00616,2026-04-21 00:00:00+00:00,80.01,succeeded,1
CUST-00616,2026-03-22 00:00:00+00:00,76.87,succeeded,3
CUST-00616,2026-02-20 00:00:00+00:00,73.85,failed,6
CUST-00616,2026-01-21 00:00:00+00:00,76.58,succeeded,2
CUST-00616,2025-12-22 00:00:00+00:00,82.63,succeeded,1
CUST-00616,2025-11-22 00:00:00+00:00,75.71,succeeded,3
CUST-00617,2026-03-22 00:00:00+00:00,22.84,succeeded,1
CUST-00617,2026-02-20 00:00:00+00:00,28.69,succeeded,3
CUST-00617,2026-01-21 00:00:00+00:00,17.86,succeeded,2
CUST-00617,2025-12-22 00:00:00+00:00,20.05,succeeded,2
CUST-00617,2025-11-22 00:00:00+00:00,23.06,succeeded,1
CUST-00618,2026-03-22 00:00:00+00:00,41.36,failed,8
CUST-00618,2026-02-20 00:00:00+00:00,38.38,succeeded,0
CUST-00618,2026-01-21 00:00:00+00:00,41.23,succeeded,1
CUST-00618,2025-12-22 00:00:00+00:00,34.45,succeeded,0
CUST-00618,2025-11-22 00:00:00+00:00,44.77,succeeded,1
CUST-00619,2026-04-21 00:00:00+00:00,15.98,succeeded,0
CUST-00619,2026-03-22 00:00:00+00:00,16.67,succeeded,3
CUST-00619,2026-02-20 00:00:00+00:00,10.0,succeeded,2
CUST-00619,2026-01-21 00:00:00+00:00,10.0,succeeded,3
CUST-00619,2025-12-22 00:00:00+00:00,13.67,succeeded,2
CUST-00619,2025-11-22 00:00:00+00:00,10.0,failed,6
CUST-00620,2026-03-22 00:00:00+00:00,39.16,failed,2
CUST-00620,2026-02-20 00:00:00+00:00,33.35,succeeded,3
CUST-00620,2026-01-21 00:00:00+00:00,35.15,succeeded,2
CUST-00620,2025-12-22 00:00:00+00:00,37.98,failed,8
CUST-00620,2025-11-22 00:00:00+00:00,37.77,succeeded,0
CUST-00621,2026-04-21 00:00:00+00:00,28.33,succeeded,0
CUST-00621,2026-03-22 00:00:00+00:00,25.57,succeeded,1
CUST-00621,2026-02-20 00:00:00+00:00,26.66,succeeded,3
CUST-00621,2026-01-21 00:00:00+00:00,15.31,succeeded,0
CUST-00621,2025-12-22 00:00:00+00:00,25.54,succeeded,2
CUST-00621,2025-11-22 00:00:00+00:00,28.78,succeeded,0
CUST-00622,2026-04-21 00:00:00+00:00,192.97,succeeded,2
CUST-00622,2026-03-22 00:00:00+00:00,196.9,succeeded,3
CUST-00622,2026-02-20 00:00:00+00:00,200.31,succeeded,0
CUST-00622,2026-01-21 00:00:00+00:00,191.48,succeeded,2
CUST-00622,2025-12-22 00:00:00+00:00,190.85,succeeded,1
CUST-00622,2025-11-22 00:00:00+00:00,190.11,failed,2
CUST-00623,2026-04-21 00:00:00+00:00,40.15,succeeded,1
CUST-00623,2026-03-22 00:00:00+00:00,41.53,succeeded,1
CUST-00623,2026-02-20 00:00:00+00:00,36.03,succeeded,0
CUST-00623,2026-01-21 00:00:00+00:00,47.47,succeeded,3
CUST-00623,2025-12-22 00:00:00+00:00,44.11,succeeded,1
CUST-00623,2025-11-22 00:00:00+00:00,39.5,succeeded,1
CUST-00624,2026-03-22 00:00:00+00:00,75.45,failed,3
CUST-00624,2026-02-20 00:00:00+00:00,72.78,succeeded,3
CUST-00624,2026-01-21 00:00:00+00:00,68.2,succeeded,0
CUST-00624,2025-12-22 00:00:00+00:00,66.58,succeeded,3
CUST-00624,2025-11-22 00:00:00+00:00,66.75,succeeded,0
CUST-00625,2026-04-21 00:00:00+00:00,200.11,succeeded,0
CUST-00625,2026-03-22 00:00:00+00:00,196.32,succeeded,1
CUST-00625,2026-02-20 00:00:00+00:00,191.49,failed,14
CUST-00625,2026-01-21 00:00:00+00:00,195.79,succeeded,1
CUST-00625,2025-12-22 00:00:00+00:00,195.72,succeeded,2
CUST-00625,2025-11-22 00:00:00+00:00,186.51,succeeded,0
CUST-00626,2026-04-21 00:00:00+00:00,30.56,succeeded,1
CUST-00626,2026-03-22 00:00:00+00:00,29.06,succeeded,3
CUST-00626,2026-02-20 00:00:00+00:00,24.82,succeeded,3
CUST-00626,2026-01-21 00:00:00+00:00,25.55,succeeded,0
CUST-00626,2025-12-22 00:00:00+00:00,31.51,succeeded,3
CUST-00626,2025-11-22 00:00:00+00:00,35.28,succeeded,0
CUST-00627,2026-04-21 00:00:00+00:00,77.21,succeeded,3
CUST-00627,2026-03-22 00:00:00+00:00,82.48,failed,2
CUST-00627,2026-02-20 00:00:00+00:00,86.15,succeeded,1
CUST-00627,2026-01-21 00:00:00+00:00,88.1,failed,3
CUST-00627,2025-12-22 00:00:00+00:00,84.89,succeeded,0
CUST-00627,2025-11-22 00:00:00+00:00,80.68,failed,7
CUST-00628,2026-04-21 00:00:00+00:00,198.07,failed,5
CUST-00628,2026-03-22 00:00:00+00:00,198.61,succeeded,1
CUST-00628,2026-02-20 00:00:00+00:00,197.49,succeeded,3
CUST-00628,2026-01-21 00:00:00+00:00,201.55,succeeded,3
CUST-00628,2025-12-22 00:00:00+00:00,198.36,succeeded,3
CUST-00628,2025-11-22 00:00:00+00:00,196.77,succeeded,0
CUST-00629,2026-03-22 00:00:00+00:00,66.15,succeeded,0
CUST-00629,2026-02-20 00:00:00+00:00,72.67,succeeded,3
CUST-00629,2026-01-21 00:00:00+00:00,59.52,succeeded,1
CUST-00629,2025-12-22 00:00:00+00:00,67.54,failed,0
CUST-00629,2025-11-22 00:00:00+00:00,64.3,succeeded,2
CUST-00630,2026-04-21 00:00:00+00:00,23.7,succeeded,0
CUST-00630,2026-03-22 00:00:00+00:00,17.91,succeeded,3
CUST-00630,2026-02-20 00:00:00+00:00,21.7,succeeded,1
CUST-00630,2026-01-21 00:00:00+00:00,24.22,failed,8
CUST-00630,2025-12-22 00:00:00+00:00,13.44,succeeded,2
CUST-00630,2025-11-22 00:00:00+00:00,17.83,succeeded,3
CUST-00631,2026-04-21 00:00:00+00:00,33.77,succeeded,1
CUST-00631,2026-03-22 00:00:00+00:00,34.14,succeeded,2
CUST-00631,2026-02-20 00:00:00+00:00,38.8,succeeded,3
CUST-00631,2026-01-21 00:00:00+00:00,36.33,succeeded,1
CUST-00631,2025-12-22 00:00:00+00:00,42.12,succeeded,1
CUST-00631,2025-11-22 00:00:00+00:00,32.19,succeeded,1
CUST-00632,2026-04-21 00:00:00+00:00,28.43,succeeded,3
CUST-00632,2026-03-22 00:00:00+00:00,24.54,succeeded,2
CUST-00632,2026-02-20 00:00:00+00:00,30.88,failed,11
CUST-00632,2026-01-21 00:00:00+00:00,29.51,succeeded,2
CUST-00632,2025-12-22 00:00:00+00:00,29.75,succeeded,1
CUST-00632,2025-11-22 00:00:00+00:00,29.99,succeeded,0
CUST-00633,2026-04-21 00:00:00+00:00,81.94,succeeded,2
CUST-00633,2026-03-22 00:00:00+00:00,78.52,succeeded,1
CUST-00633,2026-02-20 00:00:00+00:00,91.24,succeeded,2
CUST-00633,2026-01-21 00:00:00+00:00,84.62,succeeded,3
CUST-00633,2025-12-22 00:00:00+00:00,92.15,succeeded,3
CUST-00633,2025-11-22 00:00:00+00:00,86.41,succeeded,2
CUST-00634,2026-04-21 00:00:00+00:00,200.96,succeeded,2
CUST-00634,2026-03-22 00:00:00+00:00,204.78,succeeded,3
CUST-00634,2026-02-20 00:00:00+00:00,206.86,failed,4
CUST-00634,2026-01-21 00:00:00+00:00,189.99,succeeded,1
CUST-00634,2025-12-22 00:00:00+00:00,197.25,succeeded,1
CUST-00634,2025-11-22 00:00:00+00:00,205.48,succeeded,0
CUST-00635,2026-04-21 00:00:00+00:00,199.05,succeeded,3
CUST-00635,2026-03-22 00:00:00+00:00,185.62,succeeded,3
CUST-00635,2026-02-20 00:00:00+00:00,194.98,succeeded,1
CUST-00635,2026-01-21 00:00:00+00:00,189.09,succeeded,0
CUST-00635,2025-12-22 00:00:00+00:00,187.55,succeeded,0
CUST-00635,2025-11-22 00:00:00+00:00,196.15,succeeded,1
CUST-00636,2026-04-21 00:00:00+00:00,41.23,succeeded,1
CUST-00636,2026-03-22 00:00:00+00:00,47.94,failed,12
CUST-00636,2026-02-20 00:00:00+00:00,39.77,succeeded,0
CUST-00636,2026-01-21 00:00:00+00:00,44.16,succeeded,1
CUST-00636,2025-12-22 00:00:00+00:00,41.88,succeeded,1
CUST-00636,2025-11-22 00:00:00+00:00,33.3,failed,14
CUST-00637,2026-04-21 00:00:00+00:00,75.63,succeeded,1
CUST-00637,2026-03-22 00:00:00+00:00,84.98,succeeded,3
CUST-00637,2026-02-20 00:00:00+00:00,77.95,succeeded,2
CUST-00637,2026-01-21 00:00:00+00:00,75.76,succeeded,2
CUST-00637,2025-12-22 00:00:00+00:00,76.16,succeeded,1
CUST-00637,2025-11-22 00:00:00+00:00,79.77,succeeded,2
CUST-00638,2026-04-21 00:00:00+00:00,27.9,succeeded,3
CUST-00638,2026-03-22 00:00:00+00:00,28.35,succeeded,1
CUST-00638,2026-02-20 00:00:00+00:00,26.48,succeeded,1
CUST-00638,2026-01-21 00:00:00+00:00,20.3,failed,6
CUST-00638,2025-12-22 00:00:00+00:00,30.44,succeeded,0
CUST-00638,2025-11-22 00:00:00+00:00,29.05,succeeded,0
CUST-00639,2026-04-21 00:00:00+00:00,205.38,succeeded,3
CUST-00639,2026-03-22 00:00:00+00:00,209.02,succeeded,2
CUST-00639,2026-02-20 00:00:00+00:00,204.82,succeeded,3
CUST-00639,2026-01-21 00:00:00+00:00,207.04,succeeded,3
CUST-00639,2025-12-22 00:00:00+00:00,205.82,succeeded,3
CUST-00639,2025-11-22 00:00:00+00:00,203.98,succeeded,1
CUST-00640,2026-03-22 00:00:00+00:00,31.99,succeeded,2
CUST-00640,2026-02-20 00:00:00+00:00,16.47,succeeded,2
CUST-00640,2026-01-21 00:00:00+00:00,21.3,succeeded,1
CUST-00640,2025-12-22 00:00:00+00:00,25.99,succeeded,3
CUST-00640,2025-11-22 00:00:00+00:00,22.72,succeeded,1
CUST-00641,2026-04-21 00:00:00+00:00,199.9,succeeded,2
CUST-00641,2026-03-22 00:00:00+00:00,193.64,succeeded,1
CUST-00641,2026-02-20 00:00:00+00:00,195.8,succeeded,0
CUST-00641,2026-01-21 00:00:00+00:00,200.09,succeeded,2
CUST-00641,2025-12-22 00:00:00+00:00,186.17,succeeded,2
CUST-00641,2025-11-22 00:00:00+00:00,198.34,succeeded,2
CUST-00642,2026-03-22 00:00:00+00:00,84.46,succeeded,0
CUST-00642,2026-02-20 00:00:00+00:00,81.62,succeeded,2
CUST-00642,2026-01-21 00:00:00+00:00,78.0,succeeded,3
CUST-00642,2025-12-22 00:00:00+00:00,83.36,succeeded,0
CUST-00642,2025-11-22 00:00:00+00:00,83.67,succeeded,3
CUST-00643,2026-04-21 00:00:00+00:00,20.64,succeeded,0
CUST-00643,2026-03-22 00:00:00+00:00,23.55,succeeded,3
CUST-00643,2026-02-20 00:00:00+00:00,29.26,succeeded,0
CUST-00643,2026-01-21 00:00:00+00:00,35.81,failed,4
CUST-00643,2025-12-22 00:00:00+00:00,27.44,succeeded,2
CUST-00643,2025-11-22 00:00:00+00:00,21.71,succeeded,1
CUST-00644,2026-03-22 00:00:00+00:00,29.63,succeeded,3
CUST-00644,2026-02-20 00:00:00+00:00,33.44,succeeded,2
CUST-00644,2026-01-21 00:00:00+00:00,35.99,succeeded,2
CUST-00644,2025-12-22 00:00:00+00:00,34.56,succeeded,1
CUST-00644,2025-11-22 00:00:00+00:00,32.85,succeeded,1
CUST-00645,2026-03-22 00:00:00+00:00,97.58,failed,11
CUST-00645,2026-02-20 00:00:00+00:00,94.32,failed,3
CUST-00645,2026-01-21 00:00:00+00:00,94.18,succeeded,2
CUST-00645,2025-12-22 00:00:00+00:00,91.53,succeeded,0
CUST-00645,2025-11-22 00:00:00+00:00,96.96,succeeded,0
CUST-00646,2026-03-22 00:00:00+00:00,28.05,failed,9
CUST-00646,2026-02-20 00:00:00+00:00,26.46,succeeded,0
CUST-00646,2026-01-21 00:00:00+00:00,35.26,succeeded,1
CUST-00646,2025-12-22 00:00:00+00:00,26.53,succeeded,1
CUST-00646,2025-11-22 00:00:00+00:00,36.19,succeeded,3
CUST-00647,2026-03-22 00:00:00+00:00,60.2,succeeded,0
CUST-00647,2026-02-20 00:00:00+00:00,52.47,succeeded,1
CUST-00647,2026-01-21 00:00:00+00:00,55.37,succeeded,2
CUST-00647,2025-12-22 00:00:00+00:00,60.64,succeeded,2
CUST-00647,2025-11-22 00:00:00+00:00,66.42,succeeded,2
CUST-00648,2026-04-21 00:00:00+00:00,198.8,succeeded,0
CUST-00648,2026-03-22 00:00:00+00:00,206.15,succeeded,3
CUST-00648,2026-02-20 00:00:00+00:00,206.06,succeeded,0
CUST-00648,2026-01-21 00:00:00+00:00,198.26,succeeded,2
CUST-00648,2025-12-22 00:00:00+00:00,199.37,succeeded,0
CUST-00648,2025-11-22 00:00:00+00:00,204.14,succeeded,1
CUST-00649,2026-03-22 00:00:00+00:00,80.37,succeeded,1
CUST-00649,2026-02-20 00:00:00+00:00,80.88,succeeded,3
CUST-00649,2026-01-21 00:00:00+00:00,75.82,failed,1
CUST-00649,2025-12-22 00:00:00+00:00,83.03,failed,3
CUST-00649,2025-11-22 00:00:00+00:00,77.42,succeeded,1
CUST-00650,2026-04-21 00:00:00+00:00,26.62,succeeded,2
CUST-00650,2026-03-22 00:00:00+00:00,29.39,succeeded,0
CUST-00650,2026-02-20 00:00:00+00:00,28.96,succeeded,0
CUST-00650,2026-01-21 00:00:00+00:00,30.28,succeeded,3
CUST-00650,2025-12-22 00:00:00+00:00,30.01,succeeded,0
CUST-00650,2025-11-22 00:00:00+00:00,31.99,succeeded,1
CUST-00651,2026-04-21 00:00:00+00:00,27.14,succeeded,1
CUST-00651,2026-03-22 00:00:00+00:00,30.43,succeeded,3
CUST-00651,2026-02-20 00:00:00+00:00,32.09,succeeded,1
CUST-00651,2026-01-21 00:00:00+00:00,26.78,succeeded,1
CUST-00651,2025-12-22 00:00:00+00:00,36.42,succeeded,0
CUST-00651,2025-11-22 00:00:00+00:00,25.02,succeeded,3
CUST-00652,2026-03-22 00:00:00+00:00,26.3,succeeded,1
CUST-00652,2026-02-20 00:00:00+00:00,27.72,succeeded,1
CUST-00652,2026-01-21 00:00:00+00:00,28.22,succeeded,1
CUST-00652,2025-12-22 00:00:00+00:00,25.32,failed,12
CUST-00652,2025-11-22 00:00:00+00:00,37.85,succeeded,1
CUST-00653,2026-04-21 00:00:00+00:00,200.88,succeeded,2
CUST-00653,2026-03-22 00:00:00+00:00,192.59,succeeded,3
CUST-00653,2026-02-20 00:00:00+00:00,198.34,succeeded,0
CUST-00653,2026-01-21 00:00:00+00:00,198.86,succeeded,2
CUST-00653,2025-12-22 00:00:00+00:00,201.25,succeeded,1
CUST-00653,2025-11-22 00:00:00+00:00,195.47,succeeded,2
CUST-00654,2026-04-21 00:00:00+00:00,41.3,succeeded,2
CUST-00654,2026-03-22 00:00:00+00:00,38.48,succeeded,1
CUST-00654,2026-02-20 00:00:00+00:00,34.13,succeeded,3
CUST-00654,2026-01-21 00:00:00+00:00,32.82,succeeded,3
CUST-00654,2025-12-22 00:00:00+00:00,21.61,succeeded,2
CUST-00654,2025-11-22 00:00:00+00:00,31.75,succeeded,3
CUST-00655,2026-03-22 00:00:00+00:00,27.05,succeeded,2
CUST-00655,2026-02-20 00:00:00+00:00,25.05,failed,4
CUST-00655,2026-01-21 00:00:00+00:00,15.54,succeeded,3
CUST-00655,2025-12-22 00:00:00+00:00,21.0,succeeded,0
CUST-00655,2025-11-22 00:00:00+00:00,21.01,succeeded,2
CUST-00656,2026-03-22 00:00:00+00:00,15.79,succeeded,3
CUST-00656,2026-02-20 00:00:00+00:00,18.35,succeeded,1
CUST-00656,2026-01-21 00:00:00+00:00,18.24,succeeded,1
CUST-00656,2025-12-22 00:00:00+00:00,28.91,failed,11
CUST-00656,2025-11-22 00:00:00+00:00,22.16,succeeded,3
CUST-00657,2026-04-21 00:00:00+00:00,213.8,succeeded,0
CUST-00657,2026-03-22 00:00:00+00:00,217.01,succeeded,1
CUST-00657,2026-02-20 00:00:00+00:00,216.51,failed,6
CUST-00657,2026-01-21 00:00:00+00:00,211.86,succeeded,3
CUST-00657,2025-12-22 00:00:00+00:00,221.03,succeeded,2
CUST-00657,2025-11-22 00:00:00+00:00,224.65,succeeded,2
CUST-00658,2026-04-21 00:00:00+00:00,23.63,failed,3
CUST-00658,2026-03-22 00:00:00+00:00,22.68,succeeded,1
CUST-00658,2026-02-20 00:00:00+00:00,29.3,succeeded,1
CUST-00658,2026-01-21 00:00:00+00:00,27.04,succeeded,2
CUST-00658,2025-12-22 00:00:00+00:00,27.31,succeeded,3
CUST-00658,2025-11-22 00:00:00+00:00,11.01,succeeded,3
CUST-00659,2026-04-21 00:00:00+00:00,191.87,succeeded,0
CUST-00659,2026-03-22 00:00:00+00:00,204.41,succeeded,0
CUST-00659,2026-02-20 00:00:00+00:00,207.26,succeeded,2
CUST-00659,2026-01-21 00:00:00+00:00,196.81,succeeded,2
CUST-00659,2025-12-22 00:00:00+00:00,194.0,succeeded,2
CUST-00659,2025-11-22 00:00:00+00:00,188.86,succeeded,2
CUST-00660,2026-04-21 00:00:00+00:00,68.12,succeeded,0
CUST-00660,2026-03-22 00:00:00+00:00,63.71,succeeded,0
CUST-00660,2026-02-20 00:00:00+00:00,68.72,succeeded,1
CUST-00660,2026-01-21 00:00:00+00:00,70.33,succeeded,3
CUST-00660,2025-12-22 00:00:00+00:00,67.15,succeeded,0
CUST-00660,2025-11-22 00:00:00+00:00,62.19,succeeded,1
CUST-00661,2026-03-22 00:00:00+00:00,79.73,failed,6
CUST-00661,2026-02-20 00:00:00+00:00,77.42,failed,0
CUST-00661,2026-01-21 00:00:00+00:00,83.35,failed,9
CUST-00661,2025-12-22 00:00:00+00:00,78.41,succeeded,3
CUST-00661,2025-11-22 00:00:00+00:00,78.34,succeeded,1
CUST-00662,2026-03-22 00:00:00+00:00,186.11,succeeded,2
CUST-00662,2026-02-20 00:00:00+00:00,194.89,succeeded,2
CUST-00662,2026-01-21 00:00:00+00:00,198.26,succeeded,1
CUST-00662,2025-12-22 00:00:00+00:00,182.76,succeeded,3
CUST-00662,2025-11-22 00:00:00+00:00,198.76,succeeded,1
CUST-00663,2026-04-21 00:00:00+00:00,70.13,succeeded,3
CUST-00663,2026-03-22 00:00:00+00:00,59.18,succeeded,0
CUST-00663,2026-02-20 00:00:00+00:00,72.9,failed,13
CUST-00663,2026-01-21 00:00:00+00:00,75.71,succeeded,0
CUST-00663,2025-12-22 00:00:00+00:00,77.07,succeeded,3
CUST-00663,2025-11-22 00:00:00+00:00,79.75,succeeded,2
CUST-00664,2026-04-21 00:00:00+00:00,200.92,succeeded,2
CUST-00664,2026-03-22 00:00:00+00:00,213.07,succeeded,2
CUST-00664,2026-02-20 00:00:00+00:00,199.81,succeeded,0
CUST-00664,2026-01-21 00:00:00+00:00,209.46,succeeded,1
CUST-00664,2025-12-22 00:00:00+00:00,207.44,succeeded,1
CUST-00664,2025-11-22 00:00:00+00:00,198.94,succeeded,0
CUST-00665,2026-04-21 00:00:00+00:00,34.49,succeeded,3
CUST-00665,2026-03-22 00:00:00+00:00,29.09,succeeded,1
CUST-00665,2026-02-20 00:00:00+00:00,25.54,succeeded,1
CUST-00665,2026-01-21 00:00:00+00:00,36.61,succeeded,0
CUST-00665,2025-12-22 00:00:00+00:00,19.97,succeeded,3
CUST-00665,2025-11-22 00:00:00+00:00,25.52,succeeded,0
CUST-00666,2026-04-21 00:00:00+00:00,84.48,succeeded,2
CUST-00666,2026-03-22 00:00:00+00:00,90.45,succeeded,1
CUST-00666,2026-02-20 00:00:00+00:00,86.74,succeeded,1
CUST-00666,2026-01-21 00:00:00+00:00,86.24,succeeded,1
CUST-00666,2025-12-22 00:00:00+00:00,95.86,succeeded,1
CUST-00666,2025-11-22 00:00:00+00:00,87.62,succeeded,3
CUST-00667,2026-04-21 00:00:00+00:00,64.28,succeeded,3
CUST-00667,2026-03-22 00:00:00+00:00,68.35,succeeded,1
CUST-00667,2026-02-20 00:00:00+00:00,63.56,succeeded,2
CUST-00667,2026-01-21 00:00:00+00:00,60.47,succeeded,1
CUST-00667,2025-12-22 00:00:00+00:00,62.91,succeeded,1
CUST-00667,2025-11-22 00:00:00+00:00,64.6,failed,14
CUST-00668,2026-04-21 00:00:00+00:00,88.22,succeeded,0
CUST-00668,2026-03-22 00:00:00+00:00,82.66,succeeded,0
CUST-00668,2026-02-20 00:00:00+00:00,95.07,succeeded,0
CUST-00668,2026-01-21 00:00:00+00:00,95.16,succeeded,0
CUST-00668,2025-12-22 00:00:00+00:00,95.16,succeeded,3
CUST-00668,2025-11-22 00:00:00+00:00,87.78,succeeded,2
CUST-00669,2026-04-21 00:00:00+00:00,187.27,succeeded,0
CUST-00669,2026-03-22 00:00:00+00:00,192.72,succeeded,0
CUST-00669,2026-02-20 00:00:00+00:00,188.79,succeeded,1
CUST-00669,2026-01-21 00:00:00+00:00,180.89,succeeded,3
CUST-00669,2025-12-22 00:00:00+00:00,188.19,succeeded,0
CUST-00669,2025-11-22 00:00:00+00:00,182.74,succeeded,2
CUST-00670,2026-04-21 00:00:00+00:00,209.9,succeeded,1
CUST-00670,2026-03-22 00:00:00+00:00,216.92,succeeded,1
CUST-00670,2026-02-20 00:00:00+00:00,206.03,succeeded,0
CUST-00670,2026-01-21 00:00:00+00:00,218.97,succeeded,3
CUST-00670,2025-12-22 00:00:00+00:00,210.24,succeeded,1
CUST-00670,2025-11-22 00:00:00+00:00,217.33,succeeded,0
CUST-00671,2026-03-22 00:00:00+00:00,86.61,failed,5
CUST-00671,2026-02-20 00:00:00+00:00,88.88,succeeded,1
CUST-00671,2026-01-21 00:00:00+00:00,93.53,succeeded,3
CUST-00671,2025-12-22 00:00:00+00:00,82.94,succeeded,1
CUST-00671,2025-11-22 00:00:00+00:00,86.59,succeeded,0
CUST-00672,2026-04-21 00:00:00+00:00,31.02,succeeded,3
CUST-00672,2026-03-22 00:00:00+00:00,36.82,succeeded,2
CUST-00672,2026-02-20 00:00:00+00:00,31.11,failed,0
CUST-00672,2026-01-21 00:00:00+00:00,39.56,succeeded,2
CUST-00672,2025-12-22 00:00:00+00:00,35.29,succeeded,3
CUST-00672,2025-11-22 00:00:00+00:00,33.83,succeeded,1
CUST-00673,2026-03-22 00:00:00+00:00,26.64,succeeded,1
CUST-00673,2026-02-20 00:00:00+00:00,24.04,failed,7
CUST-00673,2026-01-21 00:00:00+00:00,23.52,succeeded,2
CUST-00673,2025-12-22 00:00:00+00:00,24.13,succeeded,0
CUST-00673,2025-11-22 00:00:00+00:00,24.63,succeeded,0
CUST-00674,2026-04-21 00:00:00+00:00,25.41,succeeded,3
CUST-00674,2026-03-22 00:00:00+00:00,30.24,succeeded,0
CUST-00674,2026-02-20 00:00:00+00:00,34.3,succeeded,2
CUST-00674,2026-01-21 00:00:00+00:00,37.64,succeeded,3
CUST-00674,2025-12-22 00:00:00+00:00,35.7,succeeded,2
CUST-00674,2025-11-22 00:00:00+00:00,34.57,succeeded,2
CUST-00675,2026-03-22 00:00:00+00:00,27.83,succeeded,0
CUST-00675,2026-02-20 00:00:00+00:00,23.55,succeeded,1
CUST-00675,2026-01-21 00:00:00+00:00,28.8,succeeded,1
CUST-00675,2025-12-22 00:00:00+00:00,23.47,succeeded,3
CUST-00675,2025-11-22 00:00:00+00:00,28.62,succeeded,2
CUST-00676,2026-03-22 00:00:00+00:00,29.25,succeeded,1
CUST-00676,2026-02-20 00:00:00+00:00,22.21,failed,8
CUST-00676,2026-01-21 00:00:00+00:00,31.6,succeeded,0
CUST-00676,2025-12-22 00:00:00+00:00,30.83,succeeded,3
CUST-00676,2025-11-22 00:00:00+00:00,33.22,succeeded,3
CUST-00677,2026-03-22 00:00:00+00:00,35.69,succeeded,2
CUST-00677,2026-02-20 00:00:00+00:00,19.03,succeeded,0
CUST-00677,2026-01-21 00:00:00+00:00,28.14,succeeded,2
CUST-00677,2025-12-22 00:00:00+00:00,19.16,succeeded,3
CUST-00677,2025-11-22 00:00:00+00:00,21.54,succeeded,3
CUST-00678,2026-03-22 00:00:00+00:00,20.16,succeeded,1
CUST-00678,2026-02-20 00:00:00+00:00,10.0,succeeded,3
CUST-00678,2026-01-21 00:00:00+00:00,10.0,succeeded,1
CUST-00678,2025-12-22 00:00:00+00:00,15.37,succeeded,1
CUST-00678,2025-11-22 00:00:00+00:00,11.36,succeeded,2
CUST-00679,2026-04-21 00:00:00+00:00,87.83,succeeded,1
CUST-00679,2026-03-22 00:00:00+00:00,91.96,succeeded,0
CUST-00679,2026-02-20 00:00:00+00:00,84.27,succeeded,0
CUST-00679,2026-01-21 00:00:00+00:00,86.32,succeeded,1
CUST-00679,2025-12-22 00:00:00+00:00,85.21,succeeded,3
CUST-00679,2025-11-22 00:00:00+00:00,78.96,succeeded,3
CUST-00680,2026-04-21 00:00:00+00:00,28.22,succeeded,1
CUST-00680,2026-03-22 00:00:00+00:00,29.39,succeeded,2
CUST-00680,2026-02-20 00:00:00+00:00,23.54,succeeded,3
CUST-00680,2026-01-21 00:00:00+00:00,34.42,succeeded,1
CUST-00680,2025-12-22 00:00:00+00:00,20.12,succeeded,1
CUST-00680,2025-11-22 00:00:00+00:00,25.64,succeeded,1
CUST-00681,2026-04-21 00:00:00+00:00,200.87,succeeded,2
CUST-00681,2026-03-22 00:00:00+00:00,195.26,succeeded,3
CUST-00681,2026-02-20 00:00:00+00:00,191.91,succeeded,2
CUST-00681,2026-01-21 00:00:00+00:00,208.82,succeeded,2
CUST-00681,2025-12-22 00:00:00+00:00,190.64,succeeded,3
CUST-00681,2025-11-22 00:00:00+00:00,199.42,succeeded,3
CUST-00682,2026-04-21 00:00:00+00:00,64.44,succeeded,0
CUST-00682,2026-03-22 00:00:00+00:00,68.08,succeeded,0
CUST-00682,2026-02-20 00:00:00+00:00,73.26,succeeded,3
CUST-00682,2026-01-21 00:00:00+00:00,70.21,succeeded,2
CUST-00682,2025-12-22 00:00:00+00:00,69.21,succeeded,0
CUST-00682,2025-11-22 00:00:00+00:00,69.74,succeeded,1
CUST-00683,2026-04-21 00:00:00+00:00,33.46,succeeded,1
CUST-00683,2026-03-22 00:00:00+00:00,33.56,succeeded,0
CUST-00683,2026-02-20 00:00:00+00:00,27.48,failed,2
CUST-00683,2026-01-21 00:00:00+00:00,24.97,succeeded,2
CUST-00683,2025-12-22 00:00:00+00:00,27.98,succeeded,1
CUST-00683,2025-11-22 00:00:00+00:00,22.11,succeeded,1
CUST-00684,2026-04-21 00:00:00+00:00,25.54,succeeded,1
CUST-00684,2026-03-22 00:00:00+00:00,11.14,succeeded,3
CUST-00684,2026-02-20 00:00:00+00:00,29.7,failed,4
CUST-00684,2026-01-21 00:00:00+00:00,14.15,succeeded,1
CUST-00684,2025-12-22 00:00:00+00:00,14.64,succeeded,0
CUST-00684,2025-11-22 00:00:00+00:00,27.46,succeeded,0
CUST-00685,2026-04-21 00:00:00+00:00,24.77,succeeded,1
CUST-00685,2026-03-22 00:00:00+00:00,10.0,succeeded,1
CUST-00685,2026-02-20 00:00:00+00:00,17.67,succeeded,0
CUST-00685,2026-01-21 00:00:00+00:00,13.4,succeeded,1
CUST-00685,2025-12-22 00:00:00+00:00,12.13,succeeded,2
CUST-00685,2025-11-22 00:00:00+00:00,12.38,succeeded,0
CUST-00686,2026-04-21 00:00:00+00:00,198.72,succeeded,3
CUST-00686,2026-03-22 00:00:00+00:00,204.4,succeeded,0
CUST-00686,2026-02-20 00:00:00+00:00,204.5,succeeded,2
CUST-00686,2026-01-21 00:00:00+00:00,207.3,succeeded,2
CUST-00686,2025-12-22 00:00:00+00:00,200.53,succeeded,0
CUST-00686,2025-11-22 00:00:00+00:00,201.34,succeeded,1
CUST-00687,2026-04-21 00:00:00+00:00,40.01,succeeded,1
CUST-00687,2026-03-22 00:00:00+00:00,35.06,succeeded,0
CUST-00687,2026-02-20 00:00:00+00:00,35.03,succeeded,1
CUST-00687,2026-01-21 00:00:00+00:00,35.49,succeeded,3
CUST-00687,2025-12-22 00:00:00+00:00,32.09,succeeded,2
CUST-00687,2025-11-22 00:00:00+00:00,34.36,succeeded,1
CUST-00688,2026-04-21 00:00:00+00:00,80.47,succeeded,2
CUST-00688,2026-03-22 00:00:00+00:00,79.15,succeeded,2
CUST-00688,2026-02-20 00:00:00+00:00,77.65,succeeded,1
CUST-00688,2026-01-21 00:00:00+00:00,74.03,succeeded,0
CUST-00688,2025-12-22 00:00:00+00:00,75.19,succeeded,1
CUST-00688,2025-11-22 00:00:00+00:00,72.64,succeeded,0
CUST-00689,2026-04-21 00:00:00+00:00,193.52,succeeded,2
CUST-00689,2026-03-22 00:00:00+00:00,194.46,succeeded,2
CUST-00689,2026-02-20 00:00:00+00:00,189.97,succeeded,3
CUST-00689,2026-01-21 00:00:00+00:00,195.48,failed,0
CUST-00689,2025-12-22 00:00:00+00:00,185.32,succeeded,1
CUST-00689,2025-11-22 00:00:00+00:00,182.48,succeeded,2
CUST-00690,2026-04-21 00:00:00+00:00,197.7,succeeded,0
CUST-00690,2026-03-22 00:00:00+00:00,193.62,failed,4
CUST-00690,2026-02-20 00:00:00+00:00,191.67,succeeded,3
CUST-00690,2026-01-21 00:00:00+00:00,201.31,succeeded,3
CUST-00690,2025-12-22 00:00:00+00:00,199.02,succeeded,2
CUST-00690,2025-11-22 00:00:00+00:00,202.56,succeeded,1
CUST-00691,2026-04-21 00:00:00+00:00,15.81,succeeded,3
CUST-00691,2026-03-22 00:00:00+00:00,17.89,succeeded,2
CUST-00691,2026-02-20 00:00:00+00:00,15.56,succeeded,3
CUST-00691,2026-01-21 00:00:00+00:00,22.22,succeeded,2
CUST-00691,2025-12-22 00:00:00+00:00,12.57,succeeded,0
CUST-00691,2025-11-22 00:00:00+00:00,25.34,succeeded,0
CUST-00692,2026-03-22 00:00:00+00:00,24.48,succeeded,2
CUST-00692,2026-02-20 00:00:00+00:00,24.48,succeeded,3
CUST-00692,2026-01-21 00:00:00+00:00,10.23,succeeded,2
CUST-00692,2025-12-22 00:00:00+00:00,11.14,succeeded,1
CUST-00692,2025-11-22 00:00:00+00:00,27.9,succeeded,3
CUST-00693,2026-04-21 00:00:00+00:00,32.82,succeeded,2
CUST-00693,2026-03-22 00:00:00+00:00,22.82,succeeded,3
CUST-00693,2026-02-20 00:00:00+00:00,25.35,succeeded,3
CUST-00693,2026-01-21 00:00:00+00:00,25.0,succeeded,1
CUST-00693,2025-12-22 00:00:00+00:00,16.99,succeeded,1
CUST-00693,2025-11-22 00:00:00+00:00,26.81,succeeded,2
CUST-00694,2026-04-21 00:00:00+00:00,34.01,succeeded,2
CUST-00694,2026-03-22 00:00:00+00:00,31.57,succeeded,1
CUST-00694,2026-02-20 00:00:00+00:00,27.95,succeeded,3
CUST-00694,2026-01-21 00:00:00+00:00,37.48,succeeded,3
CUST-00694,2025-12-22 00:00:00+00:00,45.72,succeeded,2
CUST-00694,2025-11-22 00:00:00+00:00,31.35,succeeded,0
CUST-00695,2026-04-21 00:00:00+00:00,26.13,succeeded,3
CUST-00695,2026-03-22 00:00:00+00:00,29.44,succeeded,0
CUST-00695,2026-02-20 00:00:00+00:00,26.72,succeeded,0
CUST-00695,2026-01-21 00:00:00+00:00,22.27,succeeded,0
CUST-00695,2025-12-22 00:00:00+00:00,34.99,succeeded,1
CUST-00695,2025-11-22 00:00:00+00:00,28.65,succeeded,0
CUST-00696,2026-04-21 00:00:00+00:00,79.66,succeeded,1
CUST-00696,2026-03-22 00:00:00+00:00,71.89,succeeded,0
CUST-00696,2026-02-20 00:00:00+00:00,69.0,failed,10
CUST-00696,2026-01-21 00:00:00+00:00,70.5,succeeded,3
CUST-00696,2025-12-22 00:00:00+00:00,74.45,succeeded,3
CUST-00696,2025-11-22 00:00:00+00:00,72.81,succeeded,0
CUST-00697,2026-03-22 00:00:00+00:00,219.5,succeeded,0
CUST-00697,2026-02-20 00:00:00+00:00,215.63,succeeded,2
CUST-00697,2026-01-21 00:00:00+00:00,204.74,failed,9
CUST-00697,2025-12-22 00:00:00+00:00,208.65,succeeded,2
CUST-00697,2025-11-22 00:00:00+00:00,204.65,succeeded,1
CUST-00698,2026-04-21 00:00:00+00:00,85.6,succeeded,3
CUST-00698,2026-03-22 00:00:00+00:00,83.87,failed,13
CUST-00698,2026-02-20 00:00:00+00:00,83.5,succeeded,3
CUST-00698,2026-01-21 00:00:00+00:00,84.86,succeeded,3
CUST-00698,2025-12-22 00:00:00+00:00,82.85,failed,5
CUST-00698,2025-11-22 00:00:00+00:00,79.24,succeeded,0
CUST-00699,2026-04-21 00:00:00+00:00,73.62,succeeded,2
CUST-00699,2026-03-22 00:00:00+00:00,75.44,succeeded,1
CUST-00699,2026-02-20 00:00:00+00:00,76.74,succeeded,3
CUST-00699,2026-01-21 00:00:00+00:00,85.93,succeeded,2
CUST-00699,2025-12-22 00:00:00+00:00,76.09,succeeded,2
CUST-00699,2025-11-22 00:00:00+00:00,80.28,succeeded,2
CUST-00700,2026-03-22 00:00:00+00:00,18.08,succeeded,0
CUST-00700,2026-02-20 00:00:00+00:00,36.08,succeeded,2
CUST-00700,2026-01-21 00:00:00+00:00,23.13,succeeded,0
CUST-00700,2025-12-22 00:00:00+00:00,20.12,succeeded,0
CUST-00700,2025-11-22 00:00:00+00:00,20.98,succeeded,0
CUST-00701,2026-04-21 00:00:00+00:00,82.14,succeeded,3
CUST-00701,2026-03-22 00:00:00+00:00,79.93,succeeded,1
CUST-00701,2026-02-20 00:00:00+00:00,73.58,failed,6
CUST-00701,2026-01-21 00:00:00+00:00,70.67,succeeded,1
CUST-00701,2025-12-22 00:00:00+00:00,79.59,succeeded,2
CUST-00701,2025-11-22 00:00:00+00:00,70.48,succeeded,3
CUST-00702,2026-03-22 00:00:00+00:00,69.77,failed,1
CUST-00702,2026-02-20 00:00:00+00:00,62.43,succeeded,1
CUST-00702,2026-01-21 00:00:00+00:00,56.9,succeeded,3
CUST-00702,2025-12-22 00:00:00+00:00,68.43,succeeded,0
CUST-00702,2025-11-22 00:00:00+00:00,191.57999999999998,succeeded,2
CUST-00703,2026-03-22 00:00:00+00:00,213.32,succeeded,1
CUST-00703,2026-02-20 00:00:00+00:00,203.93,succeeded,1
CUST-00703,2026-01-21 00:00:00+00:00,211.02,succeeded,3
CUST-00703,2025-12-22 00:00:00+00:00,204.29,succeeded,0
CUST-00703,2025-11-22 00:00:00+00:00,209.33,succeeded,3
CUST-00704,2026-03-22 00:00:00+00:00,202.32,failed,9
CUST-00704,2026-02-20 00:00:00+00:00,197.86,succeeded,2
CUST-00704,2026-01-21 00:00:00+00:00,207.64,failed,3
CUST-00704,2025-12-22 00:00:00+00:00,207.97,succeeded,1
CUST-00704,2025-11-22 00:00:00+00:00,206.31,succeeded,1
CUST-00705,2026-04-21 00:00:00+00:00,19.67,succeeded,3
CUST-00705,2026-03-22 00:00:00+00:00,25.68,succeeded,2
CUST-00705,2026-02-20 00:00:00+00:00,34.14,succeeded,1
CUST-00705,2026-01-21 00:00:00+00:00,28.25,failed,11
CUST-00705,2025-12-22 00:00:00+00:00,25.93,succeeded,1
CUST-00705,2025-11-22 00:00:00+00:00,28.99,succeeded,1
CUST-00706,2026-03-22 00:00:00+00:00,28.04,succeeded,1
CUST-00706,2026-02-20 00:00:00+00:00,33.46,succeeded,3
CUST-00706,2026-01-21 00:00:00+00:00,29.27,succeeded,0
CUST-00706,2025-12-22 00:00:00+00:00,27.33,succeeded,3
CUST-00706,2025-11-22 00:00:00+00:00,35.18,succeeded,0
CUST-00707,2026-04-21 00:00:00+00:00,31.22,succeeded,3
CUST-00707,2026-03-22 00:00:00+00:00,37.58,succeeded,2
CUST-00707,2026-02-20 00:00:00+00:00,40.47,failed,9
CUST-00707,2026-01-21 00:00:00+00:00,35.97,succeeded,0
CUST-00707,2025-12-22 00:00:00+00:00,33.47,succeeded,3
CUST-00707,2025-11-22 00:00:00+00:00,27.6,succeeded,0
CUST-00708,2026-03-22 00:00:00+00:00,18.7,succeeded,0
CUST-00708,2026-02-20 00:00:00+00:00,18.63,succeeded,3
CUST-00708,2026-01-21 00:00:00+00:00,10.98,succeeded,3
CUST-00708,2025-12-22 00:00:00+00:00,16.02,succeeded,2
CUST-00708,2025-11-22 00:00:00+00:00,16.28,succeeded,3
CUST-00709,2026-04-21 00:00:00+00:00,191.0,succeeded,2
CUST-00709,2026-03-22 00:00:00+00:00,192.1,succeeded,0
CUST-00709,2026-02-20 00:00:00+00:00,203.02,succeeded,2
CUST-00709,2026-01-21 00:00:00+00:00,191.43,succeeded,0
CUST-00709,2025-12-22 00:00:00+00:00,202.49,succeeded,3
CUST-00709,2025-11-22 00:00:00+00:00,192.93,succeeded,3
CUST-00710,2026-04-21 00:00:00+00:00,17.31,succeeded,0
CUST-00710,2026-03-22 00:00:00+00:00,16.7,succeeded,3
CUST-00710,2026-02-20 00:00:00+00:00,20.67,succeeded,2
CUST-00710,2026-01-21 00:00:00+00:00,12.64,succeeded,3
CUST-00710,2025-12-22 00:00:00+00:00,19.88,succeeded,3
CUST-00710,2025-11-22 00:00:00+00:00,16.49,succeeded,2
CUST-00711,2026-04-21 00:00:00+00:00,94.12,succeeded,0
CUST-00711,2026-03-22 00:00:00+00:00,90.07,succeeded,0
CUST-00711,2026-02-20 00:00:00+00:00,86.19,succeeded,2
CUST-00711,2026-01-21 00:00:00+00:00,89.15,succeeded,1
CUST-00711,2025-12-22 00:00:00+00:00,99.44,succeeded,2
CUST-00711,2025-11-22 00:00:00+00:00,93.72,succeeded,2
CUST-00712,2026-03-22 00:00:00+00:00,83.66,succeeded,3
CUST-00712,2026-02-20 00:00:00+00:00,86.61,succeeded,0
CUST-00712,2026-01-21 00:00:00+00:00,88.58,succeeded,1
CUST-00712,2025-12-22 00:00:00+00:00,78.22,succeeded,2
CUST-00712,2025-11-22 00:00:00+00:00,77.88,succeeded,1
CUST-00713,2026-04-21 00:00:00+00:00,10.0,succeeded,0
CUST-00713,2026-03-22 00:00:00+00:00,15.91,succeeded,2
CUST-00713,2026-02-20 00:00:00+00:00,10.0,succeeded,3
CUST-00713,2026-01-21 00:00:00+00:00,13.55,succeeded,3
CUST-00713,2025-12-22 00:00:00+00:00,10.73,succeeded,2
CUST-00713,2025-11-22 00:00:00+00:00,12.16,succeeded,0
CUST-00714,2026-04-21 00:00:00+00:00,28.11,succeeded,0
CUST-00714,2026-03-22 00:00:00+00:00,19.06,succeeded,1
CUST-00714,2026-02-20 00:00:00+00:00,15.04,succeeded,2
CUST-00714,2026-01-21 00:00:00+00:00,20.55,failed,2
CUST-00714,2025-12-22 00:00:00+00:00,14.82,succeeded,2
CUST-00714,2025-11-22 00:00:00+00:00,28.25,succeeded,2
CUST-00715,2026-04-21 00:00:00+00:00,78.41,succeeded,0
CUST-00715,2026-03-22 00:00:00+00:00,70.34,succeeded,2
CUST-00715,2026-02-20 00:00:00+00:00,75.47,succeeded,0
CUST-00715,2026-01-21 00:00:00+00:00,84.94,succeeded,2
CUST-00715,2025-12-22 00:00:00+00:00,71.28,succeeded,0
CUST-00715,2025-11-22 00:00:00+00:00,89.12,succeeded,3
CUST-00716,2026-04-21 00:00:00+00:00,70.84,succeeded,3
CUST-00716,2026-03-22 00:00:00+00:00,78.65,succeeded,2
CUST-00716,2026-02-20 00:00:00+00:00,76.42,succeeded,2
CUST-00716,2026-01-21 00:00:00+00:00,71.12,succeeded,3
CUST-00716,2025-12-22 00:00:00+00:00,61.74,succeeded,1
CUST-00716,2025-11-22 00:00:00+00:00,81.92,succeeded,1
CUST-00717,2026-04-21 00:00:00+00:00,14.01,succeeded,2
CUST-00717,2026-03-22 00:00:00+00:00,17.26,succeeded,0
CUST-00717,2026-02-20 00:00:00+00:00,18.7,succeeded,2
CUST-00717,2026-01-21 00:00:00+00:00,20.99,succeeded,0
CUST-00717,2025-12-22 00:00:00+00:00,11.66,succeeded,3
CUST-00717,2025-11-22 00:00:00+00:00,10.0,failed,13
CUST-00718,2026-04-21 00:00:00+00:00,43.98,succeeded,1
CUST-00718,2026-03-22 00:00:00+00:00,53.01,succeeded,3
CUST-00718,2026-02-20 00:00:00+00:00,37.96,succeeded,3
CUST-00718,2026-01-21 00:00:00+00:00,46.02,succeeded,2
CUST-00718,2025-12-22 00:00:00+00:00,59.36,succeeded,3
CUST-00718,2025-11-22 00:00:00+00:00,42.52,succeeded,2
CUST-00719,2026-04-21 00:00:00+00:00,77.4,succeeded,0
CUST-00719,2026-03-22 00:00:00+00:00,86.71,succeeded,0
CUST-00719,2026-02-20 00:00:00+00:00,82.89,succeeded,0
CUST-00719,2026-01-21 00:00:00+00:00,86.6,succeeded,0
CUST-00719,2025-12-22 00:00:00+00:00,84.89,succeeded,0
CUST-00719,2025-11-22 00:00:00+00:00,83.03,succeeded,0
CUST-00720,2026-03-22 00:00:00+00:00,35.25,succeeded,2
CUST-00720,2026-02-20 00:00:00+00:00,22.34,succeeded,3
CUST-00720,2026-01-21 00:00:00+00:00,33.5,failed,6
CUST-00720,2025-12-22 00:00:00+00:00,21.7,succeeded,3
CUST-00720,2025-11-22 00:00:00+00:00,29.31,succeeded,3
CUST-00721,2026-04-21 00:00:00+00:00,198.71,succeeded,1
CUST-00721,2026-03-22 00:00:00+00:00,195.91,succeeded,1
CUST-00721,2026-02-20 00:00:00+00:00,191.81,succeeded,1
CUST-00721,2026-01-21 00:00:00+00:00,190.16,succeeded,1
CUST-00721,2025-12-22 00:00:00+00:00,189.29,succeeded,0
CUST-00721,2025-11-22 00:00:00+00:00,186.01,succeeded,2
CUST-00722,2026-04-21 00:00:00+00:00,39.09,succeeded,1
CUST-00722,2026-03-22 00:00:00+00:00,41.02,succeeded,3
CUST-00722,2026-02-20 00:00:00+00:00,37.7,succeeded,2
CUST-00722,2026-01-21 00:00:00+00:00,32.66,succeeded,2
CUST-00722,2025-12-22 00:00:00+00:00,43.23,succeeded,3
CUST-00722,2025-11-22 00:00:00+00:00,28.1,succeeded,3
CUST-00723,2026-03-22 00:00:00+00:00,30.04,succeeded,2
CUST-00723,2026-02-20 00:00:00+00:00,35.17,failed,1
CUST-00723,2026-01-21 00:00:00+00:00,28.34,succeeded,1
CUST-00723,2025-12-22 00:00:00+00:00,27.74,succeeded,3
CUST-00723,2025-11-22 00:00:00+00:00,29.27,failed,8
CUST-00724,2026-04-21 00:00:00+00:00,27.68,succeeded,0
CUST-00724,2026-03-22 00:00:00+00:00,29.5,succeeded,3
CUST-00724,2026-02-20 00:00:00+00:00,23.01,succeeded,0
CUST-00724,2026-01-21 00:00:00+00:00,19.58,succeeded,0
CUST-00724,2025-12-22 00:00:00+00:00,28.76,succeeded,1
CUST-00724,2025-11-22 00:00:00+00:00,26.5,succeeded,1
CUST-00725,2026-04-21 00:00:00+00:00,83.71,succeeded,0
CUST-00725,2026-03-22 00:00:00+00:00,88.21,succeeded,3
CUST-00725,2026-02-20 00:00:00+00:00,82.8,succeeded,1
CUST-00725,2026-01-21 00:00:00+00:00,87.98,succeeded,3
CUST-00725,2025-12-22 00:00:00+00:00,78.45,succeeded,1
CUST-00725,2025-11-22 00:00:00+00:00,88.34,succeeded,2
CUST-00726,2026-04-21 00:00:00+00:00,57.9,succeeded,0
CUST-00726,2026-03-22 00:00:00+00:00,62.05,succeeded,3
CUST-00726,2026-02-20 00:00:00+00:00,64.54,failed,4
CUST-00726,2026-01-21 00:00:00+00:00,71.88,succeeded,1
CUST-00726,2025-12-22 00:00:00+00:00,73.25,succeeded,2
CUST-00726,2025-11-22 00:00:00+00:00,73.72,succeeded,2
CUST-00727,2026-04-21 00:00:00+00:00,44.63,succeeded,3
CUST-00727,2026-03-22 00:00:00+00:00,39.23,succeeded,3
CUST-00727,2026-02-20 00:00:00+00:00,42.19,succeeded,1
CUST-00727,2026-01-21 00:00:00+00:00,47.9,failed,6
CUST-00727,2025-12-22 00:00:00+00:00,41.21,succeeded,2
CUST-00727,2025-11-22 00:00:00+00:00,44.89,succeeded,0
CUST-00728,2026-04-21 00:00:00+00:00,198.09,succeeded,1
CUST-00728,2026-03-22 00:00:00+00:00,193.22,succeeded,0
CUST-00728,2026-02-20 00:00:00+00:00,208.59,failed,14
CUST-00728,2026-01-21 00:00:00+00:00,205.56,succeeded,2
CUST-00728,2025-12-22 00:00:00+00:00,202.82,succeeded,0
CUST-00728,2025-11-22 00:00:00+00:00,199.36,succeeded,3
CUST-00729,2026-04-21 00:00:00+00:00,42.98,succeeded,1
CUST-00729,2026-03-22 00:00:00+00:00,35.03,succeeded,0
CUST-00729,2026-02-20 00:00:00+00:00,38.93,succeeded,2
CUST-00729,2026-01-21 00:00:00+00:00,40.77,succeeded,2
CUST-00729,2025-12-22 00:00:00+00:00,42.58,succeeded,3
CUST-00729,2025-11-22 00:00:00+00:00,39.87,succeeded,0
CUST-00730,2026-03-22 00:00:00+00:00,27.64,succeeded,1
CUST-00730,2026-02-20 00:00:00+00:00,12.72,succeeded,3
CUST-00730,2026-01-21 00:00:00+00:00,22.82,succeeded,0
CUST-00730,2025-12-22 00:00:00+00:00,14.39,succeeded,3
CUST-00730,2025-11-22 00:00:00+00:00,22.39,succeeded,3
CUST-00731,2026-03-22 00:00:00+00:00,21.31,succeeded,0
CUST-00731,2026-02-20 00:00:00+00:00,16.51,succeeded,2
CUST-00731,2026-01-21 00:00:00+00:00,10.0,succeeded,1
CUST-00731,2025-12-22 00:00:00+00:00,16.31,succeeded,3
CUST-00731,2025-11-22 00:00:00+00:00,22.83,succeeded,0
CUST-00732,2026-04-21 00:00:00+00:00,20.79,succeeded,0
CUST-00732,2026-03-22 00:00:00+00:00,10.0,succeeded,0
CUST-00732,2026-02-20 00:00:00+00:00,15.54,succeeded,3
CUST-00732,2026-01-21 00:00:00+00:00,20.16,succeeded,3
CUST-00732,2025-12-22 00:00:00+00:00,22.24,succeeded,2
CUST-00732,2025-11-22 00:00:00+00:00,15.63,failed,3
CUST-00733,2026-03-22 00:00:00+00:00,72.02,succeeded,2
CUST-00733,2026-02-20 00:00:00+00:00,80.13,succeeded,1
CUST-00733,2026-01-21 00:00:00+00:00,82.07,succeeded,3
CUST-00733,2025-12-22 00:00:00+00:00,83.53,succeeded,3
CUST-00733,2025-11-22 00:00:00+00:00,76.65,succeeded,1
CUST-00734,2026-04-21 00:00:00+00:00,24.47,succeeded,0
CUST-00734,2026-03-22 00:00:00+00:00,26.62,succeeded,0
CUST-00734,2026-02-20 00:00:00+00:00,25.84,succeeded,3
CUST-00734,2026-01-21 00:00:00+00:00,36.74,succeeded,1
CUST-00734,2025-12-22 00:00:00+00:00,16.49,succeeded,0
CUST-00734,2025-11-22 00:00:00+00:00,36.22,succeeded,0
CUST-00735,2026-04-21 00:00:00+00:00,79.2,succeeded,2
CUST-00735,2026-03-22 00:00:00+00:00,74.29,succeeded,3
CUST-00735,2026-02-20 00:00:00+00:00,70.61,succeeded,2
CUST-00735,2026-01-21 00:00:00+00:00,77.0,succeeded,3
CUST-00735,2025-12-22 00:00:00+00:00,77.9,succeeded,3
CUST-00735,2025-11-22 00:00:00+00:00,73.82,succeeded,2
CUST-00736,2026-04-21 00:00:00+00:00,26.43,succeeded,2
CUST-00736,2026-03-22 00:00:00+00:00,16.65,failed,4
CUST-00736,2026-02-20 00:00:00+00:00,17.14,succeeded,3
CUST-00736,2026-01-21 00:00:00+00:00,16.08,succeeded,3
CUST-00736,2025-12-22 00:00:00+00:00,26.39,succeeded,3
CUST-00736,2025-11-22 00:00:00+00:00,24.44,succeeded,3
CUST-00737,2026-04-21 00:00:00+00:00,195.48,succeeded,3
CUST-00737,2026-03-22 00:00:00+00:00,188.21,succeeded,3
CUST-00737,2026-02-20 00:00:00+00:00,183.35,succeeded,0
CUST-00737,2026-01-21 00:00:00+00:00,186.66,succeeded,2
CUST-00737,2025-12-22 00:00:00+00:00,191.33,succeeded,1
CUST-00737,2025-11-22 00:00:00+00:00,189.17,succeeded,3
CUST-00738,2026-04-21 00:00:00+00:00,27.18,succeeded,1
CUST-00738,2026-03-22 00:00:00+00:00,24.44,succeeded,3
CUST-00738,2026-02-20 00:00:00+00:00,24.18,succeeded,2
CUST-00738,2026-01-21 00:00:00+00:00,30.44,succeeded,1
CUST-00738,2025-12-22 00:00:00+00:00,64.11,succeeded,3
CUST-00738,2025-11-22 00:00:00+00:00,34.46,succeeded,1
CUST-00739,2026-04-21 00:00:00+00:00,198.21,succeeded,3
CUST-00739,2026-03-22 00:00:00+00:00,193.57,succeeded,1
CUST-00739,2026-02-20 00:00:00+00:00,196.8,succeeded,1
CUST-00739,2026-01-21 00:00:00+00:00,193.03,succeeded,1
CUST-00739,2025-12-22 00:00:00+00:00,188.92,succeeded,3
CUST-00739,2025-11-22 00:00:00+00:00,196.54,succeeded,1
CUST-00740,2026-03-22 00:00:00+00:00,21.06,succeeded,2
CUST-00740,2026-02-20 00:00:00+00:00,21.71,succeeded,2
CUST-00740,2026-01-21 00:00:00+00:00,24.01,failed,14
CUST-00740,2025-12-22 00:00:00+00:00,29.49,succeeded,3
CUST-00740,2025-11-22 00:00:00+00:00,12.77,succeeded,1
CUST-00741,2026-04-21 00:00:00+00:00,47.52,succeeded,2
CUST-00741,2026-03-22 00:00:00+00:00,41.83,succeeded,1
CUST-00741,2026-02-20 00:00:00+00:00,41.12,succeeded,2
CUST-00741,2026-01-21 00:00:00+00:00,39.07,succeeded,2
CUST-00741,2025-12-22 00:00:00+00:00,41.2,succeeded,0
CUST-00741,2025-11-22 00:00:00+00:00,45.99,failed,5
CUST-00742,2026-04-21 00:00:00+00:00,69.11,succeeded,1
CUST-00742,2026-03-22 00:00:00+00:00,79.1,succeeded,2
CUST-00742,2026-02-20 00:00:00+00:00,75.7,succeeded,1
CUST-00742,2026-01-21 00:00:00+00:00,81.17,failed,5
CUST-00742,2025-12-22 00:00:00+00:00,89.14,succeeded,3
CUST-00742,2025-11-22 00:00:00+00:00,75.24,succeeded,2
CUST-00743,2026-04-21 00:00:00+00:00,84.88,failed,11
CUST-00743,2026-03-22 00:00:00+00:00,88.64,succeeded,2
CUST-00743,2026-02-20 00:00:00+00:00,91.6,succeeded,2
CUST-00743,2026-01-21 00:00:00+00:00,86.04,succeeded,3
CUST-00743,2025-12-22 00:00:00+00:00,91.31,succeeded,3
CUST-00743,2025-11-22 00:00:00+00:00,92.03,succeeded,1
CUST-00744,2026-03-22 00:00:00+00:00,84.66,succeeded,2
CUST-00744,2026-02-20 00:00:00+00:00,77.66,succeeded,0
CUST-00744,2026-01-21 00:00:00+00:00,76.74,succeeded,3
CUST-00744,2025-12-22 00:00:00+00:00,71.62,succeeded,3
CUST-00744,2025-11-22 00:00:00+00:00,72.87,succeeded,1
CUST-00745,2026-03-22 00:00:00+00:00,37.92,succeeded,3
CUST-00745,2026-02-20 00:00:00+00:00,29.17,succeeded,3
CUST-00745,2026-01-21 00:00:00+00:00,36.48,succeeded,2
CUST-00745,2025-12-22 00:00:00+00:00,34.24,succeeded,2
CUST-00745,2025-11-22 00:00:00+00:00,35.66,succeeded,0
CUST-00746,2026-04-21 00:00:00+00:00,79.48,failed,7
CUST-00746,2026-03-22 00:00:00+00:00,80.76,failed,0
CUST-00746,2026-02-20 00:00:00+00:00,77.04,succeeded,3
CUST-00746,2026-01-21 00:00:00+00:00,76.34,succeeded,1
CUST-00746,2025-12-22 00:00:00+00:00,76.14,succeeded,0
CUST-00746,2025-11-22 00:00:00+00:00,75.84,succeeded,0
CUST-00747,2026-04-21 00:00:00+00:00,176.53,succeeded,3
CUST-00747,2026-03-22 00:00:00+00:00,185.98,succeeded,0
CUST-00747,2026-02-20 00:00:00+00:00,180.37,succeeded,1
CUST-00747,2026-01-21 00:00:00+00:00,181.2,succeeded,1
CUST-00747,2025-12-22 00:00:00+00:00,186.47,succeeded,1
CUST-00747,2025-11-22 00:00:00+00:00,182.32,failed,2
CUST-00748,2026-04-21 00:00:00+00:00,89.06,succeeded,2
CUST-00748,2026-03-22 00:00:00+00:00,91.39,succeeded,1
CUST-00748,2026-02-20 00:00:00+00:00,84.46,succeeded,0
CUST-00748,2026-01-21 00:00:00+00:00,87.12,succeeded,0
CUST-00748,2025-12-22 00:00:00+00:00,97.67,succeeded,0
CUST-00748,2025-11-22 00:00:00+00:00,93.32,succeeded,2
CUST-00749,2026-04-21 00:00:00+00:00,23.24,succeeded,3
CUST-00749,2026-03-22 00:00:00+00:00,23.98,succeeded,0
CUST-00749,2026-02-20 00:00:00+00:00,30.9,succeeded,0
CUST-00749,2026-01-21 00:00:00+00:00,31.94,succeeded,0
CUST-00749,2025-12-22 00:00:00+00:00,26.0,succeeded,3
CUST-00749,2025-11-22 00:00:00+00:00,21.97,succeeded,1
CUST-00750,2026-04-21 00:00:00+00:00,90.51,succeeded,3
CUST-00750,2026-03-22 00:00:00+00:00,89.13,succeeded,1
CUST-00750,2026-02-20 00:00:00+00:00,83.07,succeeded,0
CUST-00750,2026-01-21 00:00:00+00:00,89.89,succeeded,0
CUST-00750,2025-12-22 00:00:00+00:00,82.67,succeeded,0
CUST-00750,2025-11-22 00:00:00+00:00,86.03,succeeded,0
CUST-00751,2026-03-22 00:00:00+00:00,75.85,succeeded,3
CUST-00751,2026-02-20 00:00:00+00:00,63.85,succeeded,0
CUST-00751,2026-01-21 00:00:00+00:00,69.38,succeeded,3
CUST-00751,2025-12-22 00:00:00+00:00,65.7,succeeded,3
CUST-00751,2025-11-22 00:00:00+00:00,66.78,succeeded,1
CUST-00752,2026-04-21 00:00:00+00:00,200.03,succeeded,2
CUST-00752,2026-03-22 00:00:00+00:00,199.54,succeeded,3
CUST-00752,2026-02-20 00:00:00+00:00,196.0,succeeded,0
CUST-00752,2026-01-21 00:00:00+00:00,201.29,succeeded,3
CUST-00752,2025-12-22 00:00:00+00:00,191.61,succeeded,1
CUST-00752,2025-11-22 00:00:00+00:00,205.87,succeeded,3
CUST-00753,2026-04-21 00:00:00+00:00,22.29,succeeded,1
CUST-00753,2026-03-22 00:00:00+00:00,21.72,succeeded,1
CUST-00753,2026-02-20 00:00:00+00:00,17.03,succeeded,0
CUST-00753,2026-01-21 00:00:00+00:00,13.59,succeeded,1
CUST-00753,2025-12-22 00:00:00+00:00,28.21,succeeded,2
CUST-00753,2025-11-22 00:00:00+00:00,19.13,succeeded,0
CUST-00754,2026-04-21 00:00:00+00:00,44.9,succeeded,2
CUST-00754,2026-03-22 00:00:00+00:00,32.57,succeeded,0
CUST-00754,2026-02-20 00:00:00+00:00,42.71,succeeded,3
CUST-00754,2026-01-21 00:00:00+00:00,41.09,failed,7
CUST-00754,2025-12-22 00:00:00+00:00,45.35,failed,2
CUST-00754,2025-11-22 00:00:00+00:00,38.08,succeeded,0
CUST-00755,2026-03-22 00:00:00+00:00,84.62,succeeded,3
CUST-00755,2026-02-20 00:00:00+00:00,77.11,failed,12
CUST-00755,2026-01-21 00:00:00+00:00,85.11,succeeded,0
CUST-00755,2025-12-22 00:00:00+00:00,77.33,succeeded,1
CUST-00755,2025-11-22 00:00:00+00:00,78.77,succeeded,1
CUST-00756,2026-04-21 00:00:00+00:00,75.69,failed,13
CUST-00756,2026-03-22 00:00:00+00:00,89.61,succeeded,1
CUST-00756,2026-02-20 00:00:00+00:00,78.51,succeeded,0
CUST-00756,2026-01-21 00:00:00+00:00,85.03,succeeded,3
CUST-00756,2025-12-22 00:00:00+00:00,82.94,succeeded,2
CUST-00756,2025-11-22 00:00:00+00:00,82.06,succeeded,2
CUST-00757,2026-03-22 00:00:00+00:00,87.63,succeeded,2
CUST-00757,2026-02-20 00:00:00+00:00,85.42,succeeded,1
CUST-00757,2026-01-21 00:00:00+00:00,90.41,succeeded,0
CUST-00757,2025-12-22 00:00:00+00:00,93.11,succeeded,3
CUST-00757,2025-11-22 00:00:00+00:00,93.26,succeeded,0
CUST-00758,2026-04-21 00:00:00+00:00,41.37,succeeded,0
CUST-00758,2026-03-22 00:00:00+00:00,35.56,succeeded,0
CUST-00758,2026-02-20 00:00:00+00:00,39.13,succeeded,0
CUST-00758,2026-01-21 00:00:00+00:00,38.35,succeeded,3
CUST-00758,2025-12-22 00:00:00+00:00,36.2,succeeded,2
CUST-00758,2025-11-22 00:00:00+00:00,36.23,succeeded,3
CUST-00759,2026-04-21 00:00:00+00:00,37.38,succeeded,2
CUST-00759,2026-03-22 00:00:00+00:00,32.0,succeeded,0
CUST-00759,2026-02-20 00:00:00+00:00,37.22,succeeded,2
CUST-00759,2026-01-21 00:00:00+00:00,40.0,succeeded,3
CUST-00759,2025-12-22 00:00:00+00:00,44.53,succeeded,0
CUST-00759,2025-11-22 00:00:00+00:00,33.49,succeeded,0
CUST-00760,2026-04-21 00:00:00+00:00,70.62,succeeded,3
CUST-00760,2026-03-22 00:00:00+00:00,72.68,succeeded,1
CUST-00760,2026-02-20 00:00:00+00:00,68.7,succeeded,0
CUST-00760,2026-01-21 00:00:00+00:00,70.07,succeeded,0
CUST-00760,2025-12-22 00:00:00+00:00,68.28,succeeded,3
CUST-00760,2025-11-22 00:00:00+00:00,73.65,succeeded,1
CUST-00761,2026-04-21 00:00:00+00:00,12.31,succeeded,2
CUST-00761,2026-03-22 00:00:00+00:00,17.49,succeeded,0
CUST-00761,2026-02-20 00:00:00+00:00,33.04,succeeded,3
CUST-00761,2026-01-21 00:00:00+00:00,22.53,succeeded,3
CUST-00761,2025-12-22 00:00:00+00:00,28.46,succeeded,1
CUST-00761,2025-11-22 00:00:00+00:00,18.9,succeeded,2
CUST-00762,2026-03-22 00:00:00+00:00,23.93,succeeded,2
CUST-00762,2026-02-20 00:00:00+00:00,26.46,succeeded,2
CUST-00762,2026-01-21 00:00:00+00:00,18.6,succeeded,1
CUST-00762,2025-12-22 00:00:00+00:00,27.79,succeeded,3
CUST-00762,2025-11-22 00:00:00+00:00,17.09,succeeded,0
CUST-00763,2026-04-21 00:00:00+00:00,86.34,succeeded,2
CUST-00763,2026-03-22 00:00:00+00:00,91.85,succeeded,3
CUST-00763,2026-02-20 00:00:00+00:00,90.35,succeeded,2
CUST-00763,2026-01-21 00:00:00+00:00,94.98,succeeded,1
CUST-00763,2025-12-22 00:00:00+00:00,88.99,succeeded,1
CUST-00763,2025-11-22 00:00:00+00:00,92.27,succeeded,0
CUST-00764,2026-04-21 00:00:00+00:00,81.5,succeeded,2
CUST-00764,2026-03-22 00:00:00+00:00,79.77,succeeded,0
CUST-00764,2026-02-20 00:00:00+00:00,77.68,succeeded,1
CUST-00764,2026-01-21 00:00:00+00:00,78.74,succeeded,0
CUST-00764,2025-12-22 00:00:00+00:00,83.1,succeeded,1
CUST-00764,2025-11-22 00:00:00+00:00,80.88,succeeded,3
CUST-00765,2026-04-21 00:00:00+00:00,187.36,succeeded,0
CUST-00765,2026-03-22 00:00:00+00:00,182.56,succeeded,1
CUST-00765,2026-02-20 00:00:00+00:00,195.98,succeeded,3
CUST-00765,2026-01-21 00:00:00+00:00,190.37,succeeded,1
CUST-00765,2025-12-22 00:00:00+00:00,193.24,succeeded,3
CUST-00765,2025-11-22 00:00:00+00:00,190.42,succeeded,0
CUST-00766,2026-04-21 00:00:00+00:00,27.05,succeeded,3
CUST-00766,2026-03-22 00:00:00+00:00,21.85,succeeded,2
CUST-00766,2026-02-20 00:00:00+00:00,28.58,succeeded,3
CUST-00766,2026-01-21 00:00:00+00:00,34.88,succeeded,1
CUST-00766,2025-12-22 00:00:00+00:00,27.53,succeeded,0
CUST-00766,2025-11-22 00:00:00+00:00,23.72,succeeded,1
CUST-00767,2026-04-21 00:00:00+00:00,21.03,succeeded,0
CUST-00767,2026-03-22 00:00:00+00:00,13.52,succeeded,1
CUST-00767,2026-02-20 00:00:00+00:00,16.5,succeeded,2
CUST-00767,2026-01-21 00:00:00+00:00,12.24,succeeded,0
CUST-00767,2025-12-22 00:00:00+00:00,27.02,succeeded,1
CUST-00767,2025-11-22 00:00:00+00:00,14.99,succeeded,2
CUST-00768,2026-04-21 00:00:00+00:00,192.76,succeeded,1
CUST-00768,2026-03-22 00:00:00+00:00,204.99,failed,12
CUST-00768,2026-02-20 00:00:00+00:00,192.8,succeeded,3
CUST-00768,2026-01-21 00:00:00+00:00,194.88,succeeded,0
CUST-00768,2025-12-22 00:00:00+00:00,196.37,succeeded,2
CUST-00768,2025-11-22 00:00:00+00:00,201.7,succeeded,0
CUST-00769,2026-04-21 00:00:00+00:00,15.59,succeeded,1
CUST-00769,2026-03-22 00:00:00+00:00,10.0,failed,9
CUST-00769,2026-02-20 00:00:00+00:00,14.87,succeeded,0
CUST-00769,2026-01-21 00:00:00+00:00,19.21,succeeded,0
CUST-00769,2025-12-22 00:00:00+00:00,16.43,succeeded,1
CUST-00769,2025-11-22 00:00:00+00:00,18.91,succeeded,3
CUST-00770,2026-03-22 00:00:00+00:00,36.26,succeeded,3
CUST-00770,2026-02-20 00:00:00+00:00,45.12,succeeded,2
CUST-00770,2026-01-21 00:00:00+00:00,28.4,succeeded,3
CUST-00770,2025-12-22 00:00:00+00:00,27.3,succeeded,0
CUST-00770,2025-11-22 00:00:00+00:00,37.39,succeeded,2
CUST-00771,2026-03-22 00:00:00+00:00,26.98,succeeded,0
CUST-00771,2026-02-20 00:00:00+00:00,27.62,succeeded,2
CUST-00771,2026-01-21 00:00:00+00:00,30.62,failed,3
CUST-00771,2025-12-22 00:00:00+00:00,35.79,succeeded,2
CUST-00771,2025-11-22 00:00:00+00:00,13.32,succeeded,2
CUST-00772,2026-03-22 00:00:00+00:00,94.3,succeeded,0
CUST-00772,2026-02-20 00:00:00+00:00,98.23,succeeded,1
CUST-00772,2026-01-21 00:00:00+00:00,84.93,succeeded,0
CUST-00772,2025-12-22 00:00:00+00:00,101.11,succeeded,0
CUST-00772,2025-11-22 00:00:00+00:00,84.74,succeeded,3
CUST-00773,2026-03-22 00:00:00+00:00,206.05,succeeded,1
CUST-00773,2026-02-20 00:00:00+00:00,206.0,succeeded,3
CUST-00773,2026-01-21 00:00:00+00:00,208.24,succeeded,1
CUST-00773,2025-12-22 00:00:00+00:00,200.16,succeeded,2
CUST-00773,2025-11-22 00:00:00+00:00,214.44,succeeded,1
CUST-00774,2026-04-21 00:00:00+00:00,79.23,succeeded,1
CUST-00774,2026-03-22 00:00:00+00:00,76.98,succeeded,1
CUST-00774,2026-02-20 00:00:00+00:00,82.48,succeeded,2
CUST-00774,2026-01-21 00:00:00+00:00,80.44,succeeded,0
CUST-00774,2025-12-22 00:00:00+00:00,82.05,succeeded,1
CUST-00774,2025-11-22 00:00:00+00:00,76.55,succeeded,3
CUST-00775,2026-04-21 00:00:00+00:00,89.16,succeeded,1
CUST-00775,2026-03-22 00:00:00+00:00,75.98,succeeded,0
CUST-00775,2026-02-20 00:00:00+00:00,86.97,succeeded,3
CUST-00775,2026-01-21 00:00:00+00:00,83.55,succeeded,0
CUST-00775,2025-12-22 00:00:00+00:00,90.7,succeeded,1
CUST-00775,2025-11-22 00:00:00+00:00,80.65,succeeded,2
CUST-00776,2026-04-21 00:00:00+00:00,15.78,succeeded,1
CUST-00776,2026-03-22 00:00:00+00:00,25.7,succeeded,0
CUST-00776,2026-02-20 00:00:00+00:00,15.76,succeeded,0
CUST-00776,2026-01-21 00:00:00+00:00,15.71,succeeded,1
CUST-00776,2025-12-22 00:00:00+00:00,19.4,succeeded,0
CUST-00776,2025-11-22 00:00:00+00:00,19.04,succeeded,2
CUST-00777,2026-04-21 00:00:00+00:00,10.45,succeeded,2
CUST-00777,2026-03-22 00:00:00+00:00,23.57,failed,0
CUST-00777,2026-02-20 00:00:00+00:00,26.8,succeeded,2
CUST-00777,2026-01-21 00:00:00+00:00,28.05,failed,11
CUST-00777,2025-12-22 00:00:00+00:00,18.93,succeeded,3
CUST-00777,2025-11-22 00:00:00+00:00,17.45,succeeded,3
CUST-00778,2026-04-21 00:00:00+00:00,32.71,succeeded,0
CUST-00778,2026-03-22 00:00:00+00:00,31.96,succeeded,0
CUST-00778,2026-02-20 00:00:00+00:00,35.47,succeeded,1
CUST-00778,2026-01-21 00:00:00+00:00,23.12,succeeded,1
CUST-00778,2025-12-22 00:00:00+00:00,26.01,succeeded,1
CUST-00778,2025-11-22 00:00:00+00:00,25.94,succeeded,1
CUST-00779,2026-03-22 00:00:00+00:00,12.3,succeeded,3
CUST-00779,2026-02-20 00:00:00+00:00,12.06,succeeded,1
CUST-00779,2026-01-21 00:00:00+00:00,10.0,succeeded,0
CUST-00779,2025-12-22 00:00:00+00:00,10.0,failed,1
CUST-00779,2025-11-22 00:00:00+00:00,10.0,succeeded,2
CUST-00780,2026-04-21 00:00:00+00:00,19.92,succeeded,3
CUST-00780,2026-03-22 00:00:00+00:00,23.2,succeeded,2
CUST-00780,2026-02-20 00:00:00+00:00,31.58,succeeded,3
CUST-00780,2026-01-21 00:00:00+00:00,31.41,succeeded,1
CUST-00780,2025-12-22 00:00:00+00:00,22.74,succeeded,0
CUST-00780,2025-11-22 00:00:00+00:00,29.04,succeeded,0
CUST-00781,2026-03-22 00:00:00+00:00,19.06,succeeded,2
CUST-00781,2026-02-20 00:00:00+00:00,22.38,succeeded,2
CUST-00781,2026-01-21 00:00:00+00:00,18.18,succeeded,3
CUST-00781,2025-12-22 00:00:00+00:00,18.18,succeeded,3
CUST-00781,2025-11-22 00:00:00+00:00,21.51,failed,1
CUST-00782,2026-04-21 00:00:00+00:00,26.43,succeeded,3
CUST-00782,2026-03-22 00:00:00+00:00,29.48,failed,1
CUST-00782,2026-02-20 00:00:00+00:00,34.07,succeeded,3
CUST-00782,2026-01-21 00:00:00+00:00,27.79,failed,4
CUST-00782,2025-12-22 00:00:00+00:00,30.67,succeeded,3
CUST-00782,2025-11-22 00:00:00+00:00,33.62,succeeded,2
CUST-00783,2026-03-22 00:00:00+00:00,74.9,succeeded,2
CUST-00783,2026-02-20 00:00:00+00:00,76.61,succeeded,1
CUST-00783,2026-01-21 00:00:00+00:00,65.29,failed,4
CUST-00783,2025-12-22 00:00:00+00:00,73.21,succeeded,3
CUST-00783,2025-11-22 00:00:00+00:00,64.75,succeeded,0
CUST-00784,2026-04-21 00:00:00+00:00,90.47,succeeded,3
CUST-00784,2026-03-22 00:00:00+00:00,78.93,succeeded,3
CUST-00784,2026-02-20 00:00:00+00:00,83.04,succeeded,2
CUST-00784,2026-01-21 00:00:00+00:00,85.74,succeeded,2
CUST-00784,2025-12-22 00:00:00+00:00,89.67,succeeded,2
CUST-00784,2025-11-22 00:00:00+00:00,79.84,succeeded,2
CUST-00785,2026-03-22 00:00:00+00:00,28.73,succeeded,0
CUST-00785,2026-02-20 00:00:00+00:00,24.3,succeeded,0
CUST-00785,2026-01-21 00:00:00+00:00,35.07,succeeded,0
CUST-00785,2025-12-22 00:00:00+00:00,36.49,failed,10
CUST-00785,2025-11-22 00:00:00+00:00,34.03,succeeded,1
CUST-00786,2026-04-21 00:00:00+00:00,38.94,succeeded,0
CUST-00786,2026-03-22 00:00:00+00:00,32.51,succeeded,0
CUST-00786,2026-02-20 00:00:00+00:00,37.73,succeeded,1
CUST-00786,2026-01-21 00:00:00+00:00,42.03,succeeded,3
CUST-00786,2025-12-22 00:00:00+00:00,41.95,succeeded,3
CUST-00786,2025-11-22 00:00:00+00:00,34.81,succeeded,1
CUST-00787,2026-04-21 00:00:00+00:00,84.32,succeeded,3
CUST-00787,2026-03-22 00:00:00+00:00,78.36,succeeded,1
CUST-00787,2026-02-20 00:00:00+00:00,77.3,succeeded,0
CUST-00787,2026-01-21 00:00:00+00:00,69.92,failed,13
CUST-00787,2025-12-22 00:00:00+00:00,76.31,succeeded,2
CUST-00787,2025-11-22 00:00:00+00:00,85.82,succeeded,1
CUST-00788,2026-04-21 00:00:00+00:00,72.72,succeeded,2
CUST-00788,2026-03-22 00:00:00+00:00,77.87,succeeded,3
CUST-00788,2026-02-20 00:00:00+00:00,77.52,succeeded,1
CUST-00788,2026-01-21 00:00:00+00:00,64.16,succeeded,2
CUST-00788,2025-12-22 00:00:00+00:00,67.67,succeeded,3
CUST-00788,2025-11-22 00:00:00+00:00,81.14,succeeded,0
CUST-00789,2026-04-21 00:00:00+00:00,80.85,succeeded,3
CUST-00789,2026-03-22 00:00:00+00:00,64.79,succeeded,3
CUST-00789,2026-02-20 00:00:00+00:00,69.46,succeeded,1
CUST-00789,2026-01-21 00:00:00+00:00,84.0,succeeded,2
CUST-00789,2025-12-22 00:00:00+00:00,82.18,succeeded,1
CUST-00789,2025-11-22 00:00:00+00:00,79.41,succeeded,3
CUST-00790,2026-03-22 00:00:00+00:00,13.21,succeeded,3
CUST-00790,2026-02-20 00:00:00+00:00,24.64,succeeded,0
CUST-00790,2026-01-21 00:00:00+00:00,10.0,succeeded,3
CUST-00790,2025-12-22 00:00:00+00:00,10.0,succeeded,1
CUST-00790,2025-11-22 00:00:00+00:00,25.37,succeeded,0
CUST-00791,2026-04-21 00:00:00+00:00,88.84,succeeded,2
CUST-00791,2026-03-22 00:00:00+00:00,88.01,succeeded,3
CUST-00791,2026-02-20 00:00:00+00:00,242.73,succeeded,0
CUST-00791,2026-01-21 00:00:00+00:00,80.27,succeeded,2
CUST-00791,2025-12-22 00:00:00+00:00,86.62,succeeded,0
CUST-00791,2025-11-22 00:00:00+00:00,79.19,succeeded,0
CUST-00792,2026-04-21 00:00:00+00:00,35.77,succeeded,3
CUST-00792,2026-03-22 00:00:00+00:00,34.26,succeeded,3
CUST-00792,2026-02-20 00:00:00+00:00,32.52,succeeded,1
CUST-00792,2026-01-21 00:00:00+00:00,30.5,succeeded,1
CUST-00792,2025-12-22 00:00:00+00:00,32.83,failed,1
CUST-00792,2025-11-22 00:00:00+00:00,39.37,failed,0
CUST-00793,2026-04-21 00:00:00+00:00,49.63,succeeded,3
CUST-00793,2026-03-22 00:00:00+00:00,47.25,failed,6
CUST-00793,2026-02-20 00:00:00+00:00,46.54,succeeded,3
CUST-00793,2026-01-21 00:00:00+00:00,42.37,succeeded,3
CUST-00793,2025-12-22 00:00:00+00:00,48.43,succeeded,2
CUST-00793,2025-11-22 00:00:00+00:00,48.29,succeeded,0
CUST-00794,2026-03-22 00:00:00+00:00,21.68,succeeded,3
CUST-00794,2026-02-20 00:00:00+00:00,21.64,succeeded,0
CUST-00794,2026-01-21 00:00:00+00:00,26.55,succeeded,3
CUST-00794,2025-12-22 00:00:00+00:00,15.15,succeeded,0
CUST-00794,2025-11-22 00:00:00+00:00,17.88,succeeded,3
CUST-00795,2026-04-21 00:00:00+00:00,19.37,succeeded,2
CUST-00795,2026-03-22 00:00:00+00:00,30.84,succeeded,0
CUST-00795,2026-02-20 00:00:00+00:00,22.47,succeeded,3
CUST-00795,2026-01-21 00:00:00+00:00,29.78,succeeded,3
CUST-00795,2025-12-22 00:00:00+00:00,27.19,succeeded,3
CUST-00795,2025-11-22 00:00:00+00:00,30.81,succeeded,3
CUST-00796,2026-04-21 00:00:00+00:00,25.01,succeeded,3
CUST-00796,2026-03-22 00:00:00+00:00,22.56,succeeded,3
CUST-00796,2026-02-20 00:00:00+00:00,24.43,failed,9
CUST-00796,2026-01-21 00:00:00+00:00,20.53,succeeded,0
CUST-00796,2025-12-22 00:00:00+00:00,24.38,failed,9
CUST-00796,2025-11-22 00:00:00+00:00,20.13,succeeded,3
CUST-00797,2026-04-21 00:00:00+00:00,27.39,succeeded,2
CUST-00797,2026-03-22 00:00:00+00:00,37.95,succeeded,1
CUST-00797,2026-02-20 00:00:00+00:00,28.49,succeeded,0
CUST-00797,2026-01-21 00:00:00+00:00,25.67,succeeded,0
CUST-00797,2025-12-22 00:00:00+00:00,40.71,succeeded,0
CUST-00797,2025-11-22 00:00:00+00:00,26.78,succeeded,0
CUST-00798,2026-04-21 00:00:00+00:00,77.22,succeeded,3
CUST-00798,2026-03-22 00:00:00+00:00,79.01,succeeded,2
CUST-00798,2026-02-20 00:00:00+00:00,90.46,succeeded,0
CUST-00798,2026-01-21 00:00:00+00:00,85.47,failed,6
CUST-00798,2025-12-22 00:00:00+00:00,83.24,succeeded,2
CUST-00798,2025-11-22 00:00:00+00:00,84.96,succeeded,2
CUST-00799,2026-03-22 00:00:00+00:00,33.04,succeeded,0
CUST-00799,2026-02-20 00:00:00+00:00,21.3,succeeded,0
CUST-00799,2026-01-21 00:00:00+00:00,28.14,succeeded,3
CUST-00799,2025-12-22 00:00:00+00:00,27.28,succeeded,1
CUST-00799,2025-11-22 00:00:00+00:00,35.5,succeeded,2
CUST-00800,2026-04-21 00:00:00+00:00,37.33,failed,10
CUST-00800,2026-03-22 00:00:00+00:00,39.67,succeeded,3
CUST-00800,2026-02-20 00:00:00+00:00,40.15,succeeded,2
CUST-00800,2026-01-21 00:00:00+00:00,53.01,failed,1
CUST-00800,2025-12-22 00:00:00+00:00,34.18,succeeded,0
CUST-00800,2025-11-22 00:00:00+00:00,45.32,succeeded,2
CUST-00801,2026-04-21 00:00:00+00:00,22.91,succeeded,3
CUST-00801,2026-03-22 00:00:00+00:00,20.68,succeeded,0
CUST-00801,2026-02-20 00:00:00+00:00,14.72,failed,9
CUST-00801,2026-01-21 00:00:00+00:00,29.97,succeeded,2
CUST-00801,2025-12-22 00:00:00+00:00,24.56,succeeded,2
CUST-00801,2025-11-22 00:00:00+00:00,27.74,succeeded,3
CUST-00802,2026-03-22 00:00:00+00:00,35.47,succeeded,1
CUST-00802,2026-02-20 00:00:00+00:00,37.86,succeeded,1
CUST-00802,2026-01-21 00:00:00+00:00,40.81,failed,5
CUST-00802,2025-12-22 00:00:00+00:00,38.13,succeeded,1
CUST-00802,2025-11-22 00:00:00+00:00,40.05,succeeded,3
CUST-00803,2026-04-21 00:00:00+00:00,31.62,succeeded,2
CUST-00803,2026-03-22 00:00:00+00:00,24.05,succeeded,0
CUST-00803,2026-02-20 00:00:00+00:00,40.39,succeeded,1
CUST-00803,2026-01-21 00:00:00+00:00,35.96,succeeded,3
CUST-00803,2025-12-22 00:00:00+00:00,33.09,succeeded,0
CUST-00803,2025-11-22 00:00:00+00:00,33.51,succeeded,3
CUST-00804,2026-04-21 00:00:00+00:00,29.78,succeeded,3
CUST-00804,2026-03-22 00:00:00+00:00,36.97,succeeded,1
CUST-00804,2026-02-20 00:00:00+00:00,37.22,succeeded,2
CUST-00804,2026-01-21 00:00:00+00:00,29.27,succeeded,3
CUST-00804,2025-12-22 00:00:00+00:00,22.22,succeeded,1
CUST-00804,2025-11-22 00:00:00+00:00,32.26,failed,6
CUST-00805,2026-03-22 00:00:00+00:00,24.91,succeeded,2
CUST-00805,2026-02-20 00:00:00+00:00,34.66,succeeded,1
CUST-00805,2026-01-21 00:00:00+00:00,23.13,succeeded,2
CUST-00805,2025-12-22 00:00:00+00:00,22.52,succeeded,3
CUST-00805,2025-11-22 00:00:00+00:00,21.83,succeeded,1
CUST-00806,2026-04-21 00:00:00+00:00,94.07,succeeded,2
CUST-00806,2026-03-22 00:00:00+00:00,92.86,succeeded,3
CUST-00806,2026-02-20 00:00:00+00:00,95.23,succeeded,0
CUST-00806,2026-01-21 00:00:00+00:00,93.53,succeeded,3
CUST-00806,2025-12-22 00:00:00+00:00,93.99,failed,12
CUST-00806,2025-11-22 00:00:00+00:00,96.46,succeeded,1
CUST-00807,2026-03-22 00:00:00+00:00,198.83,succeeded,1
CUST-00807,2026-02-20 00:00:00+00:00,189.25,succeeded,3
CUST-00807,2026-01-21 00:00:00+00:00,195.21,succeeded,3
CUST-00807,2025-12-22 00:00:00+00:00,199.09,succeeded,2
CUST-00807,2025-11-22 00:00:00+00:00,183.86,succeeded,2
CUST-00808,2026-04-21 00:00:00+00:00,24.97,succeeded,3
CUST-00808,2026-03-22 00:00:00+00:00,29.47,succeeded,0
CUST-00808,2026-02-20 00:00:00+00:00,37.16,succeeded,2
CUST-00808,2026-01-21 00:00:00+00:00,21.97,succeeded,1
CUST-00808,2025-12-22 00:00:00+00:00,24.27,succeeded,2
CUST-00808,2025-11-22 00:00:00+00:00,33.23,succeeded,1
CUST-00809,2026-04-21 00:00:00+00:00,77.36,succeeded,3
CUST-00809,2026-03-22 00:00:00+00:00,81.25,failed,5
CUST-00809,2026-02-20 00:00:00+00:00,71.02,succeeded,2
CUST-00809,2026-01-21 00:00:00+00:00,64.16,succeeded,0
CUST-00809,2025-12-22 00:00:00+00:00,74.45,failed,8
CUST-00809,2025-11-22 00:00:00+00:00,77.92,succeeded,1
CUST-00810,2026-04-21 00:00:00+00:00,211.61,succeeded,0
CUST-00810,2026-03-22 00:00:00+00:00,210.75,succeeded,3
CUST-00810,2026-02-20 00:00:00+00:00,202.87,succeeded,3
CUST-00810,2026-01-21 00:00:00+00:00,209.55,succeeded,2
CUST-00810,2025-12-22 00:00:00+00:00,214.13,succeeded,0
CUST-00810,2025-11-22 00:00:00+00:00,212.48,succeeded,1
CUST-00811,2026-03-22 00:00:00+00:00,205.71,succeeded,3
CUST-00811,2026-02-20 00:00:00+00:00,204.63,succeeded,0
CUST-00811,2026-01-21 00:00:00+00:00,205.19,succeeded,1
CUST-00811,2025-12-22 00:00:00+00:00,197.56,succeeded,3
CUST-00811,2025-11-22 00:00:00+00:00,208.18,succeeded,3
CUST-00812,2026-04-21 00:00:00+00:00,77.27,succeeded,3
CUST-00812,2026-03-22 00:00:00+00:00,72.58,succeeded,1
CUST-00812,2026-02-20 00:00:00+00:00,78.56,succeeded,3
CUST-00812,2026-01-21 00:00:00+00:00,69.77,succeeded,0
CUST-00812,2025-12-22 00:00:00+00:00,65.05,succeeded,3
CUST-00812,2025-11-22 00:00:00+00:00,68.71,succeeded,0
CUST-00813,2026-04-21 00:00:00+00:00,201.1,failed,2
CUST-00813,2026-03-22 00:00:00+00:00,206.12,succeeded,0
CUST-00813,2026-02-20 00:00:00+00:00,199.31,succeeded,3
CUST-00813,2026-01-21 00:00:00+00:00,208.72,succeeded,1
CUST-00813,2025-12-22 00:00:00+00:00,210.06,succeeded,0
CUST-00813,2025-11-22 00:00:00+00:00,201.08,succeeded,3
CUST-00814,2026-04-21 00:00:00+00:00,200.06,succeeded,1
CUST-00814,2026-03-22 00:00:00+00:00,199.13,succeeded,1
CUST-00814,2026-02-20 00:00:00+00:00,207.07,succeeded,2
CUST-00814,2026-01-21 00:00:00+00:00,200.17,succeeded,1
CUST-00814,2025-12-22 00:00:00+00:00,207.24,succeeded,1
CUST-00814,2025-11-22 00:00:00+00:00,200.57,succeeded,3
CUST-00815,2026-03-22 00:00:00+00:00,72.82,succeeded,3
CUST-00815,2026-02-20 00:00:00+00:00,69.4,succeeded,0
CUST-00815,2026-01-21 00:00:00+00:00,75.07,succeeded,0
CUST-00815,2025-12-22 00:00:00+00:00,76.97,succeeded,0
CUST-00815,2025-11-22 00:00:00+00:00,78.72,succeeded,0
CUST-00816,2026-04-21 00:00:00+00:00,38.3,succeeded,0
CUST-00816,2026-03-22 00:00:00+00:00,46.02,succeeded,1
CUST-00816,2026-02-20 00:00:00+00:00,33.76,succeeded,1
CUST-00816,2026-01-21 00:00:00+00:00,37.93,succeeded,2
CUST-00816,2025-12-22 00:00:00+00:00,24.69,succeeded,2
CUST-00816,2025-11-22 00:00:00+00:00,34.62,succeeded,2
CUST-00817,2026-03-22 00:00:00+00:00,32.58,succeeded,1
CUST-00817,2026-02-20 00:00:00+00:00,38.73,succeeded,2
CUST-00817,2026-01-21 00:00:00+00:00,33.62,succeeded,0
CUST-00817,2025-12-22 00:00:00+00:00,28.52,succeeded,3
CUST-00817,2025-11-22 00:00:00+00:00,32.63,succeeded,1
CUST-00818,2026-03-22 00:00:00+00:00,28.25,succeeded,3
CUST-00818,2026-02-20 00:00:00+00:00,41.43,succeeded,2
CUST-00818,2026-01-21 00:00:00+00:00,36.09,succeeded,0
CUST-00818,2025-12-22 00:00:00+00:00,31.25,succeeded,2
CUST-00818,2025-11-22 00:00:00+00:00,34.48,succeeded,3
CUST-00819,2026-04-21 00:00:00+00:00,31.43,succeeded,2
CUST-00819,2026-03-22 00:00:00+00:00,27.01,succeeded,1
CUST-00819,2026-02-20 00:00:00+00:00,25.61,succeeded,2
CUST-00819,2026-01-21 00:00:00+00:00,27.81,succeeded,3
CUST-00819,2025-12-22 00:00:00+00:00,34.78,succeeded,0
CUST-00819,2025-11-22 00:00:00+00:00,25.73,failed,2
CUST-00820,2026-03-22 00:00:00+00:00,29.33,succeeded,1
CUST-00820,2026-02-20 00:00:00+00:00,33.48,succeeded,1
CUST-00820,2026-01-21 00:00:00+00:00,35.28,succeeded,3
CUST-00820,2025-12-22 00:00:00+00:00,28.28,succeeded,2
CUST-00820,2025-11-22 00:00:00+00:00,31.44,succeeded,0
CUST-00821,2026-03-22 00:00:00+00:00,34.96,succeeded,1
CUST-00821,2026-02-20 00:00:00+00:00,18.96,succeeded,0
CUST-00821,2026-01-21 00:00:00+00:00,30.8,failed,4
CUST-00821,2025-12-22 00:00:00+00:00,35.1,succeeded,1
CUST-00821,2025-11-22 00:00:00+00:00,37.75,succeeded,1
CUST-00822,2026-03-22 00:00:00+00:00,65.42,succeeded,1
CUST-00822,2026-02-20 00:00:00+00:00,77.49,succeeded,2
CUST-00822,2026-01-21 00:00:00+00:00,83.19,succeeded,2
CUST-00822,2025-12-22 00:00:00+00:00,81.96,succeeded,0
CUST-00822,2025-11-22 00:00:00+00:00,77.06,failed,11
CUST-00823,2026-04-21 00:00:00+00:00,74.89,succeeded,0
CUST-00823,2026-03-22 00:00:00+00:00,78.94,succeeded,2
CUST-00823,2026-02-20 00:00:00+00:00,73.4,succeeded,2
CUST-00823,2026-01-21 00:00:00+00:00,79.59,succeeded,1
CUST-00823,2025-12-22 00:00:00+00:00,73.95,succeeded,1
CUST-00823,2025-11-22 00:00:00+00:00,80.93,succeeded,0
CUST-00824,2026-04-21 00:00:00+00:00,90.91,succeeded,0
CUST-00824,2026-03-22 00:00:00+00:00,84.52,succeeded,2
CUST-00824,2026-02-20 00:00:00+00:00,86.92,succeeded,3
CUST-00824,2026-01-21 00:00:00+00:00,96.98,succeeded,3
CUST-00824,2025-12-22 00:00:00+00:00,92.31,succeeded,3
CUST-00824,2025-11-22 00:00:00+00:00,94.12,succeeded,1
CUST-00825,2026-03-22 00:00:00+00:00,24.08,succeeded,1
CUST-00825,2026-02-20 00:00:00+00:00,24.88,succeeded,1
CUST-00825,2026-01-21 00:00:00+00:00,15.54,succeeded,1
CUST-00825,2025-12-22 00:00:00+00:00,22.41,succeeded,2
CUST-00825,2025-11-22 00:00:00+00:00,17.5,succeeded,1
CUST-00826,2026-04-21 00:00:00+00:00,23.71,succeeded,3
CUST-00826,2026-03-22 00:00:00+00:00,35.69,succeeded,0
CUST-00826,2026-02-20 00:00:00+00:00,31.25,failed,8
CUST-00826,2026-01-21 00:00:00+00:00,35.21,failed,0
CUST-00826,2025-12-22 00:00:00+00:00,30.54,succeeded,2
CUST-00826,2025-11-22 00:00:00+00:00,28.62,failed,7
CUST-00827,2026-04-21 00:00:00+00:00,76.07,succeeded,3
CUST-00827,2026-03-22 00:00:00+00:00,79.17,succeeded,2
CUST-00827,2026-02-20 00:00:00+00:00,75.98,succeeded,2
CUST-00827,2026-01-21 00:00:00+00:00,70.56,succeeded,2
CUST-00827,2025-12-22 00:00:00+00:00,72.11,succeeded,2
CUST-00827,2025-11-22 00:00:00+00:00,75.06,succeeded,0
CUST-00828,2026-04-21 00:00:00+00:00,93.82,succeeded,3
CUST-00828,2026-03-22 00:00:00+00:00,99.22,succeeded,1
CUST-00828,2026-02-20 00:00:00+00:00,91.22,succeeded,2
CUST-00828,2026-01-21 00:00:00+00:00,101.39,succeeded,0
CUST-00828,2025-12-22 00:00:00+00:00,92.81,succeeded,2
CUST-00828,2025-11-22 00:00:00+00:00,88.58,succeeded,3
CUST-00829,2026-04-21 00:00:00+00:00,191.9,succeeded,3
CUST-00829,2026-03-22 00:00:00+00:00,198.33,succeeded,3
CUST-00829,2026-02-20 00:00:00+00:00,198.61,failed,12
CUST-00829,2026-01-21 00:00:00+00:00,187.39,succeeded,0
CUST-00829,2025-12-22 00:00:00+00:00,192.98,succeeded,2
CUST-00829,2025-11-22 00:00:00+00:00,186.03,succeeded,1
CUST-00830,2026-03-22 00:00:00+00:00,192.97,failed,7
CUST-00830,2026-02-20 00:00:00+00:00,193.21,succeeded,0
CUST-00830,2026-01-21 00:00:00+00:00,183.31,succeeded,3
CUST-00830,2025-12-22 00:00:00+00:00,190.18,succeeded,2
CUST-00830,2025-11-22 00:00:00+00:00,195.27,succeeded,2
CUST-00831,2026-04-21 00:00:00+00:00,196.44,succeeded,3
CUST-00831,2026-03-22 00:00:00+00:00,195.54,succeeded,3
CUST-00831,2026-02-20 00:00:00+00:00,197.35,succeeded,3
CUST-00831,2026-01-21 00:00:00+00:00,191.16,succeeded,3
CUST-00831,2025-12-22 00:00:00+00:00,197.28,succeeded,1
CUST-00831,2025-11-22 00:00:00+00:00,191.22,succeeded,1
CUST-00832,2026-03-22 00:00:00+00:00,34.69,succeeded,2
CUST-00832,2026-02-20 00:00:00+00:00,32.79,succeeded,3
CUST-00832,2026-01-21 00:00:00+00:00,30.31,succeeded,3
CUST-00832,2025-12-22 00:00:00+00:00,34.52,succeeded,2
CUST-00832,2025-11-22 00:00:00+00:00,31.85,succeeded,2
CUST-00833,2026-04-21 00:00:00+00:00,33.01,succeeded,0
CUST-00833,2026-03-22 00:00:00+00:00,19.26,succeeded,2
CUST-00833,2026-02-20 00:00:00+00:00,26.94,succeeded,0
CUST-00833,2026-01-21 00:00:00+00:00,13.95,succeeded,1
CUST-00833,2025-12-22 00:00:00+00:00,27.33,succeeded,2
CUST-00833,2025-11-22 00:00:00+00:00,16.1,succeeded,3
CUST-00834,2026-04-21 00:00:00+00:00,30.42,succeeded,1
CUST-00834,2026-03-22 00:00:00+00:00,23.39,succeeded,3
CUST-00834,2026-02-20 00:00:00+00:00,22.93,succeeded,3
CUST-00834,2026-01-21 00:00:00+00:00,17.0,succeeded,3
CUST-00834,2025-12-22 00:00:00+00:00,25.23,succeeded,1
CUST-00834,2025-11-22 00:00:00+00:00,18.79,succeeded,0
CUST-00835,2026-03-22 00:00:00+00:00,61.42,succeeded,1
CUST-00835,2026-02-20 00:00:00+00:00,58.87,succeeded,3
CUST-00835,2026-01-21 00:00:00+00:00,64.23,succeeded,1
CUST-00835,2025-12-22 00:00:00+00:00,64.22,succeeded,1
CUST-00835,2025-11-22 00:00:00+00:00,45.44,succeeded,0
CUST-00836,2026-04-21 00:00:00+00:00,201.54,succeeded,3
CUST-00836,2026-03-22 00:00:00+00:00,201.5,succeeded,0
CUST-00836,2026-02-20 00:00:00+00:00,601.83,succeeded,2
CUST-00836,2026-01-21 00:00:00+00:00,195.58,succeeded,2
CUST-00836,2025-12-22 00:00:00+00:00,209.71,succeeded,0
CUST-00836,2025-11-22 00:00:00+00:00,193.44,succeeded,3
CUST-00837,2026-04-21 00:00:00+00:00,28.28,succeeded,2
CUST-00837,2026-03-22 00:00:00+00:00,29.37,succeeded,3
CUST-00837,2026-02-20 00:00:00+00:00,28.08,succeeded,0
CUST-00837,2026-01-21 00:00:00+00:00,27.3,succeeded,3
CUST-00837,2025-12-22 00:00:00+00:00,30.8,succeeded,2
CUST-00837,2025-11-22 00:00:00+00:00,33.51,succeeded,0
CUST-00838,2026-04-21 00:00:00+00:00,64.83,succeeded,0
CUST-00838,2026-03-22 00:00:00+00:00,69.08,succeeded,0
CUST-00838,2026-02-20 00:00:00+00:00,69.15,succeeded,2
CUST-00838,2026-01-21 00:00:00+00:00,66.89,succeeded,1
CUST-00838,2025-12-22 00:00:00+00:00,55.41,succeeded,0
CUST-00838,2025-11-22 00:00:00+00:00,66.17,succeeded,1
CUST-00839,2026-03-22 00:00:00+00:00,31.17,succeeded,0
CUST-00839,2026-02-20 00:00:00+00:00,38.97,succeeded,0
CUST-00839,2026-01-21 00:00:00+00:00,36.67,succeeded,0
CUST-00839,2025-12-22 00:00:00+00:00,39.41,succeeded,2
CUST-00839,2025-11-22 00:00:00+00:00,40.14,succeeded,1
CUST-00840,2026-04-21 00:00:00+00:00,14.15,succeeded,0
CUST-00840,2026-03-22 00:00:00+00:00,15.87,failed,6
CUST-00840,2026-02-20 00:00:00+00:00,23.54,succeeded,2
CUST-00840,2026-01-21 00:00:00+00:00,16.06,succeeded,0
CUST-00840,2025-12-22 00:00:00+00:00,21.18,succeeded,2
CUST-00840,2025-11-22 00:00:00+00:00,18.35,succeeded,2
CUST-00841,2026-03-22 00:00:00+00:00,32.55,succeeded,1
CUST-00841,2026-02-20 00:00:00+00:00,37.43,succeeded,3
CUST-00841,2026-01-21 00:00:00+00:00,42.0,succeeded,1
CUST-00841,2025-12-22 00:00:00+00:00,35.5,succeeded,3
CUST-00841,2025-11-22 00:00:00+00:00,36.14,succeeded,1
CUST-00842,2026-03-22 00:00:00+00:00,28.53,succeeded,0
CUST-00842,2026-02-20 00:00:00+00:00,27.17,succeeded,2
CUST-00842,2026-01-21 00:00:00+00:00,19.14,succeeded,3
CUST-00842,2025-12-22 00:00:00+00:00,19.75,succeeded,3
CUST-00842,2025-11-22 00:00:00+00:00,22.94,succeeded,0
CUST-00843,2026-04-21 00:00:00+00:00,219.98,succeeded,2
CUST-00843,2026-03-22 00:00:00+00:00,212.62,succeeded,1
CUST-00843,2026-02-20 00:00:00+00:00,212.77,succeeded,0
CUST-00843,2026-01-21 00:00:00+00:00,217.27,succeeded,2
CUST-00843,2025-12-22 00:00:00+00:00,209.3,succeeded,0
CUST-00843,2025-11-22 00:00:00+00:00,208.91,succeeded,3
CUST-00844,2026-03-22 00:00:00+00:00,32.53,failed,13
CUST-00844,2026-02-20 00:00:00+00:00,40.29,succeeded,0
CUST-00844,2026-01-21 00:00:00+00:00,42.58,succeeded,0
CUST-00844,2025-12-22 00:00:00+00:00,34.09,succeeded,3
CUST-00844,2025-11-22 00:00:00+00:00,27.23,succeeded,0
CUST-00845,2026-04-21 00:00:00+00:00,74.43,succeeded,2
CUST-00845,2026-03-22 00:00:00+00:00,67.99,succeeded,0
CUST-00845,2026-02-20 00:00:00+00:00,75.7,succeeded,3
CUST-00845,2026-01-21 00:00:00+00:00,77.12,succeeded,1
CUST-00845,2025-12-22 00:00:00+00:00,72.24,succeeded,1
CUST-00845,2025-11-22 00:00:00+00:00,70.44,succeeded,1
CUST-00846,2026-04-21 00:00:00+00:00,74.52,succeeded,1
CUST-00846,2026-03-22 00:00:00+00:00,73.26,succeeded,0
CUST-00846,2026-02-20 00:00:00+00:00,66.55,succeeded,2
CUST-00846,2026-01-21 00:00:00+00:00,73.47,succeeded,3
CUST-00846,2025-12-22 00:00:00+00:00,70.76,succeeded,2
CUST-00846,2025-11-22 00:00:00+00:00,77.3,succeeded,3
CUST-00847,2026-04-21 00:00:00+00:00,43.8,succeeded,0
CUST-00847,2026-03-22 00:00:00+00:00,30.14,succeeded,0
CUST-00847,2026-02-20 00:00:00+00:00,33.49,succeeded,2
CUST-00847,2026-01-21 00:00:00+00:00,36.08,succeeded,2
CUST-00847,2025-12-22 00:00:00+00:00,38.17,succeeded,1
CUST-00847,2025-11-22 00:00:00+00:00,35.34,succeeded,3
CUST-00848,2026-04-21 00:00:00+00:00,26.2,succeeded,0
CUST-00848,2026-03-22 00:00:00+00:00,16.92,succeeded,3
CUST-00848,2026-02-20 00:00:00+00:00,29.55,succeeded,3
CUST-00848,2026-01-21 00:00:00+00:00,25.81,succeeded,1
CUST-00848,2025-12-22 00:00:00+00:00,22.49,failed,14
CUST-00848,2025-11-22 00:00:00+00:00,32.06,succeeded,0
CUST-00849,2026-04-21 00:00:00+00:00,80.58,succeeded,2
CUST-00849,2026-03-22 00:00:00+00:00,86.71,succeeded,0
CUST-00849,2026-02-20 00:00:00+00:00,85.46,succeeded,1
CUST-00849,2026-01-21 00:00:00+00:00,77.44,succeeded,2
CUST-00849,2025-12-22 00:00:00+00:00,80.31,failed,1
CUST-00849,2025-11-22 00:00:00+00:00,72.06,succeeded,0
CUST-00850,2026-04-21 00:00:00+00:00,38.69,succeeded,1
CUST-00850,2026-03-22 00:00:00+00:00,30.97,succeeded,0
CUST-00850,2026-02-20 00:00:00+00:00,35.96,failed,9
CUST-00850,2026-01-21 00:00:00+00:00,43.21,succeeded,1
CUST-00850,2025-12-22 00:00:00+00:00,40.79,succeeded,0
CUST-00850,2025-11-22 00:00:00+00:00,49.02,failed,6
CUST-00851,2026-03-22 00:00:00+00:00,196.07,succeeded,1
CUST-00851,2026-02-20 00:00:00+00:00,200.53,succeeded,1
CUST-00851,2026-01-21 00:00:00+00:00,191.32,failed,5
CUST-00851,2025-12-22 00:00:00+00:00,188.13,succeeded,3
CUST-00851,2025-11-22 00:00:00+00:00,192.93,succeeded,2
CUST-00852,2026-03-22 00:00:00+00:00,32.75,succeeded,1
CUST-00852,2026-02-20 00:00:00+00:00,29.38,succeeded,3
CUST-00852,2026-01-21 00:00:00+00:00,32.62,failed,4
CUST-00852,2025-12-22 00:00:00+00:00,28.69,succeeded,1
CUST-00852,2025-11-22 00:00:00+00:00,34.24,succeeded,2
CUST-00853,2026-04-21 00:00:00+00:00,87.99,succeeded,1
CUST-00853,2026-03-22 00:00:00+00:00,83.6,succeeded,3
CUST-00853,2026-02-20 00:00:00+00:00,81.12,succeeded,3
CUST-00853,2026-01-21 00:00:00+00:00,93.56,succeeded,3
CUST-00853,2025-12-22 00:00:00+00:00,85.79,succeeded,2
CUST-00853,2025-11-22 00:00:00+00:00,92.24,succeeded,2
CUST-00854,2026-04-21 00:00:00+00:00,81.06,succeeded,1
CUST-00854,2026-03-22 00:00:00+00:00,88.11,succeeded,0
CUST-00854,2026-02-20 00:00:00+00:00,77.46,succeeded,0
CUST-00854,2026-01-21 00:00:00+00:00,80.05,failed,4
CUST-00854,2025-12-22 00:00:00+00:00,90.14,succeeded,2
CUST-00854,2025-11-22 00:00:00+00:00,84.35,succeeded,0
CUST-00855,2026-03-22 00:00:00+00:00,22.89,succeeded,1
CUST-00855,2026-02-20 00:00:00+00:00,33.61,succeeded,0
CUST-00855,2026-01-21 00:00:00+00:00,25.53,failed,3
CUST-00855,2025-12-22 00:00:00+00:00,17.33,succeeded,0
CUST-00855,2025-11-22 00:00:00+00:00,28.58,succeeded,3
CUST-00856,2026-03-22 00:00:00+00:00,26.14,succeeded,0
CUST-00856,2026-02-20 00:00:00+00:00,26.79,succeeded,3
CUST-00856,2026-01-21 00:00:00+00:00,27.64,succeeded,0
CUST-00856,2025-12-22 00:00:00+00:00,24.49,succeeded,0
CUST-00856,2025-11-22 00:00:00+00:00,27.33,succeeded,1
CUST-00857,2026-03-22 00:00:00+00:00,187.77,succeeded,3
CUST-00857,2026-02-20 00:00:00+00:00,194.08,succeeded,2
CUST-00857,2026-01-21 00:00:00+00:00,179.71,succeeded,2
CUST-00857,2025-12-22 00:00:00+00:00,183.18,succeeded,2
CUST-00857,2025-11-22 00:00:00+00:00,186.62,succeeded,1
CUST-00858,2026-03-22 00:00:00+00:00,18.9,succeeded,3
CUST-00858,2026-02-20 00:00:00+00:00,28.39,succeeded,3
CUST-00858,2026-01-21 00:00:00+00:00,26.51,failed,13
CUST-00858,2025-12-22 00:00:00+00:00,10.83,succeeded,3
CUST-00858,2025-11-22 00:00:00+00:00,24.3,succeeded,1
CUST-00859,2026-03-22 00:00:00+00:00,39.96,failed,3
CUST-00859,2026-02-20 00:00:00+00:00,31.6,succeeded,3
CUST-00859,2026-01-21 00:00:00+00:00,26.32,succeeded,0
CUST-00859,2025-12-22 00:00:00+00:00,30.0,succeeded,1
CUST-00859,2025-11-22 00:00:00+00:00,38.21,succeeded,0
CUST-00860,2026-04-21 00:00:00+00:00,22.82,succeeded,3
CUST-00860,2026-03-22 00:00:00+00:00,29.05,succeeded,1
CUST-00860,2026-02-20 00:00:00+00:00,29.48,succeeded,2
CUST-00860,2026-01-21 00:00:00+00:00,35.61,succeeded,2
CUST-00860,2025-12-22 00:00:00+00:00,16.01,failed,8
CUST-00860,2025-11-22 00:00:00+00:00,29.2,succeeded,2
CUST-00861,2026-04-21 00:00:00+00:00,27.69,succeeded,1
CUST-00861,2026-03-22 00:00:00+00:00,32.81,succeeded,3
CUST-00861,2026-02-20 00:00:00+00:00,26.26,succeeded,2
CUST-00861,2026-01-21 00:00:00+00:00,36.87,succeeded,3
CUST-00861,2025-12-22 00:00:00+00:00,32.78,succeeded,1
CUST-00861,2025-11-22 00:00:00+00:00,36.17,succeeded,0
CUST-00862,2026-03-22 00:00:00+00:00,81.16,succeeded,1
CUST-00862,2026-02-20 00:00:00+00:00,77.56,succeeded,1
CUST-00862,2026-01-21 00:00:00+00:00,89.43,succeeded,1
CUST-00862,2025-12-22 00:00:00+00:00,84.51,succeeded,1
CUST-00862,2025-11-22 00:00:00+00:00,89.59,succeeded,2
CUST-00863,2026-04-21 00:00:00+00:00,63.96,succeeded,1
CUST-00863,2026-03-22 00:00:00+00:00,67.72,succeeded,1
CUST-00863,2026-02-20 00:00:00+00:00,67.61,succeeded,3
CUST-00863,2026-01-21 00:00:00+00:00,66.23,succeeded,1
CUST-00863,2025-12-22 00:00:00+00:00,64.93,succeeded,0
CUST-00863,2025-11-22 00:00:00+00:00,67.23,succeeded,1
CUST-00864,2026-04-21 00:00:00+00:00,27.63,succeeded,2
CUST-00864,2026-03-22 00:00:00+00:00,27.61,succeeded,2
CUST-00864,2026-02-20 00:00:00+00:00,35.86,failed,12
CUST-00864,2026-01-21 00:00:00+00:00,26.42,succeeded,2
CUST-00864,2025-12-22 00:00:00+00:00,20.67,succeeded,1
CUST-00864,2025-11-22 00:00:00+00:00,15.62,failed,2
CUST-00865,2026-03-22 00:00:00+00:00,81.28,succeeded,3
CUST-00865,2026-02-20 00:00:00+00:00,81.18,succeeded,1
CUST-00865,2026-01-21 00:00:00+00:00,246.39,succeeded,2
CUST-00865,2025-12-22 00:00:00+00:00,82.3,succeeded,1
CUST-00865,2025-11-22 00:00:00+00:00,83.81,succeeded,2
CUST-00866,2026-04-21 00:00:00+00:00,23.58,failed,6
CUST-00866,2026-03-22 00:00:00+00:00,30.39,succeeded,2
CUST-00866,2026-02-20 00:00:00+00:00,28.08,succeeded,2
CUST-00866,2026-01-21 00:00:00+00:00,21.94,succeeded,3
CUST-00866,2025-12-22 00:00:00+00:00,21.03,succeeded,0
CUST-00866,2025-11-22 00:00:00+00:00,23.09,succeeded,3
CUST-00867,2026-03-22 00:00:00+00:00,41.26,succeeded,1
CUST-00867,2026-02-20 00:00:00+00:00,35.61,succeeded,1
CUST-00867,2026-01-21 00:00:00+00:00,36.39,failed,7
CUST-00867,2025-12-22 00:00:00+00:00,38.04,succeeded,0
CUST-00867,2025-11-22 00:00:00+00:00,32.87,succeeded,3
CUST-00868,2026-03-22 00:00:00+00:00,82.45,succeeded,1
CUST-00868,2026-02-20 00:00:00+00:00,80.33,succeeded,0
CUST-00868,2026-01-21 00:00:00+00:00,80.75,succeeded,2
CUST-00868,2025-12-22 00:00:00+00:00,92.34,succeeded,0
CUST-00868,2025-11-22 00:00:00+00:00,83.14,succeeded,0
CUST-00869,2026-04-21 00:00:00+00:00,195.19,succeeded,2
CUST-00869,2026-03-22 00:00:00+00:00,199.5,succeeded,3
CUST-00869,2026-02-20 00:00:00+00:00,203.6,succeeded,2
CUST-00869,2026-01-21 00:00:00+00:00,202.03,succeeded,1
CUST-00869,2025-12-22 00:00:00+00:00,195.32,succeeded,2
CUST-00869,2025-11-22 00:00:00+00:00,196.04,succeeded,0
CUST-00870,2026-04-21 00:00:00+00:00,48.4,succeeded,1
CUST-00870,2026-03-22 00:00:00+00:00,48.26,succeeded,1
CUST-00870,2026-02-20 00:00:00+00:00,40.61,succeeded,0
CUST-00870,2026-01-21 00:00:00+00:00,38.52,succeeded,0
CUST-00870,2025-12-22 00:00:00+00:00,47.12,succeeded,2
CUST-00870,2025-11-22 00:00:00+00:00,39.64,failed,2
CUST-00871,2026-04-21 00:00:00+00:00,25.27,succeeded,2
CUST-00871,2026-03-22 00:00:00+00:00,18.88,failed,4
CUST-00871,2026-02-20 00:00:00+00:00,10.0,succeeded,3
CUST-00871,2026-01-21 00:00:00+00:00,22.85,succeeded,3
CUST-00871,2025-12-22 00:00:00+00:00,13.62,succeeded,2
CUST-00871,2025-11-22 00:00:00+00:00,10.15,failed,5
CUST-00872,2026-03-22 00:00:00+00:00,79.61,succeeded,1
CUST-00872,2026-02-20 00:00:00+00:00,84.41,succeeded,3
CUST-00872,2026-01-21 00:00:00+00:00,74.68,succeeded,3
CUST-00872,2025-12-22 00:00:00+00:00,80.41,succeeded,0
CUST-00872,2025-11-22 00:00:00+00:00,79.33,succeeded,0
CUST-00873,2026-04-21 00:00:00+00:00,84.24,succeeded,3
CUST-00873,2026-03-22 00:00:00+00:00,82.96,succeeded,2
CUST-00873,2026-02-20 00:00:00+00:00,84.43,succeeded,2
CUST-00873,2026-01-21 00:00:00+00:00,75.41,succeeded,2
CUST-00873,2025-12-22 00:00:00+00:00,247.14,succeeded,2
CUST-00873,2025-11-22 00:00:00+00:00,81.53,succeeded,0
CUST-00874,2026-03-22 00:00:00+00:00,19.45,succeeded,2
CUST-00874,2026-02-20 00:00:00+00:00,30.55,succeeded,3
CUST-00874,2026-01-21 00:00:00+00:00,13.28,succeeded,3
CUST-00874,2025-12-22 00:00:00+00:00,21.71,succeeded,0
CUST-00874,2025-11-22 00:00:00+00:00,22.35,succeeded,0
CUST-00875,2026-04-21 00:00:00+00:00,38.58,succeeded,3
CUST-00875,2026-03-22 00:00:00+00:00,23.74,succeeded,3
CUST-00875,2026-02-20 00:00:00+00:00,35.79,succeeded,0
CUST-00875,2026-01-21 00:00:00+00:00,35.41,succeeded,0
CUST-00875,2025-12-22 00:00:00+00:00,34.73,succeeded,1
CUST-00875,2025-11-22 00:00:00+00:00,41.26,succeeded,2
CUST-00876,2026-04-21 00:00:00+00:00,71.03,succeeded,3
CUST-00876,2026-03-22 00:00:00+00:00,63.86,succeeded,2
CUST-00876,2026-02-20 00:00:00+00:00,63.63,succeeded,0
CUST-00876,2026-01-21 00:00:00+00:00,68.4,failed,2
CUST-00876,2025-12-22 00:00:00+00:00,72.6,succeeded,1
CUST-00876,2025-11-22 00:00:00+00:00,62.06,succeeded,2
CUST-00877,2026-04-21 00:00:00+00:00,32.54,succeeded,0
CUST-00877,2026-03-22 00:00:00+00:00,30.85,succeeded,0
CUST-00877,2026-02-20 00:00:00+00:00,30.87,succeeded,0
CUST-00877,2026-01-21 00:00:00+00:00,40.42,succeeded,1
CUST-00877,2025-12-22 00:00:00+00:00,30.26,succeeded,3
CUST-00877,2025-11-22 00:00:00+00:00,32.38,failed,12
CUST-00878,2026-04-21 00:00:00+00:00,34.89,succeeded,0
CUST-00878,2026-03-22 00:00:00+00:00,31.62,failed,5
CUST-00878,2026-02-20 00:00:00+00:00,39.33,succeeded,3
CUST-00878,2026-01-21 00:00:00+00:00,34.47,succeeded,1
CUST-00878,2025-12-22 00:00:00+00:00,34.42,succeeded,1
CUST-00878,2025-11-22 00:00:00+00:00,31.34,succeeded,2
CUST-00879,2026-04-21 00:00:00+00:00,21.74,succeeded,1
CUST-00879,2026-03-22 00:00:00+00:00,30.66,succeeded,0
CUST-00879,2026-02-20 00:00:00+00:00,28.51,succeeded,3
CUST-00879,2026-01-21 00:00:00+00:00,25.11,succeeded,1
CUST-00879,2025-12-22 00:00:00+00:00,33.11,succeeded,1
CUST-00879,2025-11-22 00:00:00+00:00,27.11,succeeded,2
CUST-00880,2026-03-22 00:00:00+00:00,13.47,succeeded,3
CUST-00880,2026-02-20 00:00:00+00:00,11.01,succeeded,1
CUST-00880,2026-01-21 00:00:00+00:00,12.76,succeeded,0
CUST-00880,2025-12-22 00:00:00+00:00,10.89,succeeded,0
CUST-00880,2025-11-22 00:00:00+00:00,12.18,succeeded,3
CUST-00881,2026-03-22 00:00:00+00:00,23.94,succeeded,2
CUST-00881,2026-02-20 00:00:00+00:00,10.29,succeeded,3
CUST-00881,2026-01-21 00:00:00+00:00,16.54,succeeded,3
CUST-00881,2025-12-22 00:00:00+00:00,23.36,succeeded,1
CUST-00881,2025-11-22 00:00:00+00:00,25.66,failed,2
CUST-00882,2026-04-21 00:00:00+00:00,209.28,succeeded,2
CUST-00882,2026-03-22 00:00:00+00:00,201.87,succeeded,3
CUST-00882,2026-02-20 00:00:00+00:00,208.51,succeeded,0
CUST-00882,2026-01-21 00:00:00+00:00,207.17,succeeded,0
CUST-00882,2025-12-22 00:00:00+00:00,200.39,succeeded,1
CUST-00882,2025-11-22 00:00:00+00:00,200.1,succeeded,0
CUST-00883,2026-04-21 00:00:00+00:00,77.22,succeeded,3
CUST-00883,2026-03-22 00:00:00+00:00,86.27,succeeded,2
CUST-00883,2026-02-20 00:00:00+00:00,79.26,succeeded,3
CUST-00883,2026-01-21 00:00:00+00:00,82.33,succeeded,0
CUST-00883,2025-12-22 00:00:00+00:00,83.78,succeeded,1
CUST-00883,2025-11-22 00:00:00+00:00,83.14,succeeded,2
CUST-00884,2026-04-21 00:00:00+00:00,50.19,succeeded,3
CUST-00884,2026-03-22 00:00:00+00:00,55.79,succeeded,3
CUST-00884,2026-02-20 00:00:00+00:00,50.25,succeeded,0
CUST-00884,2026-01-21 00:00:00+00:00,48.9,succeeded,3
CUST-00884,2025-12-22 00:00:00+00:00,55.96,succeeded,1
CUST-00884,2025-11-22 00:00:00+00:00,57.06,failed,14
CUST-00885,2026-04-21 00:00:00+00:00,204.08,succeeded,0
CUST-00885,2026-03-22 00:00:00+00:00,208.79,succeeded,3
CUST-00885,2026-02-20 00:00:00+00:00,216.02,succeeded,1
CUST-00885,2026-01-21 00:00:00+00:00,206.74,succeeded,0
CUST-00885,2025-12-22 00:00:00+00:00,219.33,succeeded,1
CUST-00885,2025-11-22 00:00:00+00:00,213.27,succeeded,0
CUST-00886,2026-04-21 00:00:00+00:00,32.54,succeeded,1
CUST-00886,2026-03-22 00:00:00+00:00,26.22,succeeded,0
CUST-00886,2026-02-20 00:00:00+00:00,31.08,succeeded,1
CUST-00886,2026-01-21 00:00:00+00:00,27.65,failed,2
CUST-00886,2025-12-22 00:00:00+00:00,32.93,succeeded,1
CUST-00886,2025-11-22 00:00:00+00:00,37.08,succeeded,1
CUST-00887,2026-04-21 00:00:00+00:00,23.43,succeeded,2
CUST-00887,2026-03-22 00:00:00+00:00,23.91,succeeded,1
CUST-00887,2026-02-20 00:00:00+00:00,19.14,succeeded,2
CUST-00887,2026-01-21 00:00:00+00:00,24.42,succeeded,3
CUST-00887,2025-12-22 00:00:00+00:00,22.71,succeeded,0
CUST-00887,2025-11-22 00:00:00+00:00,22.16,succeeded,1
CUST-00888,2026-04-21 00:00:00+00:00,211.5,succeeded,3
CUST-00888,2026-03-22 00:00:00+00:00,202.02,succeeded,1
CUST-00888,2026-02-20 00:00:00+00:00,204.66,succeeded,1
CUST-00888,2026-01-21 00:00:00+00:00,208.49,succeeded,3
CUST-00888,2025-12-22 00:00:00+00:00,203.22,succeeded,1
CUST-00888,2025-11-22 00:00:00+00:00,206.64,succeeded,1
CUST-00889,2026-04-21 00:00:00+00:00,27.55,succeeded,0
CUST-00889,2026-03-22 00:00:00+00:00,27.66,succeeded,3
CUST-00889,2026-02-20 00:00:00+00:00,18.33,succeeded,0
CUST-00889,2026-01-21 00:00:00+00:00,19.39,succeeded,3
CUST-00889,2025-12-22 00:00:00+00:00,19.8,succeeded,1
CUST-00889,2025-11-22 00:00:00+00:00,21.64,succeeded,3
CUST-00890,2026-04-21 00:00:00+00:00,71.65,succeeded,1
CUST-00890,2026-03-22 00:00:00+00:00,71.64,succeeded,0
CUST-00890,2026-02-20 00:00:00+00:00,68.25,succeeded,1
CUST-00890,2026-01-21 00:00:00+00:00,67.79,succeeded,3
CUST-00890,2025-12-22 00:00:00+00:00,67.24,succeeded,2
CUST-00890,2025-11-22 00:00:00+00:00,81.31,succeeded,1
CUST-00891,2026-04-21 00:00:00+00:00,81.93,succeeded,1
CUST-00891,2026-03-22 00:00:00+00:00,73.28,succeeded,0
CUST-00891,2026-02-20 00:00:00+00:00,75.75,failed,8
CUST-00891,2026-01-21 00:00:00+00:00,84.72,succeeded,1
CUST-00891,2025-12-22 00:00:00+00:00,86.74,succeeded,1
CUST-00891,2025-11-22 00:00:00+00:00,80.25,succeeded,0
CUST-00892,2026-03-22 00:00:00+00:00,41.7,succeeded,1
CUST-00892,2026-02-20 00:00:00+00:00,42.02,failed,13
CUST-00892,2026-01-21 00:00:00+00:00,43.85,failed,4
CUST-00892,2025-12-22 00:00:00+00:00,42.11,succeeded,1
CUST-00892,2025-11-22 00:00:00+00:00,50.57,succeeded,3
CUST-00893,2026-03-22 00:00:00+00:00,46.48,succeeded,3
CUST-00893,2026-02-20 00:00:00+00:00,39.62,succeeded,3
CUST-00893,2026-01-21 00:00:00+00:00,42.92,succeeded,1
CUST-00893,2025-12-22 00:00:00+00:00,46.94,succeeded,3
CUST-00893,2025-11-22 00:00:00+00:00,45.88,succeeded,2
CUST-00894,2026-04-21 00:00:00+00:00,32.74,succeeded,0
CUST-00894,2026-03-22 00:00:00+00:00,28.51,succeeded,1
CUST-00894,2026-02-20 00:00:00+00:00,29.48,succeeded,2
CUST-00894,2026-01-21 00:00:00+00:00,25.72,succeeded,0
CUST-00894,2025-12-22 00:00:00+00:00,29.18,succeeded,3
CUST-00894,2025-11-22 00:00:00+00:00,25.31,succeeded,2
CUST-00895,2026-04-21 00:00:00+00:00,28.75,succeeded,2
CUST-00895,2026-03-22 00:00:00+00:00,33.5,failed,2
CUST-00895,2026-02-20 00:00:00+00:00,28.44,succeeded,1
CUST-00895,2026-01-21 00:00:00+00:00,31.18,succeeded,0
CUST-00895,2025-12-22 00:00:00+00:00,37.31,succeeded,0
CUST-00895,2025-11-22 00:00:00+00:00,36.65,succeeded,3
CUST-00896,2026-03-22 00:00:00+00:00,42.52,succeeded,0
CUST-00896,2026-02-20 00:00:00+00:00,47.72,failed,12
CUST-00896,2026-01-21 00:00:00+00:00,41.06,succeeded,0
CUST-00896,2025-12-22 00:00:00+00:00,38.28,succeeded,2
CUST-00896,2025-11-22 00:00:00+00:00,38.53,succeeded,1
CUST-00897,2026-03-22 00:00:00+00:00,19.63,succeeded,0
CUST-00897,2026-02-20 00:00:00+00:00,10.0,succeeded,3
CUST-00897,2026-01-21 00:00:00+00:00,10.17,failed,2
CUST-00897,2025-12-22 00:00:00+00:00,26.72,succeeded,3
CUST-00897,2025-11-22 00:00:00+00:00,15.76,succeeded,2
CUST-00898,2026-03-22 00:00:00+00:00,83.36,succeeded,3
CUST-00898,2026-02-20 00:00:00+00:00,77.84,failed,13
CUST-00898,2026-01-21 00:00:00+00:00,79.74,succeeded,2
CUST-00898,2025-12-22 00:00:00+00:00,93.78,failed,0
CUST-00898,2025-11-22 00:00:00+00:00,80.73,failed,11
CUST-00899,2026-04-21 00:00:00+00:00,189.66,succeeded,0
CUST-00899,2026-03-22 00:00:00+00:00,195.71,succeeded,3
CUST-00899,2026-02-20 00:00:00+00:00,194.03,succeeded,0
CUST-00899,2026-01-21 00:00:00+00:00,190.27,failed,2
CUST-00899,2025-12-22 00:00:00+00:00,197.99,failed,7
CUST-00899,2025-11-22 00:00:00+00:00,197.38,succeeded,0
CUST-00900,2026-04-21 00:00:00+00:00,81.07,succeeded,1
CUST-00900,2026-03-22 00:00:00+00:00,87.25,succeeded,0
CUST-00900,2026-02-20 00:00:00+00:00,78.7,succeeded,0
CUST-00900,2026-01-21 00:00:00+00:00,80.22,succeeded,3
CUST-00900,2025-12-22 00:00:00+00:00,92.37,succeeded,1
CUST-00900,2025-11-22 00:00:00+00:00,86.52,succeeded,1
CUST-00901,2026-04-21 00:00:00+00:00,20.87,succeeded,0
CUST-00901,2026-03-22 00:00:00+00:00,30.77,succeeded,1
CUST-00901,2026-02-20 00:00:00+00:00,24.46,succeeded,1
CUST-00901,2026-01-21 00:00:00+00:00,19.15,succeeded,0
CUST-00901,2025-12-22 00:00:00+00:00,28.27,succeeded,1
CUST-00901,2025-11-22 00:00:00+00:00,30.28,succeeded,0
CUST-00902,2026-04-21 00:00:00+00:00,25.62,succeeded,3
CUST-00902,2026-03-22 00:00:00+00:00,25.5,succeeded,1
CUST-00902,2026-02-20 00:00:00+00:00,30.2,succeeded,3
CUST-00902,2026-01-21 00:00:00+00:00,32.13,succeeded,1
CUST-00902,2025-12-22 00:00:00+00:00,36.71,succeeded,0
CUST-00902,2025-11-22 00:00:00+00:00,23.36,succeeded,2
CUST-00903,2026-04-21 00:00:00+00:00,23.53,succeeded,1
CUST-00903,2026-03-22 00:00:00+00:00,29.51,succeeded,1
CUST-00903,2026-02-20 00:00:00+00:00,32.29,succeeded,0
CUST-00903,2026-01-21 00:00:00+00:00,33.63,succeeded,3
CUST-00903,2025-12-22 00:00:00+00:00,27.36,succeeded,0
CUST-00903,2025-11-22 00:00:00+00:00,21.96,succeeded,2
CUST-00904,2026-03-22 00:00:00+00:00,10.0,succeeded,1
CUST-00904,2026-02-20 00:00:00+00:00,10.0,succeeded,2
CUST-00904,2026-01-21 00:00:00+00:00,10.0,succeeded,3
CUST-00904,2025-12-22 00:00:00+00:00,10.0,failed,10
CUST-00904,2025-11-22 00:00:00+00:00,10.0,succeeded,0
CUST-00905,2026-03-22 00:00:00+00:00,196.24,failed,13
CUST-00905,2026-02-20 00:00:00+00:00,197.89,succeeded,1
CUST-00905,2026-01-21 00:00:00+00:00,190.92,succeeded,1
CUST-00905,2025-12-22 00:00:00+00:00,202.78,succeeded,2
CUST-00905,2025-11-22 00:00:00+00:00,201.79,succeeded,2
CUST-00906,2026-03-22 00:00:00+00:00,34.87,succeeded,3
CUST-00906,2026-02-20 00:00:00+00:00,23.5,failed,14
CUST-00906,2026-01-21 00:00:00+00:00,27.87,succeeded,0
CUST-00906,2025-12-22 00:00:00+00:00,36.31,succeeded,0
CUST-00906,2025-11-22 00:00:00+00:00,28.93,succeeded,2
CUST-00907,2026-04-21 00:00:00+00:00,36.39,succeeded,3
CUST-00907,2026-03-22 00:00:00+00:00,42.32,succeeded,2
CUST-00907,2026-02-20 00:00:00+00:00,34.85,succeeded,0
CUST-00907,2026-01-21 00:00:00+00:00,32.31,succeeded,0
CUST-00907,2025-12-22 00:00:00+00:00,33.34,failed,10
CUST-00907,2025-11-22 00:00:00+00:00,27.9,succeeded,3
CUST-00908,2026-04-21 00:00:00+00:00,85.32,succeeded,2
CUST-00908,2026-03-22 00:00:00+00:00,76.6,failed,3
CUST-00908,2026-02-20 00:00:00+00:00,71.88,succeeded,2
CUST-00908,2026-01-21 00:00:00+00:00,82.48,succeeded,0
CUST-00908,2025-12-22 00:00:00+00:00,71.35,succeeded,3
CUST-00908,2025-11-22 00:00:00+00:00,79.35,succeeded,2
CUST-00909,2026-03-22 00:00:00+00:00,34.11,succeeded,0
CUST-00909,2026-02-20 00:00:00+00:00,46.89,failed,1
CUST-00909,2026-01-21 00:00:00+00:00,49.45,succeeded,2
CUST-00909,2025-12-22 00:00:00+00:00,41.39,succeeded,0
CUST-00909,2025-11-22 00:00:00+00:00,47.36,succeeded,0
CUST-00910,2026-04-21 00:00:00+00:00,32.13,succeeded,1
CUST-00910,2026-03-22 00:00:00+00:00,31.94,failed,6
CUST-00910,2026-02-20 00:00:00+00:00,27.71,succeeded,3
CUST-00910,2026-01-21 00:00:00+00:00,34.38,succeeded,3
CUST-00910,2025-12-22 00:00:00+00:00,25.48,succeeded,3
CUST-00910,2025-11-22 00:00:00+00:00,40.14,succeeded,1
CUST-00911,2026-04-21 00:00:00+00:00,34.33,succeeded,3
CUST-00911,2026-03-22 00:00:00+00:00,31.2,succeeded,3
CUST-00911,2026-02-20 00:00:00+00:00,23.54,failed,10
CUST-00911,2026-01-21 00:00:00+00:00,27.85,succeeded,2
CUST-00911,2025-12-22 00:00:00+00:00,29.3,succeeded,3
CUST-00911,2025-11-22 00:00:00+00:00,31.27,succeeded,1
CUST-00912,2026-03-22 00:00:00+00:00,82.41,succeeded,3
CUST-00912,2026-02-20 00:00:00+00:00,81.76,succeeded,2
CUST-00912,2026-01-21 00:00:00+00:00,91.47,failed,12
CUST-00912,2025-12-22 00:00:00+00:00,83.36,succeeded,0
CUST-00912,2025-11-22 00:00:00+00:00,89.53,succeeded,2
CUST-00913,2026-03-22 00:00:00+00:00,88.89,succeeded,3
CUST-00913,2026-02-20 00:00:00+00:00,86.65,succeeded,3
CUST-00913,2026-01-21 00:00:00+00:00,80.76,succeeded,0
CUST-00913,2025-12-22 00:00:00+00:00,78.3,succeeded,2
CUST-00913,2025-11-22 00:00:00+00:00,91.67,failed,9
CUST-00914,2026-03-22 00:00:00+00:00,18.38,succeeded,3
CUST-00914,2026-02-20 00:00:00+00:00,20.31,succeeded,3
CUST-00914,2026-01-21 00:00:00+00:00,28.84,succeeded,3
CUST-00914,2025-12-22 00:00:00+00:00,21.32,succeeded,0
CUST-00914,2025-11-22 00:00:00+00:00,22.42,succeeded,1
CUST-00915,2026-04-21 00:00:00+00:00,179.65,succeeded,3
CUST-00915,2026-03-22 00:00:00+00:00,175.02,succeeded,0
CUST-00915,2026-02-20 00:00:00+00:00,178.94,succeeded,1
CUST-00915,2026-01-21 00:00:00+00:00,184.62,succeeded,0
CUST-00915,2025-12-22 00:00:00+00:00,180.87,succeeded,3
CUST-00915,2025-11-22 00:00:00+00:00,171.96,succeeded,3
CUST-00916,2026-04-21 00:00:00+00:00,199.6,succeeded,0
CUST-00916,2026-03-22 00:00:00+00:00,192.19,succeeded,3
CUST-00916,2026-02-20 00:00:00+00:00,196.71,succeeded,1
CUST-00916,2026-01-21 00:00:00+00:00,197.31,succeeded,3
CUST-00916,2025-12-22 00:00:00+00:00,192.9,succeeded,1
CUST-00916,2025-11-22 00:00:00+00:00,198.77,succeeded,2
CUST-00917,2026-04-21 00:00:00+00:00,93.6,succeeded,1
CUST-00917,2026-03-22 00:00:00+00:00,83.48,succeeded,1
CUST-00917,2026-02-20 00:00:00+00:00,76.4,succeeded,0
CUST-00917,2026-01-21 00:00:00+00:00,78.61,succeeded,3
CUST-00917,2025-12-22 00:00:00+00:00,90.14,succeeded,3
CUST-00917,2025-11-22 00:00:00+00:00,89.04,succeeded,2
CUST-00918,2026-04-21 00:00:00+00:00,33.13,succeeded,0
CUST-00918,2026-03-22 00:00:00+00:00,20.2,succeeded,3
CUST-00918,2026-02-20 00:00:00+00:00,25.4,succeeded,3
CUST-00918,2026-01-21 00:00:00+00:00,25.85,succeeded,2
CUST-00918,2025-12-22 00:00:00+00:00,30.08,succeeded,0
CUST-00918,2025-11-22 00:00:00+00:00,29.13,succeeded,3
CUST-00919,2026-04-21 00:00:00+00:00,40.99,succeeded,3
CUST-00919,2026-03-22 00:00:00+00:00,38.88,succeeded,2
CUST-00919,2026-02-20 00:00:00+00:00,30.43,succeeded,3
CUST-00919,2026-01-21 00:00:00+00:00,39.24,succeeded,0
CUST-00919,2025-12-22 00:00:00+00:00,33.35,succeeded,1
CUST-00919,2025-11-22 00:00:00+00:00,31.04,succeeded,2
CUST-00920,2026-04-21 00:00:00+00:00,203.74,succeeded,1
CUST-00920,2026-03-22 00:00:00+00:00,197.95,succeeded,1
CUST-00920,2026-02-20 00:00:00+00:00,209.65,failed,8
CUST-00920,2026-01-21 00:00:00+00:00,193.61,succeeded,2
CUST-00920,2025-12-22 00:00:00+00:00,202.87,failed,0
CUST-00920,2025-11-22 00:00:00+00:00,195.35,succeeded,0
CUST-00921,2026-04-21 00:00:00+00:00,31.46,succeeded,1
CUST-00921,2026-03-22 00:00:00+00:00,38.52,succeeded,3
CUST-00921,2026-02-20 00:00:00+00:00,37.87,failed,6
CUST-00921,2026-01-21 00:00:00+00:00,44.63,succeeded,1
CUST-00921,2025-12-22 00:00:00+00:00,50.13,succeeded,2
CUST-00921,2025-11-22 00:00:00+00:00,39.63,succeeded,2
CUST-00922,2026-03-22 00:00:00+00:00,78.45,succeeded,2
CUST-00922,2026-02-20 00:00:00+00:00,79.38,succeeded,1
CUST-00922,2026-01-21 00:00:00+00:00,80.46,succeeded,2
CUST-00922,2025-12-22 00:00:00+00:00,74.67,succeeded,3
CUST-00922,2025-11-22 00:00:00+00:00,73.38,succeeded,3
CUST-00923,2026-04-21 00:00:00+00:00,88.92,succeeded,1
CUST-00923,2026-03-22 00:00:00+00:00,82.71,succeeded,1
CUST-00923,2026-02-20 00:00:00+00:00,82.44,failed,5
CUST-00923,2026-01-21 00:00:00+00:00,82.34,succeeded,1
CUST-00923,2025-12-22 00:00:00+00:00,80.64,succeeded,0
CUST-00923,2025-11-22 00:00:00+00:00,79.64,succeeded,1
CUST-00924,2026-04-21 00:00:00+00:00,30.16,succeeded,1
CUST-00924,2026-03-22 00:00:00+00:00,37.67,succeeded,1
CUST-00924,2026-02-20 00:00:00+00:00,30.5,succeeded,2
CUST-00924,2026-01-21 00:00:00+00:00,34.79,failed,14
CUST-00924,2025-12-22 00:00:00+00:00,34.78,succeeded,2
CUST-00924,2025-11-22 00:00:00+00:00,40.97,succeeded,2
CUST-00925,2026-04-21 00:00:00+00:00,90.9,succeeded,1
CUST-00925,2026-03-22 00:00:00+00:00,88.03,succeeded,3
CUST-00925,2026-02-20 00:00:00+00:00,87.28,succeeded,1
CUST-00925,2026-01-21 00:00:00+00:00,94.59,succeeded,1
CUST-00925,2025-12-22 00:00:00+00:00,90.36,succeeded,2
CUST-00925,2025-11-22 00:00:00+00:00,94.42,succeeded,0
CUST-00926,2026-04-21 00:00:00+00:00,181.59,succeeded,2
CUST-00926,2026-03-22 00:00:00+00:00,192.96,succeeded,3
CUST-00926,2026-02-20 00:00:00+00:00,190.5,succeeded,2
CUST-00926,2026-01-21 00:00:00+00:00,183.62,succeeded,0
CUST-00926,2025-12-22 00:00:00+00:00,188.84,succeeded,0
CUST-00926,2025-11-22 00:00:00+00:00,188.86,succeeded,1
CUST-00927,2026-03-22 00:00:00+00:00,71.84,succeeded,3
CUST-00927,2026-02-20 00:00:00+00:00,77.54,succeeded,1
CUST-00927,2026-01-21 00:00:00+00:00,73.41,succeeded,3
CUST-00927,2025-12-22 00:00:00+00:00,81.7,failed,3
CUST-00927,2025-11-22 00:00:00+00:00,78.56,succeeded,0
CUST-00928,2026-04-21 00:00:00+00:00,34.71,succeeded,2
CUST-00928,2026-03-22 00:00:00+00:00,43.69,succeeded,2
CUST-00928,2026-02-20 00:00:00+00:00,42.93,succeeded,2
CUST-00928,2026-01-21 00:00:00+00:00,41.4,succeeded,1
CUST-00928,2025-12-22 00:00:00+00:00,37.9,succeeded,0
CUST-00928,2025-11-22 00:00:00+00:00,38.3,succeeded,2
CUST-00929,2026-03-22 00:00:00+00:00,215.86,succeeded,3
CUST-00929,2026-02-20 00:00:00+00:00,212.34,succeeded,3
CUST-00929,2026-01-21 00:00:00+00:00,211.04,succeeded,3
CUST-00929,2025-12-22 00:00:00+00:00,219.52,succeeded,0
CUST-00929,2025-11-22 00:00:00+00:00,213.45,succeeded,2
CUST-00930,2026-04-21 00:00:00+00:00,79.02,succeeded,2
CUST-00930,2026-03-22 00:00:00+00:00,86.04,succeeded,1
CUST-00930,2026-02-20 00:00:00+00:00,81.56,succeeded,3
CUST-00930,2026-01-21 00:00:00+00:00,80.47,succeeded,2
CUST-00930,2025-12-22 00:00:00+00:00,78.63,succeeded,3
CUST-00930,2025-11-22 00:00:00+00:00,85.1,succeeded,2
CUST-00931,2026-04-21 00:00:00+00:00,73.02,succeeded,2
CUST-00931,2026-03-22 00:00:00+00:00,73.52,failed,2
CUST-00931,2026-02-20 00:00:00+00:00,76.79,succeeded,1
CUST-00931,2026-01-21 00:00:00+00:00,78.89,succeeded,3
CUST-00931,2025-12-22 00:00:00+00:00,70.35,succeeded,0
CUST-00931,2025-11-22 00:00:00+00:00,73.97,succeeded,2
CUST-00932,2026-04-21 00:00:00+00:00,81.6,succeeded,1
CUST-00932,2026-03-22 00:00:00+00:00,83.31,succeeded,1
CUST-00932,2026-02-20 00:00:00+00:00,92.33,succeeded,3
CUST-00932,2026-01-21 00:00:00+00:00,79.15,succeeded,2
CUST-00932,2025-12-22 00:00:00+00:00,74.21,succeeded,3
CUST-00932,2025-11-22 00:00:00+00:00,90.79,succeeded,0
CUST-00933,2026-03-22 00:00:00+00:00,86.12,succeeded,2
CUST-00933,2026-02-20 00:00:00+00:00,85.75,succeeded,0
CUST-00933,2026-01-21 00:00:00+00:00,91.49,succeeded,3
CUST-00933,2025-12-22 00:00:00+00:00,91.4,succeeded,2
CUST-00933,2025-11-22 00:00:00+00:00,86.5,succeeded,1
CUST-00934,2026-03-22 00:00:00+00:00,35.09,succeeded,3
CUST-00934,2026-02-20 00:00:00+00:00,17.51,succeeded,1
CUST-00934,2026-01-21 00:00:00+00:00,24.35,succeeded,1
CUST-00934,2025-12-22 00:00:00+00:00,21.37,succeeded,1
CUST-00934,2025-11-22 00:00:00+00:00,25.71,succeeded,1
CUST-00935,2026-04-21 00:00:00+00:00,28.55,succeeded,2
CUST-00935,2026-03-22 00:00:00+00:00,28.35,succeeded,3
CUST-00935,2026-02-20 00:00:00+00:00,31.46,succeeded,0
CUST-00935,2026-01-21 00:00:00+00:00,25.31,succeeded,1
CUST-00935,2025-12-22 00:00:00+00:00,29.82,succeeded,2
CUST-00935,2025-11-22 00:00:00+00:00,29.39,succeeded,3
CUST-00936,2026-04-21 00:00:00+00:00,34.94,failed,3
CUST-00936,2026-03-22 00:00:00+00:00,42.14,succeeded,3
CUST-00936,2026-02-20 00:00:00+00:00,46.57,succeeded,3
CUST-00936,2026-01-21 00:00:00+00:00,35.97,succeeded,0
CUST-00936,2025-12-22 00:00:00+00:00,39.62,succeeded,0
CUST-00936,2025-11-22 00:00:00+00:00,43.36,failed,8
CUST-00937,2026-04-21 00:00:00+00:00,92.88,succeeded,2
CUST-00937,2026-03-22 00:00:00+00:00,96.19,succeeded,0
CUST-00937,2026-02-20 00:00:00+00:00,94.67,succeeded,1
CUST-00937,2026-01-21 00:00:00+00:00,89.21,succeeded,0
CUST-00937,2025-12-22 00:00:00+00:00,94.69,succeeded,1
CUST-00937,2025-11-22 00:00:00+00:00,96.37,succeeded,3
CUST-00938,2026-04-21 00:00:00+00:00,82.91,succeeded,2
CUST-00938,2026-03-22 00:00:00+00:00,78.83,succeeded,1
CUST-00938,2026-02-20 00:00:00+00:00,88.83,succeeded,3
CUST-00938,2026-01-21 00:00:00+00:00,87.91,succeeded,0
CUST-00938,2025-12-22 00:00:00+00:00,87.21,succeeded,0
CUST-00938,2025-11-22 00:00:00+00:00,80.04,failed,3
CUST-00939,2026-04-21 00:00:00+00:00,71.64,succeeded,0
CUST-00939,2026-03-22 00:00:00+00:00,82.68,succeeded,2
CUST-00939,2026-02-20 00:00:00+00:00,86.89,succeeded,0
CUST-00939,2026-01-21 00:00:00+00:00,79.74,succeeded,0
CUST-00939,2025-12-22 00:00:00+00:00,80.38,succeeded,2
CUST-00939,2025-11-22 00:00:00+00:00,78.07,succeeded,2
CUST-00940,2026-04-21 00:00:00+00:00,15.13,succeeded,3
CUST-00940,2026-03-22 00:00:00+00:00,26.77,succeeded,1
CUST-00940,2026-02-20 00:00:00+00:00,28.52,succeeded,2
CUST-00940,2026-01-21 00:00:00+00:00,21.63,succeeded,1
CUST-00940,2025-12-22 00:00:00+00:00,34.55,succeeded,3
CUST-00940,2025-11-22 00:00:00+00:00,30.62,succeeded,3
CUST-00941,2026-04-21 00:00:00+00:00,82.74,succeeded,3
CUST-00941,2026-03-22 00:00:00+00:00,82.13,succeeded,1
CUST-00941,2026-02-20 00:00:00+00:00,78.92,succeeded,2
CUST-00941,2026-01-21 00:00:00+00:00,93.12,succeeded,2
CUST-00941,2025-12-22 00:00:00+00:00,80.58,succeeded,2
CUST-00941,2025-11-22 00:00:00+00:00,87.59,succeeded,0
CUST-00942,2026-04-21 00:00:00+00:00,194.33,succeeded,3
CUST-00942,2026-03-22 00:00:00+00:00,187.21,succeeded,3
CUST-00942,2026-02-20 00:00:00+00:00,196.87,failed,9
CUST-00942,2026-01-21 00:00:00+00:00,201.89,succeeded,3
CUST-00942,2025-12-22 00:00:00+00:00,195.68,succeeded,2
CUST-00942,2025-11-22 00:00:00+00:00,196.49,succeeded,2
CUST-00943,2026-04-21 00:00:00+00:00,31.99,succeeded,3
CUST-00943,2026-03-22 00:00:00+00:00,31.12,succeeded,2
CUST-00943,2026-02-20 00:00:00+00:00,30.64,succeeded,1
CUST-00943,2026-01-21 00:00:00+00:00,33.19,succeeded,0
CUST-00943,2025-12-22 00:00:00+00:00,34.62,succeeded,2
CUST-00943,2025-11-22 00:00:00+00:00,34.42,succeeded,0
CUST-00944,2026-03-22 00:00:00+00:00,70.15,failed,8
CUST-00944,2026-02-20 00:00:00+00:00,72.16,succeeded,3
CUST-00944,2026-01-21 00:00:00+00:00,64.64,succeeded,2
CUST-00944,2025-12-22 00:00:00+00:00,69.42,failed,9
CUST-00944,2025-11-22 00:00:00+00:00,73.01,succeeded,1
CUST-00945,2026-04-21 00:00:00+00:00,93.08,succeeded,2
CUST-00945,2026-03-22 00:00:00+00:00,88.43,succeeded,3
CUST-00945,2026-02-20 00:00:00+00:00,94.42,succeeded,0
CUST-00945,2026-01-21 00:00:00+00:00,81.58,succeeded,1
CUST-00945,2025-12-22 00:00:00+00:00,92.06,succeeded,1
CUST-00945,2025-11-22 00:00:00+00:00,86.09,succeeded,3
CUST-00946,2026-04-21 00:00:00+00:00,70.18,succeeded,1
CUST-00946,2026-03-22 00:00:00+00:00,68.73,succeeded,1
CUST-00946,2026-02-20 00:00:00+00:00,72.45,succeeded,2
CUST-00946,2026-01-21 00:00:00+00:00,71.0,succeeded,3
CUST-00946,2025-12-22 00:00:00+00:00,74.2,succeeded,2
CUST-00946,2025-11-22 00:00:00+00:00,67.47,succeeded,1
CUST-00947,2026-03-22 00:00:00+00:00,24.93,succeeded,1
CUST-00947,2026-02-20 00:00:00+00:00,18.61,succeeded,1
CUST-00947,2026-01-21 00:00:00+00:00,21.04,succeeded,3
CUST-00947,2025-12-22 00:00:00+00:00,25.71,failed,9
CUST-00947,2025-11-22 00:00:00+00:00,27.32,succeeded,1
CUST-00948,2026-04-21 00:00:00+00:00,78.21,succeeded,0
CUST-00948,2026-03-22 00:00:00+00:00,82.59,succeeded,3
CUST-00948,2026-02-20 00:00:00+00:00,75.86,succeeded,1
CUST-00948,2026-01-21 00:00:00+00:00,75.88,succeeded,0
CUST-00948,2025-12-22 00:00:00+00:00,84.07,succeeded,0
CUST-00948,2025-11-22 00:00:00+00:00,91.47,succeeded,2
CUST-00949,2026-04-21 00:00:00+00:00,209.22,succeeded,0
CUST-00949,2026-03-22 00:00:00+00:00,217.68,failed,2
CUST-00949,2026-02-20 00:00:00+00:00,217.26,succeeded,2
CUST-00949,2026-01-21 00:00:00+00:00,218.19,succeeded,1
CUST-00949,2025-12-22 00:00:00+00:00,221.3,succeeded,0
CUST-00949,2025-11-22 00:00:00+00:00,215.41,succeeded,2
CUST-00950,2026-04-21 00:00:00+00:00,75.6,succeeded,1
CUST-00950,2026-03-22 00:00:00+00:00,73.82,succeeded,1
CUST-00950,2026-02-20 00:00:00+00:00,71.21,succeeded,1
CUST-00950,2026-01-21 00:00:00+00:00,75.92,succeeded,2
CUST-00950,2025-12-22 00:00:00+00:00,76.77,succeeded,0
CUST-00950,2025-11-22 00:00:00+00:00,76.22,succeeded,3
CUST-00951,2026-04-21 00:00:00+00:00,193.13,succeeded,3
CUST-00951,2026-03-22 00:00:00+00:00,193.67,failed,11
CUST-00951,2026-02-20 00:00:00+00:00,199.7,succeeded,0
CUST-00951,2026-01-21 00:00:00+00:00,200.63,succeeded,2
CUST-00951,2025-12-22 00:00:00+00:00,191.37,succeeded,0
CUST-00951,2025-11-22 00:00:00+00:00,185.91,succeeded,3
CUST-00952,2026-04-21 00:00:00+00:00,188.94,failed,12
CUST-00952,2026-03-22 00:00:00+00:00,203.39,succeeded,1
CUST-00952,2026-02-20 00:00:00+00:00,192.15,succeeded,0
CUST-00952,2026-01-21 00:00:00+00:00,193.12,failed,9
CUST-00952,2025-12-22 00:00:00+00:00,184.61,succeeded,1
CUST-00952,2025-11-22 00:00:00+00:00,185.61,succeeded,2
CUST-00953,2026-04-21 00:00:00+00:00,34.53,succeeded,3
CUST-00953,2026-03-22 00:00:00+00:00,38.14,succeeded,0
CUST-00953,2026-02-20 00:00:00+00:00,39.61,succeeded,1
CUST-00953,2026-01-21 00:00:00+00:00,47.76,succeeded,0
CUST-00953,2025-12-22 00:00:00+00:00,43.66,succeeded,2
CUST-00953,2025-11-22 00:00:00+00:00,54.08,succeeded,2
CUST-00954,2026-04-21 00:00:00+00:00,58.3,succeeded,1
CUST-00954,2026-03-22 00:00:00+00:00,69.19,succeeded,0
CUST-00954,2026-02-20 00:00:00+00:00,53.52,succeeded,3
CUST-00954,2026-01-21 00:00:00+00:00,47.8,succeeded,3
CUST-00954,2025-12-22 00:00:00+00:00,59.06,succeeded,1
CUST-00954,2025-11-22 00:00:00+00:00,59.27,succeeded,2
CUST-00955,2026-04-21 00:00:00+00:00,17.35,succeeded,0
CUST-00955,2026-03-22 00:00:00+00:00,14.82,succeeded,0
CUST-00955,2026-02-20 00:00:00+00:00,21.27,succeeded,0
CUST-00955,2026-01-21 00:00:00+00:00,25.31,succeeded,0
CUST-00955,2025-12-22 00:00:00+00:00,31.35,failed,0
CUST-00955,2025-11-22 00:00:00+00:00,18.94,succeeded,0
CUST-00956,2026-04-21 00:00:00+00:00,227.33,succeeded,3
CUST-00956,2026-03-22 00:00:00+00:00,224.21,succeeded,0
CUST-00956,2026-02-20 00:00:00+00:00,226.37,succeeded,2
CUST-00956,2026-01-21 00:00:00+00:00,215.09,succeeded,1
CUST-00956,2025-12-22 00:00:00+00:00,221.13,succeeded,3
CUST-00956,2025-11-22 00:00:00+00:00,220.83,succeeded,1
CUST-00957,2026-03-22 00:00:00+00:00,40.55,succeeded,0
CUST-00957,2026-02-20 00:00:00+00:00,37.78,succeeded,2
CUST-00957,2026-01-21 00:00:00+00:00,34.94,failed,0
CUST-00957,2025-12-22 00:00:00+00:00,40.56,succeeded,2
CUST-00957,2025-11-22 00:00:00+00:00,35.67,succeeded,1
CUST-00958,2026-04-21 00:00:00+00:00,25.26,succeeded,0
CUST-00958,2026-03-22 00:00:00+00:00,24.54,succeeded,1
CUST-00958,2026-02-20 00:00:00+00:00,11.3,succeeded,1
CUST-00958,2026-01-21 00:00:00+00:00,15.44,succeeded,3
CUST-00958,2025-12-22 00:00:00+00:00,27.16,succeeded,3
CUST-00958,2025-11-22 00:00:00+00:00,18.82,failed,8
CUST-00959,2026-03-22 00:00:00+00:00,201.2,succeeded,3
CUST-00959,2026-02-20 00:00:00+00:00,192.98,succeeded,0
CUST-00959,2026-01-21 00:00:00+00:00,199.8,succeeded,3
CUST-00959,2025-12-22 00:00:00+00:00,202.78,succeeded,3
CUST-00959,2025-11-22 00:00:00+00:00,199.67,succeeded,1
CUST-00960,2026-04-21 00:00:00+00:00,29.1,succeeded,0
CUST-00960,2026-03-22 00:00:00+00:00,31.34,succeeded,1
CUST-00960,2026-02-20 00:00:00+00:00,22.9,succeeded,0
CUST-00960,2026-01-21 00:00:00+00:00,38.02,succeeded,1
CUST-00960,2025-12-22 00:00:00+00:00,31.17,succeeded,1
CUST-00960,2025-11-22 00:00:00+00:00,28.77,succeeded,1
CUST-00961,2026-04-21 00:00:00+00:00,89.35,succeeded,0
CUST-00961,2026-03-22 00:00:00+00:00,80.53,succeeded,1
CUST-00961,2026-02-20 00:00:00+00:00,92.83,succeeded,3
CUST-00961,2026-01-21 00:00:00+00:00,86.07,succeeded,2
CUST-00961,2025-12-22 00:00:00+00:00,85.82,succeeded,3
CUST-00961,2025-11-22 00:00:00+00:00,90.55,succeeded,1
CUST-00962,2026-04-21 00:00:00+00:00,39.28,succeeded,1
CUST-00962,2026-03-22 00:00:00+00:00,41.59,succeeded,3
CUST-00962,2026-02-20 00:00:00+00:00,44.97,succeeded,1
CUST-00962,2026-01-21 00:00:00+00:00,40.4,succeeded,3
CUST-00962,2025-12-22 00:00:00+00:00,37.15,failed,0
CUST-00962,2025-11-22 00:00:00+00:00,43.74,succeeded,2
CUST-00963,2026-04-21 00:00:00+00:00,209.8,succeeded,0
CUST-00963,2026-03-22 00:00:00+00:00,196.22,succeeded,3
CUST-00963,2026-02-20 00:00:00+00:00,201.78,succeeded,3
CUST-00963,2026-01-21 00:00:00+00:00,201.94,succeeded,0
CUST-00963,2025-12-22 00:00:00+00:00,201.29,succeeded,1
CUST-00963,2025-11-22 00:00:00+00:00,211.96,succeeded,0
CUST-00964,2026-04-21 00:00:00+00:00,198.94,succeeded,1
CUST-00964,2026-03-22 00:00:00+00:00,184.26,succeeded,2
CUST-00964,2026-02-20 00:00:00+00:00,188.71,succeeded,1
CUST-00964,2026-01-21 00:00:00+00:00,194.69,succeeded,1
CUST-00964,2025-12-22 00:00:00+00:00,196.62,succeeded,2
CUST-00964,2025-11-22 00:00:00+00:00,194.52,succeeded,1
CUST-00965,2026-03-22 00:00:00+00:00,35.42,failed,8
CUST-00965,2026-02-20 00:00:00+00:00,28.03,failed,12
CUST-00965,2026-01-21 00:00:00+00:00,27.62,succeeded,3
CUST-00965,2025-12-22 00:00:00+00:00,31.92,succeeded,1
CUST-00965,2025-11-22 00:00:00+00:00,27.89,failed,3
CUST-00966,2026-04-21 00:00:00+00:00,73.18,succeeded,3
CUST-00966,2026-03-22 00:00:00+00:00,65.28,succeeded,2
CUST-00966,2026-02-20 00:00:00+00:00,66.22,succeeded,2
CUST-00966,2026-01-21 00:00:00+00:00,71.14,succeeded,3
CUST-00966,2025-12-22 00:00:00+00:00,71.59,succeeded,0
CUST-00966,2025-11-22 00:00:00+00:00,77.83,succeeded,1
CUST-00967,2026-03-22 00:00:00+00:00,19.0,failed,13
CUST-00967,2026-02-20 00:00:00+00:00,15.62,succeeded,0
CUST-00967,2026-01-21 00:00:00+00:00,16.61,succeeded,3
CUST-00967,2025-12-22 00:00:00+00:00,22.83,succeeded,2
CUST-00967,2025-11-22 00:00:00+00:00,19.44,succeeded,3
CUST-00968,2026-04-21 00:00:00+00:00,68.52,succeeded,1
CUST-00968,2026-03-22 00:00:00+00:00,68.9,succeeded,2
CUST-00968,2026-02-20 00:00:00+00:00,60.61,failed,11
CUST-00968,2026-01-21 00:00:00+00:00,67.38,succeeded,1
CUST-00968,2025-12-22 00:00:00+00:00,67.43,succeeded,1
CUST-00968,2025-11-22 00:00:00+00:00,56.55,failed,2
CUST-00969,2026-04-21 00:00:00+00:00,73.23,succeeded,1
CUST-00969,2026-03-22 00:00:00+00:00,60.18,succeeded,0
CUST-00969,2026-02-20 00:00:00+00:00,74.31,succeeded,3
CUST-00969,2026-01-21 00:00:00+00:00,69.17,failed,5
CUST-00969,2025-12-22 00:00:00+00:00,59.97,succeeded,1
CUST-00969,2025-11-22 00:00:00+00:00,68.82,succeeded,0
CUST-00970,2026-03-22 00:00:00+00:00,73.19,failed,2
CUST-00970,2026-02-20 00:00:00+00:00,72.71,succeeded,1
CUST-00970,2026-01-21 00:00:00+00:00,72.92,succeeded,2
CUST-00970,2025-12-22 00:00:00+00:00,65.65,succeeded,1
CUST-00970,2025-11-22 00:00:00+00:00,69.68,succeeded,1
CUST-00971,2026-03-22 00:00:00+00:00,22.25,failed,14
CUST-00971,2026-02-20 00:00:00+00:00,21.64,failed,11
CUST-00971,2026-01-21 00:00:00+00:00,18.38,failed,1
CUST-00971,2025-12-22 00:00:00+00:00,21.2,succeeded,1
CUST-00971,2025-11-22 00:00:00+00:00,14.87,succeeded,1
CUST-00972,2026-03-22 00:00:00+00:00,33.33,succeeded,3
CUST-00972,2026-02-20 00:00:00+00:00,33.43,succeeded,3
CUST-00972,2026-01-21 00:00:00+00:00,33.79,succeeded,0
CUST-00972,2025-12-22 00:00:00+00:00,30.0,succeeded,1
CUST-00972,2025-11-22 00:00:00+00:00,32.47,succeeded,2
CUST-00973,2026-04-21 00:00:00+00:00,73.27,succeeded,0
CUST-00973,2026-03-22 00:00:00+00:00,65.68,succeeded,3
CUST-00973,2026-02-20 00:00:00+00:00,74.6,succeeded,3
CUST-00973,2026-01-21 00:00:00+00:00,69.44,succeeded,1
CUST-00973,2025-12-22 00:00:00+00:00,68.02,succeeded,2
CUST-00973,2025-11-22 00:00:00+00:00,80.17,succeeded,2
CUST-00974,2026-04-21 00:00:00+00:00,49.6,succeeded,0
CUST-00974,2026-03-22 00:00:00+00:00,57.58,succeeded,0
CUST-00974,2026-02-20 00:00:00+00:00,59.61,succeeded,1
CUST-00974,2026-01-21 00:00:00+00:00,55.62,succeeded,0
CUST-00974,2025-12-22 00:00:00+00:00,48.22,succeeded,2
CUST-00974,2025-11-22 00:00:00+00:00,50.81,succeeded,3
CUST-00975,2026-04-21 00:00:00+00:00,20.23,succeeded,2
CUST-00975,2026-03-22 00:00:00+00:00,17.3,succeeded,2
CUST-00975,2026-02-20 00:00:00+00:00,22.72,succeeded,2
CUST-00975,2026-01-21 00:00:00+00:00,25.88,succeeded,3
CUST-00975,2025-12-22 00:00:00+00:00,16.87,succeeded,2
CUST-00975,2025-11-22 00:00:00+00:00,32.11,succeeded,0
CUST-00976,2026-04-21 00:00:00+00:00,21.2,failed,9
CUST-00976,2026-03-22 00:00:00+00:00,27.04,succeeded,3
CUST-00976,2026-02-20 00:00:00+00:00,21.84,succeeded,2
CUST-00976,2026-01-21 00:00:00+00:00,27.23,succeeded,2
CUST-00976,2025-12-22 00:00:00+00:00,36.02,succeeded,1
CUST-00976,2025-11-22 00:00:00+00:00,29.73,succeeded,2
CUST-00977,2026-04-21 00:00:00+00:00,17.43,succeeded,0
CUST-00977,2026-03-22 00:00:00+00:00,24.78,succeeded,3
CUST-00977,2026-02-20 00:00:00+00:00,35.31,failed,11
CUST-00977,2026-01-21 00:00:00+00:00,19.6,succeeded,3
CUST-00977,2025-12-22 00:00:00+00:00,24.43,succeeded,2
CUST-00977,2025-11-22 00:00:00+00:00,30.41,failed,3
CUST-00978,2026-04-21 00:00:00+00:00,218.3,succeeded,3
CUST-00978,2026-03-22 00:00:00+00:00,210.72,succeeded,2
CUST-00978,2026-02-20 00:00:00+00:00,212.31,succeeded,3
CUST-00978,2026-01-21 00:00:00+00:00,201.78,succeeded,0
CUST-00978,2025-12-22 00:00:00+00:00,201.57,succeeded,0
CUST-00978,2025-11-22 00:00:00+00:00,216.59,succeeded,0
CUST-00979,2026-03-22 00:00:00+00:00,15.71,succeeded,1
CUST-00979,2026-02-20 00:00:00+00:00,27.48,failed,14
CUST-00979,2026-01-21 00:00:00+00:00,28.96,succeeded,2
CUST-00979,2025-12-22 00:00:00+00:00,35.82,failed,4
CUST-00979,2025-11-22 00:00:00+00:00,27.3,succeeded,1
CUST-00980,2026-04-21 00:00:00+00:00,37.6,succeeded,2
CUST-00980,2026-03-22 00:00:00+00:00,43.01,succeeded,2
CUST-00980,2026-02-20 00:00:00+00:00,33.74,succeeded,0
CUST-00980,2026-01-21 00:00:00+00:00,34.13,succeeded,2
CUST-00980,2025-12-22 00:00:00+00:00,36.51,succeeded,0
CUST-00980,2025-11-22 00:00:00+00:00,36.32,succeeded,0
CUST-00981,2026-03-22 00:00:00+00:00,193.83,succeeded,3
CUST-00981,2026-02-20 00:00:00+00:00,206.65,failed,1
CUST-00981,2026-01-21 00:00:00+00:00,203.28,succeeded,2
CUST-00981,2025-12-22 00:00:00+00:00,201.59,succeeded,1
CUST-00981,2025-11-22 00:00:00+00:00,204.51,succeeded,3
CUST-00982,2026-04-21 00:00:00+00:00,27.43,succeeded,1
CUST-00982,2026-03-22 00:00:00+00:00,29.78,failed,4
CUST-00982,2026-02-20 00:00:00+00:00,37.43,succeeded,3
CUST-00982,2026-01-21 00:00:00+00:00,26.48,succeeded,0
CUST-00982,2025-12-22 00:00:00+00:00,27.24,succeeded,1
CUST-00982,2025-11-22 00:00:00+00:00,32.18,succeeded,0
CUST-00983,2026-04-21 00:00:00+00:00,68.78,succeeded,0
CUST-00983,2026-03-22 00:00:00+00:00,78.12,succeeded,1
CUST-00983,2026-02-20 00:00:00+00:00,85.39,succeeded,0
CUST-00983,2026-01-21 00:00:00+00:00,78.8,succeeded,2
CUST-00983,2025-12-22 00:00:00+00:00,70.97,succeeded,0
CUST-00983,2025-11-22 00:00:00+00:00,71.88,succeeded,3
CUST-00984,2026-03-22 00:00:00+00:00,21.58,failed,6
CUST-00984,2026-02-20 00:00:00+00:00,30.83,succeeded,1
CUST-00984,2026-01-21 00:00:00+00:00,27.68,succeeded,0
CUST-00984,2025-12-22 00:00:00+00:00,20.15,succeeded,1
CUST-00984,2025-11-22 00:00:00+00:00,34.47,succeeded,3
CUST-00985,2026-04-21 00:00:00+00:00,197.74,succeeded,0
CUST-00985,2026-03-22 00:00:00+00:00,187.41,succeeded,1
CUST-00985,2026-02-20 00:00:00+00:00,187.32,succeeded,1
CUST-00985,2026-01-21 00:00:00+00:00,183.98,failed,4
CUST-00985,2025-12-22 00:00:00+00:00,195.22,succeeded,1
CUST-00985,2025-11-22 00:00:00+00:00,195.66,succeeded,3
CUST-00986,2026-03-22 00:00:00+00:00,88.17,succeeded,3
CUST-00986,2026-02-20 00:00:00+00:00,90.57,failed,6
CUST-00986,2026-01-21 00:00:00+00:00,82.59,succeeded,1
CUST-00986,2025-12-22 00:00:00+00:00,84.29,succeeded,1
CUST-00986,2025-11-22 00:00:00+00:00,86.42,succeeded,2
CUST-00987,2026-04-21 00:00:00+00:00,198.46,failed,6
CUST-00987,2026-03-22 00:00:00+00:00,198.06,failed,6
CUST-00987,2026-02-20 00:00:00+00:00,188.11,succeeded,2
CUST-00987,2026-01-21 00:00:00+00:00,189.79,succeeded,2
CUST-00987,2025-12-22 00:00:00+00:00,194.33,failed,4
CUST-00987,2025-11-22 00:00:00+00:00,208.88,succeeded,1
CUST-00988,2026-03-22 00:00:00+00:00,14.82,succeeded,0
CUST-00988,2026-02-20 00:00:00+00:00,13.9,succeeded,1
CUST-00988,2026-01-21 00:00:00+00:00,24.42,succeeded,0
CUST-00988,2025-12-22 00:00:00+00:00,22.62,succeeded,2
CUST-00988,2025-11-22 00:00:00+00:00,18.78,failed,10
CUST-00989,2026-04-21 00:00:00+00:00,83.37,succeeded,1
CUST-00989,2026-03-22 00:00:00+00:00,94.28,succeeded,1
CUST-00989,2026-02-20 00:00:00+00:00,82.44,succeeded,0
CUST-00989,2026-01-21 00:00:00+00:00,77.99,succeeded,3
CUST-00989,2025-12-22 00:00:00+00:00,77.37,succeeded,0
CUST-00989,2025-11-22 00:00:00+00:00,80.51,succeeded,3
CUST-00990,2026-03-22 00:00:00+00:00,72.16,failed,14
CUST-00990,2026-02-20 00:00:00+00:00,74.32,succeeded,1
CUST-00990,2026-01-21 00:00:00+00:00,79.1,succeeded,0
CUST-00990,2025-12-22 00:00:00+00:00,82.63,succeeded,3
CUST-00990,2025-11-22 00:00:00+00:00,84.97,succeeded,0
CUST-00991,2026-04-21 00:00:00+00:00,28.35,succeeded,2
CUST-00991,2026-03-22 00:00:00+00:00,26.85,succeeded,0
CUST-00991,2026-02-20 00:00:00+00:00,24.81,succeeded,2
CUST-00991,2026-01-21 00:00:00+00:00,20.07,succeeded,3
CUST-00991,2025-12-22 00:00:00+00:00,29.14,succeeded,2
CUST-00991,2025-11-22 00:00:00+00:00,25.48,succeeded,0
CUST-00992,2026-04-21 00:00:00+00:00,29.24,succeeded,1
CUST-00992,2026-03-22 00:00:00+00:00,27.96,succeeded,1
CUST-00992,2026-02-20 00:00:00+00:00,29.62,succeeded,1
CUST-00992,2026-01-21 00:00:00+00:00,34.32,succeeded,0
CUST-00992,2025-12-22 00:00:00+00:00,23.11,succeeded,0
CUST-00992,2025-11-22 00:00:00+00:00,30.1,succeeded,2
CUST-00993,2026-04-21 00:00:00+00:00,21.84,succeeded,2
CUST-00993,2026-03-22 00:00:00+00:00,20.49,succeeded,1
CUST-00993,2026-02-20 00:00:00+00:00,27.22,succeeded,1
CUST-00993,2026-01-21 00:00:00+00:00,22.18,succeeded,0
CUST-00993,2025-12-22 00:00:00+00:00,32.85,succeeded,3
CUST-00993,2025-11-22 00:00:00+00:00,29.2,succeeded,1
CUST-00994,2026-03-22 00:00:00+00:00,194.72,succeeded,3
CUST-00994,2026-02-20 00:00:00+00:00,203.67,succeeded,3
CUST-00994,2026-01-21 00:00:00+00:00,193.29,failed,11
CUST-00994,2025-12-22 00:00:00+00:00,194.23,succeeded,1
CUST-00994,2025-11-22 00:00:00+00:00,193.05,succeeded,2
CUST-00995,2026-03-22 00:00:00+00:00,84.66,succeeded,2
CUST-00995,2026-02-20 00:00:00+00:00,81.24,succeeded,2
CUST-00995,2026-01-21 00:00:00+00:00,85.61,succeeded,3
CUST-00995,2025-12-22 00:00:00+00:00,80.12,succeeded,1
CUST-00995,2025-11-22 00:00:00+00:00,78.46,succeeded,2
CUST-00996,2026-04-21 00:00:00+00:00,66.71,succeeded,3
CUST-00996,2026-03-22 00:00:00+00:00,76.56,succeeded,2
CUST-00996,2026-02-20 00:00:00+00:00,71.44,succeeded,0
CUST-00996,2026-01-21 00:00:00+00:00,69.34,succeeded,2
CUST-00996,2025-12-22 00:00:00+00:00,76.49,succeeded,1
CUST-00996,2025-11-22 00:00:00+00:00,76.83,succeeded,3
CUST-00997,2026-04-21 00:00:00+00:00,71.62,succeeded,0
CUST-00997,2026-03-22 00:00:00+00:00,75.8,succeeded,0
CUST-00997,2026-02-20 00:00:00+00:00,71.73,failed,6
CUST-00997,2026-01-21 00:00:00+00:00,69.5,succeeded,0
CUST-00997,2025-12-22 00:00:00+00:00,67.71,succeeded,0
CUST-00997,2025-11-22 00:00:00+00:00,77.13,failed,14
CUST-00998,2026-03-22 00:00:00+00:00,66.8,succeeded,1
CUST-00998,2026-02-20 00:00:00+00:00,64.38,succeeded,0
CUST-00998,2026-01-21 00:00:00+00:00,68.17,succeeded,2
CUST-00998,2025-12-22 00:00:00+00:00,62.84,succeeded,1
CUST-00998,2025-11-22 00:00:00+00:00,62.05,succeeded,2
CUST-00999,2026-03-22 00:00:00+00:00,20.49,failed,6
CUST-00999,2026-02-20 00:00:00+00:00,21.54,failed,7
CUST-00999,2026-01-21 00:00:00+00:00,29.31,succeeded,2
CUST-00999,2025-12-22 00:00:00+00:00,17.78,succeeded,3
CUST-00999,2025-11-22 00:00:00+00:00,23.81,failed,7
CUST-01000,2026-04-21 00:00:00+00:00,34.15,succeeded,0
CUST-01000,2026-03-22 00:00:00+00:00,26.54,failed,12
CUST-01000,2026-02-20 00:00:00+00:00,36.17,succeeded,0
CUST-01000,2026-01-21 00:00:00+00:00,36.73,succeeded,2
CUST-01000,2025-12-22 00:00:00+00:00,41.07,succeeded,2
CUST-01000,2025-11-22 00:00:00+00:00,38.89,succeeded,1
CUST-01001,2026-03-22 00:00:00+00:00,74.49,succeeded,1
CUST-01001,2026-02-20 00:00:00+00:00,66.54,succeeded,2
CUST-01001,2026-01-21 00:00:00+00:00,78.43,succeeded,2
CUST-01001,2025-12-22 00:00:00+00:00,78.28,failed,12
CUST-01001,2025-11-22 00:00:00+00:00,78.5,succeeded,2
CUST-01002,2026-04-21 00:00:00+00:00,47.19,succeeded,2
CUST-01002,2026-03-22 00:00:00+00:00,45.54,succeeded,0
CUST-01002,2026-02-20 00:00:00+00:00,52.04,succeeded,2
CUST-01002,2026-01-21 00:00:00+00:00,48.25,succeeded,2
CUST-01002,2025-12-22 00:00:00+00:00,45.54,succeeded,1
CUST-01002,2025-11-22 00:00:00+00:00,55.84,succeeded,0
CUST-01003,2026-04-21 00:00:00+00:00,209.75,succeeded,0
CUST-01003,2026-03-22 00:00:00+00:00,204.51,succeeded,1
CUST-01003,2026-02-20 00:00:00+00:00,202.38,succeeded,2
CUST-01003,2026-01-21 00:00:00+00:00,203.16,succeeded,0
CUST-01003,2025-12-22 00:00:00+00:00,202.78,succeeded,1
CUST-01003,2025-11-22 00:00:00+00:00,206.42,succeeded,2
CUST-01004,2026-04-21 00:00:00+00:00,89.52,succeeded,1
CUST-01004,2026-03-22 00:00:00+00:00,90.38,succeeded,3
CUST-01004,2026-02-20 00:00:00+00:00,80.13,succeeded,0
CUST-01004,2026-01-21 00:00:00+00:00,89.85,succeeded,3
CUST-01004,2025-12-22 00:00:00+00:00,87.82,succeeded,0
CUST-01004,2025-11-22 00:00:00+00:00,89.17,succeeded,1
CUST-01005,2026-03-22 00:00:00+00:00,31.84,failed,6
CUST-01005,2026-02-20 00:00:00+00:00,33.9,succeeded,2
CUST-01005,2026-01-21 00:00:00+00:00,36.8,succeeded,3
CUST-01005,2025-12-22 00:00:00+00:00,33.5,succeeded,3
CUST-01005,2025-11-22 00:00:00+00:00,34.08,succeeded,1
CUST-01006,2026-04-21 00:00:00+00:00,98.12,succeeded,2
CUST-01006,2026-03-22 00:00:00+00:00,94.03,succeeded,1
CUST-01006,2026-02-20 00:00:00+00:00,91.05,succeeded,3
CUST-01006,2026-01-21 00:00:00+00:00,94.33,failed,14
CUST-01006,2025-12-22 00:00:00+00:00,99.17,succeeded,0
CUST-01006,2025-11-22 00:00:00+00:00,82.65,succeeded,1
CUST-01007,2026-04-21 00:00:00+00:00,24.44,succeeded,3
CUST-01007,2026-03-22 00:00:00+00:00,27.75,succeeded,2
CUST-01007,2026-02-20 00:00:00+00:00,22.78,succeeded,2
CUST-01007,2026-01-21 00:00:00+00:00,19.54,succeeded,3
CUST-01007,2025-12-22 00:00:00+00:00,20.57,succeeded,1
CUST-01007,2025-11-22 00:00:00+00:00,25.96,succeeded,3
CUST-01008,2026-04-21 00:00:00+00:00,176.68,succeeded,3
CUST-01008,2026-03-22 00:00:00+00:00,174.27,succeeded,1
CUST-01008,2026-02-20 00:00:00+00:00,181.52,succeeded,0
CUST-01008,2026-01-21 00:00:00+00:00,173.79,succeeded,0
CUST-01008,2025-12-22 00:00:00+00:00,175.4,failed,5
CUST-01008,2025-11-22 00:00:00+00:00,184.05,succeeded,1
CUST-01009,2026-03-22 00:00:00+00:00,193.44,succeeded,3
CUST-01009,2026-02-20 00:00:00+00:00,196.03,failed,7
CUST-01009,2026-01-21 00:00:00+00:00,191.16,succeeded,0
CUST-01009,2025-12-22 00:00:00+00:00,196.96,succeeded,2
CUST-01009,2025-11-22 00:00:00+00:00,198.4,failed,9
CUST-01010,2026-04-21 00:00:00+00:00,197.03,failed,1
CUST-01010,2026-03-22 00:00:00+00:00,203.43,succeeded,1
CUST-01010,2026-02-20 00:00:00+00:00,214.87,succeeded,1
CUST-01010,2026-01-21 00:00:00+00:00,209.81,succeeded,0
CUST-01010,2025-12-22 00:00:00+00:00,203.32,succeeded,1
CUST-01010,2025-11-22 00:00:00+00:00,209.26,succeeded,2
CUST-01011,2026-04-21 00:00:00+00:00,32.64,failed,10
CUST-01011,2026-03-22 00:00:00+00:00,26.16,failed,7
CUST-01011,2026-02-20 00:00:00+00:00,34.06,succeeded,1
CUST-01011,2026-01-21 00:00:00+00:00,29.23,succeeded,0
CUST-01011,2025-12-22 00:00:00+00:00,30.88,succeeded,3
CUST-01011,2025-11-22 00:00:00+00:00,34.82,succeeded,3
CUST-01012,2026-03-22 00:00:00+00:00,34.28,succeeded,1
CUST-01012,2026-02-20 00:00:00+00:00,26.11,succeeded,0
CUST-01012,2026-01-21 00:00:00+00:00,27.78,succeeded,2
CUST-01012,2025-12-22 00:00:00+00:00,26.48,succeeded,1
CUST-01012,2025-11-22 00:00:00+00:00,31.62,succeeded,0
CUST-01013,2026-03-22 00:00:00+00:00,34.98,succeeded,1
CUST-01013,2026-02-20 00:00:00+00:00,29.71,succeeded,1
CUST-01013,2026-01-21 00:00:00+00:00,47.56,succeeded,0
CUST-01013,2025-12-22 00:00:00+00:00,46.08,succeeded,2
CUST-01013,2025-11-22 00:00:00+00:00,37.02,succeeded,0
CUST-01014,2026-04-21 00:00:00+00:00,30.64,succeeded,3
CUST-01014,2026-03-22 00:00:00+00:00,34.92,succeeded,3
CUST-01014,2026-02-20 00:00:00+00:00,31.74,succeeded,1
CUST-01014,2026-01-21 00:00:00+00:00,35.0,succeeded,0
CUST-01014,2025-12-22 00:00:00+00:00,31.56,succeeded,0
CUST-01014,2025-11-22 00:00:00+00:00,32.15,succeeded,1
CUST-01015,2026-04-21 00:00:00+00:00,34.15,succeeded,0
CUST-01015,2026-03-22 00:00:00+00:00,36.05,succeeded,1
CUST-01015,2026-02-20 00:00:00+00:00,35.17,succeeded,0
CUST-01015,2026-01-21 00:00:00+00:00,38.59,succeeded,3
CUST-01015,2025-12-22 00:00:00+00:00,32.25,succeeded,1
CUST-01015,2025-11-22 00:00:00+00:00,35.49,succeeded,0
CUST-01016,2026-03-22 00:00:00+00:00,25.5,succeeded,1
CUST-01016,2026-02-20 00:00:00+00:00,13.49,succeeded,1
CUST-01016,2026-01-21 00:00:00+00:00,15.64,succeeded,2
CUST-01016,2025-12-22 00:00:00+00:00,21.87,succeeded,1
CUST-01016,2025-11-22 00:00:00+00:00,28.66,succeeded,0
CUST-01017,2026-04-21 00:00:00+00:00,189.67,succeeded,0
CUST-01017,2026-03-22 00:00:00+00:00,548.0699999999999,succeeded,3
CUST-01017,2026-02-20 00:00:00+00:00,187.64,succeeded,0
CUST-01017,2026-01-21 00:00:00+00:00,188.85,failed,6
CUST-01017,2025-12-22 00:00:00+00:00,196.07,succeeded,1
CUST-01017,2025-11-22 00:00:00+00:00,193.8,succeeded,3
CUST-01018,2026-03-22 00:00:00+00:00,48.16,succeeded,3
CUST-01018,2026-02-20 00:00:00+00:00,47.16,succeeded,1
CUST-01018,2026-01-21 00:00:00+00:00,48.35,succeeded,1
CUST-01018,2025-12-22 00:00:00+00:00,44.38,succeeded,2
CUST-01018,2025-11-22 00:00:00+00:00,40.87,succeeded,2
CUST-01019,2026-04-21 00:00:00+00:00,28.02,succeeded,1
CUST-01019,2026-03-22 00:00:00+00:00,27.88,succeeded,3
CUST-01019,2026-02-20 00:00:00+00:00,36.33,failed,12
CUST-01019,2026-01-21 00:00:00+00:00,32.5,succeeded,1
CUST-01019,2025-12-22 00:00:00+00:00,36.84,succeeded,1
CUST-01019,2025-11-22 00:00:00+00:00,34.94,succeeded,2
CUST-01020,2026-03-22 00:00:00+00:00,71.35,succeeded,2
CUST-01020,2026-02-20 00:00:00+00:00,75.85,succeeded,1
CUST-01020,2026-01-21 00:00:00+00:00,71.64,succeeded,0
CUST-01020,2025-12-22 00:00:00+00:00,72.89,succeeded,3
CUST-01020,2025-11-22 00:00:00+00:00,80.02,succeeded,1
CUST-01021,2026-03-22 00:00:00+00:00,74.42,failed,7
CUST-01021,2026-02-20 00:00:00+00:00,75.46,failed,7
CUST-01021,2026-01-21 00:00:00+00:00,83.51,succeeded,1
CUST-01021,2025-12-22 00:00:00+00:00,76.1,failed,5
CUST-01021,2025-11-22 00:00:00+00:00,76.96,succeeded,2
CUST-01022,2026-03-22 00:00:00+00:00,75.56,succeeded,0
CUST-01022,2026-02-20 00:00:00+00:00,70.38,failed,3
CUST-01022,2026-01-21 00:00:00+00:00,74.12,failed,12
CUST-01022,2025-12-22 00:00:00+00:00,69.28,succeeded,3
CUST-01022,2025-11-22 00:00:00+00:00,75.78,succeeded,2
CUST-01023,2026-03-22 00:00:00+00:00,74.16,succeeded,3
CUST-01023,2026-02-20 00:00:00+00:00,72.08,succeeded,2
CUST-01023,2026-01-21 00:00:00+00:00,61.51,failed,13
CUST-01023,2025-12-22 00:00:00+00:00,74.36,succeeded,2
CUST-01023,2025-11-22 00:00:00+00:00,76.42,succeeded,3
CUST-01024,2026-03-22 00:00:00+00:00,560.73,succeeded,0
CUST-01024,2026-02-20 00:00:00+00:00,180.76,failed,3
CUST-01024,2026-01-21 00:00:00+00:00,190.28,succeeded,0
CUST-01024,2025-12-22 00:00:00+00:00,197.98,failed,13
CUST-01024,2025-11-22 00:00:00+00:00,191.45,succeeded,1
CUST-01025,2026-04-21 00:00:00+00:00,59.7,succeeded,1
CUST-01025,2026-03-22 00:00:00+00:00,67.56,succeeded,3
CUST-01025,2026-02-20 00:00:00+00:00,62.63,succeeded,0
CUST-01025,2026-01-21 00:00:00+00:00,72.39,succeeded,1
CUST-01025,2025-12-22 00:00:00+00:00,71.34,succeeded,3
CUST-01025,2025-11-22 00:00:00+00:00,63.48,succeeded,2
CUST-01026,2026-03-22 00:00:00+00:00,82.24,succeeded,3
CUST-01026,2026-02-20 00:00:00+00:00,80.78,succeeded,3
CUST-01026,2026-01-21 00:00:00+00:00,78.81,succeeded,2
CUST-01026,2025-12-22 00:00:00+00:00,78.94,succeeded,1
CUST-01026,2025-11-22 00:00:00+00:00,73.61,succeeded,2
CUST-01027,2026-03-22 00:00:00+00:00,62.02,succeeded,1
CUST-01027,2026-02-20 00:00:00+00:00,78.32,succeeded,2
CUST-01027,2026-01-21 00:00:00+00:00,74.6,succeeded,2
CUST-01027,2025-12-22 00:00:00+00:00,72.04,succeeded,3
CUST-01027,2025-11-22 00:00:00+00:00,79.12,succeeded,3
CUST-01028,2026-03-22 00:00:00+00:00,42.6,succeeded,1
CUST-01028,2026-02-20 00:00:00+00:00,37.23,succeeded,1
CUST-01028,2026-01-21 00:00:00+00:00,37.26,succeeded,3
CUST-01028,2025-12-22 00:00:00+00:00,37.63,succeeded,1
CUST-01028,2025-11-22 00:00:00+00:00,33.23,succeeded,1
CUST-01029,2026-03-22 00:00:00+00:00,24.22,succeeded,1
CUST-01029,2026-02-20 00:00:00+00:00,41.02,succeeded,0
CUST-01029,2026-01-21 00:00:00+00:00,28.26,succeeded,0
CUST-01029,2025-12-22 00:00:00+00:00,28.09,failed,13
CUST-01029,2025-11-22 00:00:00+00:00,28.89,succeeded,2
CUST-01030,2026-04-21 00:00:00+00:00,35.96,succeeded,1
CUST-01030,2026-03-22 00:00:00+00:00,27.32,failed,2
CUST-01030,2026-02-20 00:00:00+00:00,33.96,succeeded,3
CUST-01030,2026-01-21 00:00:00+00:00,38.95,succeeded,0
CUST-01030,2025-12-22 00:00:00+00:00,31.29,succeeded,2
CUST-01030,2025-11-22 00:00:00+00:00,40.21,succeeded,0
CUST-01031,2026-03-22 00:00:00+00:00,10.11,succeeded,2
CUST-01031,2026-02-20 00:00:00+00:00,23.96,succeeded,2
CUST-01031,2026-01-21 00:00:00+00:00,23.42,succeeded,1
CUST-01031,2025-12-22 00:00:00+00:00,30.26,succeeded,1
CUST-01031,2025-11-22 00:00:00+00:00,21.52,succeeded,2
CUST-01032,2026-03-22 00:00:00+00:00,83.13,succeeded,1
CUST-01032,2026-02-20 00:00:00+00:00,75.16,succeeded,0
CUST-01032,2026-01-21 00:00:00+00:00,82.03,succeeded,0
CUST-01032,2025-12-22 00:00:00+00:00,71.58,succeeded,3
CUST-01032,2025-11-22 00:00:00+00:00,76.62,succeeded,0
CUST-01033,2026-04-21 00:00:00+00:00,41.63,succeeded,3
CUST-01033,2026-03-22 00:00:00+00:00,20.65,succeeded,0
CUST-01033,2026-02-20 00:00:00+00:00,23.72,succeeded,2
CUST-01033,2026-01-21 00:00:00+00:00,34.46,succeeded,3
CUST-01033,2025-12-22 00:00:00+00:00,28.14,succeeded,2
CUST-01033,2025-11-22 00:00:00+00:00,31.34,succeeded,2
CUST-01034,2026-04-21 00:00:00+00:00,39.35,succeeded,1
CUST-01034,2026-03-22 00:00:00+00:00,32.8,succeeded,0
CUST-01034,2026-02-20 00:00:00+00:00,29.93,succeeded,2
CUST-01034,2026-01-21 00:00:00+00:00,40.43,succeeded,0
CUST-01034,2025-12-22 00:00:00+00:00,39.18,succeeded,3
CUST-01034,2025-11-22 00:00:00+00:00,38.99,succeeded,0
CUST-01035,2026-03-22 00:00:00+00:00,33.0,succeeded,3
CUST-01035,2026-02-20 00:00:00+00:00,27.74,failed,7
CUST-01035,2026-01-21 00:00:00+00:00,18.41,succeeded,2
CUST-01035,2025-12-22 00:00:00+00:00,34.35,succeeded,0
CUST-01035,2025-11-22 00:00:00+00:00,31.82,succeeded,2
CUST-01036,2026-03-22 00:00:00+00:00,83.33,succeeded,0
CUST-01036,2026-02-20 00:00:00+00:00,89.6,succeeded,1
CUST-01036,2026-01-21 00:00:00+00:00,86.56,succeeded,3
CUST-01036,2025-12-22 00:00:00+00:00,90.38,succeeded,2
CUST-01036,2025-11-22 00:00:00+00:00,82.22,succeeded,1
CUST-01037,2026-04-21 00:00:00+00:00,24.82,succeeded,1
CUST-01037,2026-03-22 00:00:00+00:00,27.44,succeeded,1
CUST-01037,2026-02-20 00:00:00+00:00,22.15,succeeded,0
CUST-01037,2026-01-21 00:00:00+00:00,25.88,succeeded,2
CUST-01037,2025-12-22 00:00:00+00:00,26.84,succeeded,0
CUST-01037,2025-11-22 00:00:00+00:00,34.58,succeeded,1
CUST-01038,2026-04-21 00:00:00+00:00,77.41,succeeded,1
CUST-01038,2026-03-22 00:00:00+00:00,86.01,succeeded,3
CUST-01038,2026-02-20 00:00:00+00:00,80.61,succeeded,0
CUST-01038,2026-01-21 00:00:00+00:00,86.72,succeeded,0
CUST-01038,2025-12-22 00:00:00+00:00,89.58,succeeded,1
CUST-01038,2025-11-22 00:00:00+00:00,90.01,succeeded,0
CUST-01039,2026-03-22 00:00:00+00:00,203.17,succeeded,2
CUST-01039,2026-02-20 00:00:00+00:00,194.72,succeeded,1
CUST-01039,2026-01-21 00:00:00+00:00,196.37,succeeded,0
CUST-01039,2025-12-22 00:00:00+00:00,189.47,succeeded,0
CUST-01039,2025-11-22 00:00:00+00:00,194.03,succeeded,3
CUST-01040,2026-03-22 00:00:00+00:00,18.17,failed,6
CUST-01040,2026-02-20 00:00:00+00:00,13.35,succeeded,1
CUST-01040,2026-01-21 00:00:00+00:00,25.47,succeeded,0
CUST-01040,2025-12-22 00:00:00+00:00,15.64,failed,5
CUST-01040,2025-11-22 00:00:00+00:00,21.44,succeeded,0
CUST-01041,2026-03-22 00:00:00+00:00,78.59,succeeded,3
CUST-01041,2026-02-20 00:00:00+00:00,77.6,succeeded,2
CUST-01041,2026-01-21 00:00:00+00:00,84.47,succeeded,1
CUST-01041,2025-12-22 00:00:00+00:00,71.39,succeeded,2
CUST-01041,2025-11-22 00:00:00+00:00,77.96,succeeded,1
CUST-01042,2026-04-21 00:00:00+00:00,37.51,succeeded,0
CUST-01042,2026-03-22 00:00:00+00:00,25.12,failed,4
CUST-01042,2026-02-20 00:00:00+00:00,31.81,succeeded,2
CUST-01042,2026-01-21 00:00:00+00:00,35.71,succeeded,2
CUST-01042,2025-12-22 00:00:00+00:00,31.59,succeeded,0
CUST-01042,2025-11-22 00:00:00+00:00,33.5,succeeded,3
CUST-01043,2026-04-21 00:00:00+00:00,36.78,succeeded,3
CUST-01043,2026-03-22 00:00:00+00:00,35.99,succeeded,2
CUST-01043,2026-02-20 00:00:00+00:00,44.95,succeeded,1
CUST-01043,2026-01-21 00:00:00+00:00,31.13,succeeded,0
CUST-01043,2025-12-22 00:00:00+00:00,39.11,succeeded,1
CUST-01043,2025-11-22 00:00:00+00:00,32.47,succeeded,0
CUST-01044,2026-04-21 00:00:00+00:00,80.42,succeeded,3
CUST-01044,2026-03-22 00:00:00+00:00,81.22,succeeded,0
CUST-01044,2026-02-20 00:00:00+00:00,80.77,succeeded,1
CUST-01044,2026-01-21 00:00:00+00:00,85.62,succeeded,3
CUST-01044,2025-12-22 00:00:00+00:00,82.64,succeeded,2
CUST-01044,2025-11-22 00:00:00+00:00,84.96,succeeded,3
CUST-01045,2026-04-21 00:00:00+00:00,203.24,succeeded,0
CUST-01045,2026-03-22 00:00:00+00:00,202.5,succeeded,0
CUST-01045,2026-02-20 00:00:00+00:00,191.78,succeeded,2
CUST-01045,2026-01-21 00:00:00+00:00,195.73,succeeded,2
CUST-01045,2025-12-22 00:00:00+00:00,198.27,succeeded,3
CUST-01045,2025-11-22 00:00:00+00:00,187.91,succeeded,0
CUST-01046,2026-04-21 00:00:00+00:00,15.98,succeeded,1
CUST-01046,2026-03-22 00:00:00+00:00,23.45,succeeded,2
CUST-01046,2026-02-20 00:00:00+00:00,19.41,succeeded,1
CUST-01046,2026-01-21 00:00:00+00:00,28.35,succeeded,0
CUST-01046,2025-12-22 00:00:00+00:00,21.71,succeeded,3
CUST-01046,2025-11-22 00:00:00+00:00,20.79,succeeded,3
CUST-01047,2026-03-22 00:00:00+00:00,74.67,failed,5
CUST-01047,2026-02-20 00:00:00+00:00,98.71,succeeded,3
CUST-01047,2026-01-21 00:00:00+00:00,88.39,succeeded,1
CUST-01047,2025-12-22 00:00:00+00:00,78.42,failed,11
CUST-01047,2025-11-22 00:00:00+00:00,80.58,succeeded,2
CUST-01048,2026-04-21 00:00:00+00:00,31.17,succeeded,0
CUST-01048,2026-03-22 00:00:00+00:00,34.7,succeeded,0
CUST-01048,2026-02-20 00:00:00+00:00,32.38,succeeded,2
CUST-01048,2026-01-21 00:00:00+00:00,23.86,succeeded,0
CUST-01048,2025-12-22 00:00:00+00:00,34.13,succeeded,2
CUST-01048,2025-11-22 00:00:00+00:00,25.51,succeeded,0
CUST-01049,2026-04-21 00:00:00+00:00,70.27,failed,3
CUST-01049,2026-03-22 00:00:00+00:00,64.0,succeeded,1
CUST-01049,2026-02-20 00:00:00+00:00,69.0,succeeded,2
CUST-01049,2026-01-21 00:00:00+00:00,72.38,failed,4
CUST-01049,2025-12-22 00:00:00+00:00,72.19,succeeded,1
CUST-01049,2025-11-22 00:00:00+00:00,79.15,succeeded,1
CUST-01050,2026-04-21 00:00:00+00:00,87.68,succeeded,2
CUST-01050,2026-03-22 00:00:00+00:00,90.1,succeeded,1
CUST-01050,2026-02-20 00:00:00+00:00,82.55,succeeded,1
CUST-01050,2026-01-21 00:00:00+00:00,87.0,succeeded,0
CUST-01050,2025-12-22 00:00:00+00:00,79.69,succeeded,1
CUST-01050,2025-11-22 00:00:00+00:00,83.12,succeeded,0
CUST-01051,2026-03-22 00:00:00+00:00,71.21,succeeded,0
CUST-01051,2026-02-20 00:00:00+00:00,71.37,succeeded,0
CUST-01051,2026-01-21 00:00:00+00:00,70.06,succeeded,1
CUST-01051,2025-12-22 00:00:00+00:00,67.89,succeeded,2
CUST-01051,2025-11-22 00:00:00+00:00,71.8,succeeded,0
CUST-01052,2026-03-22 00:00:00+00:00,73.69,succeeded,0
CUST-01052,2026-02-20 00:00:00+00:00,71.65,succeeded,0
CUST-01052,2026-01-21 00:00:00+00:00,74.35,succeeded,3
CUST-01052,2025-12-22 00:00:00+00:00,66.49,succeeded,1
CUST-01052,2025-11-22 00:00:00+00:00,78.92,succeeded,2
CUST-01053,2026-04-21 00:00:00+00:00,43.84,succeeded,2
CUST-01053,2026-03-22 00:00:00+00:00,45.46,succeeded,1
CUST-01053,2026-02-20 00:00:00+00:00,43.46,succeeded,1
CUST-01053,2026-01-21 00:00:00+00:00,49.08,succeeded,2
CUST-01053,2025-12-22 00:00:00+00:00,32.68,succeeded,2
CUST-01053,2025-11-22 00:00:00+00:00,37.34,succeeded,2
CUST-01054,2026-03-22 00:00:00+00:00,84.4,succeeded,0
CUST-01054,2026-02-20 00:00:00+00:00,89.73,succeeded,1
CUST-01054,2026-01-21 00:00:00+00:00,85.57,succeeded,2
CUST-01054,2025-12-22 00:00:00+00:00,81.25,succeeded,3
CUST-01054,2025-11-22 00:00:00+00:00,82.74,succeeded,0
CUST-01055,2026-03-22 00:00:00+00:00,83.1,succeeded,3
CUST-01055,2026-02-20 00:00:00+00:00,71.69,succeeded,1
CUST-01055,2026-01-21 00:00:00+00:00,70.98,succeeded,1
CUST-01055,2025-12-22 00:00:00+00:00,69.61,succeeded,2
CUST-01055,2025-11-22 00:00:00+00:00,78.38,succeeded,1
CUST-01056,2026-04-21 00:00:00+00:00,74.53,failed,9
CUST-01056,2026-03-22 00:00:00+00:00,84.89,succeeded,2
CUST-01056,2026-02-20 00:00:00+00:00,83.45,succeeded,2
CUST-01056,2026-01-21 00:00:00+00:00,86.87,succeeded,2
CUST-01056,2025-12-22 00:00:00+00:00,82.96,succeeded,3
CUST-01056,2025-11-22 00:00:00+00:00,82.87,failed,11
CUST-01057,2026-03-22 00:00:00+00:00,28.89,succeeded,0
CUST-01057,2026-02-20 00:00:00+00:00,31.4,succeeded,0
CUST-01057,2026-01-21 00:00:00+00:00,32.47,failed,8
CUST-01057,2025-12-22 00:00:00+00:00,35.88,succeeded,1
CUST-01057,2025-11-22 00:00:00+00:00,31.77,succeeded,1
CUST-01058,2026-04-21 00:00:00+00:00,10.0,failed,7
CUST-01058,2026-03-22 00:00:00+00:00,10.0,succeeded,0
CUST-01058,2026-02-20 00:00:00+00:00,18.67,succeeded,3
CUST-01058,2026-01-21 00:00:00+00:00,10.0,succeeded,3
CUST-01058,2025-12-22 00:00:00+00:00,10.0,succeeded,0
CUST-01058,2025-11-22 00:00:00+00:00,10.0,succeeded,3
CUST-01059,2026-04-21 00:00:00+00:00,16.41,failed,2
CUST-01059,2026-03-22 00:00:00+00:00,25.57,succeeded,0
CUST-01059,2026-02-20 00:00:00+00:00,25.33,succeeded,0
CUST-01059,2026-01-21 00:00:00+00:00,19.18,succeeded,3
CUST-01059,2025-12-22 00:00:00+00:00,19.91,succeeded,2
CUST-01059,2025-11-22 00:00:00+00:00,24.67,failed,8
CUST-01060,2026-03-22 00:00:00+00:00,29.52,succeeded,0
CUST-01060,2026-02-20 00:00:00+00:00,23.59,succeeded,3
CUST-01060,2026-01-21 00:00:00+00:00,32.68,succeeded,0
CUST-01060,2025-12-22 00:00:00+00:00,24.46,succeeded,2
CUST-01060,2025-11-22 00:00:00+00:00,32.17,succeeded,0
CUST-01061,2026-04-21 00:00:00+00:00,29.83,succeeded,0
CUST-01061,2026-03-22 00:00:00+00:00,14.35,succeeded,0
CUST-01061,2026-02-20 00:00:00+00:00,35.31,succeeded,1
CUST-01061,2026-01-21 00:00:00+00:00,21.88,succeeded,1
CUST-01061,2025-12-22 00:00:00+00:00,31.34,succeeded,0
CUST-01061,2025-11-22 00:00:00+00:00,16.56,succeeded,3
CUST-01062,2026-03-22 00:00:00+00:00,25.83,succeeded,3
CUST-01062,2026-02-20 00:00:00+00:00,28.92,succeeded,3
CUST-01062,2026-01-21 00:00:00+00:00,34.22,succeeded,0
CUST-01062,2025-12-22 00:00:00+00:00,31.06,succeeded,1
CUST-01062,2025-11-22 00:00:00+00:00,32.94,succeeded,0
CUST-01063,2026-04-21 00:00:00+00:00,79.58,succeeded,1
CUST-01063,2026-03-22 00:00:00+00:00,88.79,succeeded,0
CUST-01063,2026-02-20 00:00:00+00:00,97.44,succeeded,2
CUST-01063,2026-01-21 00:00:00+00:00,91.28,succeeded,3
CUST-01063,2025-12-22 00:00:00+00:00,82.73,succeeded,1
CUST-01063,2025-11-22 00:00:00+00:00,92.6,succeeded,2
CUST-01064,2026-04-21 00:00:00+00:00,31.99,succeeded,0
CUST-01064,2026-03-22 00:00:00+00:00,21.25,succeeded,0
CUST-01064,2026-02-20 00:00:00+00:00,14.02,succeeded,1
CUST-01064,2026-01-21 00:00:00+00:00,17.16,succeeded,3
CUST-01064,2025-12-22 00:00:00+00:00,29.71,succeeded,0
CUST-01064,2025-11-22 00:00:00+00:00,24.52,failed,0
CUST-01065,2026-04-21 00:00:00+00:00,70.6,succeeded,0
CUST-01065,2026-03-22 00:00:00+00:00,72.56,succeeded,1
CUST-01065,2026-02-20 00:00:00+00:00,61.19,succeeded,3
CUST-01065,2026-01-21 00:00:00+00:00,79.17,succeeded,1
CUST-01065,2025-12-22 00:00:00+00:00,74.28,succeeded,2
CUST-01065,2025-11-22 00:00:00+00:00,70.96,succeeded,3
CUST-01066,2026-04-21 00:00:00+00:00,86.35,succeeded,0
CUST-01066,2026-03-22 00:00:00+00:00,81.7,failed,11
CUST-01066,2026-02-20 00:00:00+00:00,83.71,succeeded,1
CUST-01066,2026-01-21 00:00:00+00:00,73.6,succeeded,1
CUST-01066,2025-12-22 00:00:00+00:00,66.6,succeeded,2
CUST-01066,2025-11-22 00:00:00+00:00,81.09,succeeded,3
CUST-01067,2026-04-21 00:00:00+00:00,61.99,succeeded,3
CUST-01067,2026-03-22 00:00:00+00:00,73.11,succeeded,1
CUST-01067,2026-02-20 00:00:00+00:00,78.1,succeeded,0
CUST-01067,2026-01-21 00:00:00+00:00,82.12,succeeded,3
CUST-01067,2025-12-22 00:00:00+00:00,81.2,succeeded,0
CUST-01067,2025-11-22 00:00:00+00:00,72.57,succeeded,0
CUST-01068,2026-03-22 00:00:00+00:00,20.26,succeeded,3
CUST-01068,2026-02-20 00:00:00+00:00,27.92,failed,2
CUST-01068,2026-01-21 00:00:00+00:00,35.45,succeeded,2
CUST-01068,2025-12-22 00:00:00+00:00,24.23,succeeded,2
CUST-01068,2025-11-22 00:00:00+00:00,33.12,succeeded,3
CUST-01069,2026-04-21 00:00:00+00:00,28.79,succeeded,0
CUST-01069,2026-03-22 00:00:00+00:00,25.28,succeeded,3
CUST-01069,2026-02-20 00:00:00+00:00,33.39,succeeded,3
CUST-01069,2026-01-21 00:00:00+00:00,36.34,succeeded,1
CUST-01069,2025-12-22 00:00:00+00:00,21.88,succeeded,0
CUST-01069,2025-11-22 00:00:00+00:00,22.34,succeeded,2
CUST-01070,2026-03-22 00:00:00+00:00,96.31,failed,4
CUST-01070,2026-02-20 00:00:00+00:00,83.51,succeeded,2
CUST-01070,2026-01-21 00:00:00+00:00,93.64,succeeded,0
CUST-01070,2025-12-22 00:00:00+00:00,102.05,succeeded,2
CUST-01070,2025-11-22 00:00:00+00:00,98.63,succeeded,3
CUST-01071,2026-04-21 00:00:00+00:00,184.67,succeeded,3
CUST-01071,2026-03-22 00:00:00+00:00,176.21,succeeded,0
CUST-01071,2026-02-20 00:00:00+00:00,173.1,succeeded,2
CUST-01071,2026-01-21 00:00:00+00:00,184.33,succeeded,0
CUST-01071,2025-12-22 00:00:00+00:00,178.67,succeeded,3
CUST-01071,2025-11-22 00:00:00+00:00,175.88,succeeded,3
CUST-01072,2026-03-22 00:00:00+00:00,24.71,succeeded,0
CUST-01072,2026-02-20 00:00:00+00:00,31.85,succeeded,3
CUST-01072,2026-01-21 00:00:00+00:00,22.27,succeeded,3
CUST-01072,2025-12-22 00:00:00+00:00,29.94,succeeded,2
CUST-01072,2025-11-22 00:00:00+00:00,28.71,succeeded,3
CUST-01073,2026-03-22 00:00:00+00:00,76.06,succeeded,3
CUST-01073,2026-02-20 00:00:00+00:00,73.27,succeeded,3
CUST-01073,2026-01-21 00:00:00+00:00,80.22,failed,7
CUST-01073,2025-12-22 00:00:00+00:00,81.51,succeeded,1
CUST-01073,2025-11-22 00:00:00+00:00,75.62,succeeded,0
CUST-01074,2026-04-21 00:00:00+00:00,65.63,succeeded,0
CUST-01074,2026-03-22 00:00:00+00:00,69.05,succeeded,2
CUST-01074,2026-02-20 00:00:00+00:00,75.44,succeeded,1
CUST-01074,2026-01-21 00:00:00+00:00,70.27,succeeded,1
CUST-01074,2025-12-22 00:00:00+00:00,64.71,succeeded,1
CUST-01074,2025-11-22 00:00:00+00:00,72.41,succeeded,3
CUST-01075,2026-03-22 00:00:00+00:00,87.76,succeeded,1
CUST-01075,2026-02-20 00:00:00+00:00,84.55,succeeded,3
CUST-01075,2026-01-21 00:00:00+00:00,89.74,succeeded,3
CUST-01075,2025-12-22 00:00:00+00:00,88.29,succeeded,0
CUST-01075,2025-11-22 00:00:00+00:00,74.94,succeeded,1
CUST-01076,2026-03-22 00:00:00+00:00,23.67,succeeded,0
CUST-01076,2026-02-20 00:00:00+00:00,31.7,succeeded,1
CUST-01076,2026-01-21 00:00:00+00:00,32.9,failed,8
CUST-01076,2025-12-22 00:00:00+00:00,36.12,succeeded,1
CUST-01076,2025-11-22 00:00:00+00:00,21.67,succeeded,0
CUST-01077,2026-03-22 00:00:00+00:00,83.29,succeeded,2
CUST-01077,2026-02-20 00:00:00+00:00,73.84,succeeded,1
CUST-01077,2026-01-21 00:00:00+00:00,74.93,succeeded,1
CUST-01077,2025-12-22 00:00:00+00:00,82.84,succeeded,3
CUST-01077,2025-11-22 00:00:00+00:00,78.43,succeeded,0
CUST-01078,2026-04-21 00:00:00+00:00,24.36,succeeded,1
CUST-01078,2026-03-22 00:00:00+00:00,28.06,succeeded,3
CUST-01078,2026-02-20 00:00:00+00:00,26.1,failed,6
CUST-01078,2026-01-21 00:00:00+00:00,30.72,succeeded,0
CUST-01078,2025-12-22 00:00:00+00:00,32.91,succeeded,0
CUST-01078,2025-11-22 00:00:00+00:00,30.86,succeeded,0
CUST-01079,2026-04-21 00:00:00+00:00,200.34,succeeded,0
CUST-01079,2026-03-22 00:00:00+00:00,191.24,succeeded,1
CUST-01079,2026-02-20 00:00:00+00:00,210.02,failed,5
CUST-01079,2026-01-21 00:00:00+00:00,191.76,succeeded,0
CUST-01079,2025-12-22 00:00:00+00:00,201.02,succeeded,0
CUST-01079,2025-11-22 00:00:00+00:00,199.09,failed,6
CUST-01080,2026-04-21 00:00:00+00:00,35.15,failed,5
CUST-01080,2026-03-22 00:00:00+00:00,17.6,failed,0
CUST-01080,2026-02-20 00:00:00+00:00,30.36,succeeded,3
CUST-01080,2026-01-21 00:00:00+00:00,23.1,succeeded,0
CUST-01080,2025-12-22 00:00:00+00:00,23.41,succeeded,0
CUST-01080,2025-11-22 00:00:00+00:00,31.85,succeeded,3
CUST-01081,2026-04-21 00:00:00+00:00,26.73,succeeded,1
CUST-01081,2026-03-22 00:00:00+00:00,24.07,succeeded,3
CUST-01081,2026-02-20 00:00:00+00:00,29.06,succeeded,3
CUST-01081,2026-01-21 00:00:00+00:00,26.78,succeeded,2
CUST-01081,2025-12-22 00:00:00+00:00,24.37,succeeded,3
CUST-01081,2025-11-22 00:00:00+00:00,27.56,succeeded,0
CUST-01082,2026-04-21 00:00:00+00:00,207.65,succeeded,0
CUST-01082,2026-03-22 00:00:00+00:00,194.57,failed,2
CUST-01082,2026-02-20 00:00:00+00:00,202.31,succeeded,2
CUST-01082,2026-01-21 00:00:00+00:00,197.69,succeeded,0
CUST-01082,2025-12-22 00:00:00+00:00,195.68,succeeded,1
CUST-01082,2025-11-22 00:00:00+00:00,196.38,failed,0
CUST-01083,2026-04-21 00:00:00+00:00,22.36,succeeded,2
CUST-01083,2026-03-22 00:00:00+00:00,34.41,succeeded,1
CUST-01083,2026-02-20 00:00:00+00:00,30.7,succeeded,1
CUST-01083,2026-01-21 00:00:00+00:00,26.67,succeeded,3
CUST-01083,2025-12-22 00:00:00+00:00,40.15,succeeded,2
CUST-01083,2025-11-22 00:00:00+00:00,28.67,succeeded,0
CUST-01084,2026-03-22 00:00:00+00:00,33.3,succeeded,3
CUST-01084,2026-02-20 00:00:00+00:00,26.4,succeeded,1
CUST-01084,2026-01-21 00:00:00+00:00,33.73,succeeded,0
CUST-01084,2025-12-22 00:00:00+00:00,40.89,succeeded,0
CUST-01084,2025-11-22 00:00:00+00:00,23.91,succeeded,0
CUST-01085,2026-04-21 00:00:00+00:00,18.4,succeeded,2
CUST-01085,2026-03-22 00:00:00+00:00,29.17,succeeded,1
CUST-01085,2026-02-20 00:00:00+00:00,22.33,succeeded,1
CUST-01085,2026-01-21 00:00:00+00:00,23.49,failed,2
CUST-01085,2025-12-22 00:00:00+00:00,20.58,succeeded,2
CUST-01085,2025-11-22 00:00:00+00:00,17.15,succeeded,0
CUST-01086,2026-04-21 00:00:00+00:00,22.23,succeeded,1
CUST-01086,2026-03-22 00:00:00+00:00,24.37,succeeded,1
CUST-01086,2026-02-20 00:00:00+00:00,23.2,succeeded,3
CUST-01086,2026-01-21 00:00:00+00:00,21.46,succeeded,3
CUST-01086,2025-12-22 00:00:00+00:00,24.45,succeeded,3
CUST-01086,2025-11-22 00:00:00+00:00,20.92,succeeded,3
CUST-01087,2026-04-21 00:00:00+00:00,10.0,failed,0
CUST-01087,2026-03-22 00:00:00+00:00,10.43,failed,4
CUST-01087,2026-02-20 00:00:00+00:00,24.57,succeeded,0
CUST-01087,2026-01-21 00:00:00+00:00,15.31,succeeded,2
CUST-01087,2025-12-22 00:00:00+00:00,12.18,succeeded,2
CUST-01087,2025-11-22 00:00:00+00:00,11.72,succeeded,3
CUST-01088,2026-03-22 00:00:00+00:00,37.19,succeeded,3
CUST-01088,2026-02-20 00:00:00+00:00,31.33,failed,0
CUST-01088,2026-01-21 00:00:00+00:00,36.34,succeeded,2
CUST-01088,2025-12-22 00:00:00+00:00,39.18,succeeded,3
CUST-01088,2025-11-22 00:00:00+00:00,35.54,succeeded,0
CUST-01089,2026-04-21 00:00:00+00:00,75.96,succeeded,2
CUST-01089,2026-03-22 00:00:00+00:00,81.59,succeeded,3
CUST-01089,2026-02-20 00:00:00+00:00,78.17,succeeded,3
CUST-01089,2026-01-21 00:00:00+00:00,78.19,succeeded,3
CUST-01089,2025-12-22 00:00:00+00:00,83.97,succeeded,0
CUST-01089,2025-11-22 00:00:00+00:00,82.22,succeeded,3
CUST-01090,2026-03-22 00:00:00+00:00,85.21,failed,11
CUST-01090,2026-02-20 00:00:00+00:00,83.69,succeeded,0
CUST-01090,2026-01-21 00:00:00+00:00,86.84,succeeded,1
CUST-01090,2025-12-22 00:00:00+00:00,84.88,succeeded,3
CUST-01090,2025-11-22 00:00:00+00:00,75.37,succeeded,1
CUST-01091,2026-03-22 00:00:00+00:00,25.15,failed,4
CUST-01091,2026-02-20 00:00:00+00:00,10.0,succeeded,2
CUST-01091,2026-01-21 00:00:00+00:00,14.43,succeeded,0
CUST-01091,2025-12-22 00:00:00+00:00,19.95,succeeded,3
CUST-01091,2025-11-22 00:00:00+00:00,11.75,succeeded,2
CUST-01092,2026-04-21 00:00:00+00:00,94.64,succeeded,1
CUST-01092,2026-03-22 00:00:00+00:00,91.2,succeeded,1
CUST-01092,2026-02-20 00:00:00+00:00,91.47,succeeded,3
CUST-01092,2026-01-21 00:00:00+00:00,92.13,succeeded,2
CUST-01092,2025-12-22 00:00:00+00:00,88.27,succeeded,0
CUST-01092,2025-11-22 00:00:00+00:00,90.73,succeeded,1
CUST-01093,2026-04-21 00:00:00+00:00,23.67,succeeded,2
CUST-01093,2026-03-22 00:00:00+00:00,16.93,succeeded,1
CUST-01093,2026-02-20 00:00:00+00:00,30.13,succeeded,3
CUST-01093,2026-01-21 00:00:00+00:00,22.02,succeeded,1
CUST-01093,2025-12-22 00:00:00+00:00,12.95,failed,8
CUST-01093,2025-11-22 00:00:00+00:00,35.73,succeeded,3
CUST-01094,2026-04-21 00:00:00+00:00,197.23,succeeded,1
CUST-01094,2026-03-22 00:00:00+00:00,183.55,failed,14
CUST-01094,2026-02-20 00:00:00+00:00,200.31,succeeded,1
CUST-01094,2026-01-21 00:00:00+00:00,202.67,succeeded,2
CUST-01094,2025-12-22 00:00:00+00:00,210.11,failed,3
CUST-01094,2025-11-22 00:00:00+00:00,207.7,succeeded,1
CUST-01095,2026-03-22 00:00:00+00:00,42.84,succeeded,2
CUST-01095,2026-02-20 00:00:00+00:00,41.25,succeeded,1
CUST-01095,2026-01-21 00:00:00+00:00,34.8,succeeded,3
CUST-01095,2025-12-22 00:00:00+00:00,31.07,succeeded,1
CUST-01095,2025-11-22 00:00:00+00:00,33.28,succeeded,2
CUST-01096,2026-04-21 00:00:00+00:00,76.62,succeeded,1
CUST-01096,2026-03-22 00:00:00+00:00,65.98,succeeded,0
CUST-01096,2026-02-20 00:00:00+00:00,77.12,succeeded,3
CUST-01096,2026-01-21 00:00:00+00:00,68.02,succeeded,0
CUST-01096,2025-12-22 00:00:00+00:00,66.83,succeeded,3
CUST-01096,2025-11-22 00:00:00+00:00,65.71,succeeded,0
CUST-01097,2026-03-22 00:00:00+00:00,20.91,succeeded,1
CUST-01097,2026-02-20 00:00:00+00:00,31.28,succeeded,0
CUST-01097,2026-01-21 00:00:00+00:00,29.85,succeeded,3
CUST-01097,2025-12-22 00:00:00+00:00,26.35,succeeded,3
CUST-01097,2025-11-22 00:00:00+00:00,28.52,succeeded,3
CUST-01098,2026-04-21 00:00:00+00:00,79.85,failed,2
CUST-01098,2026-03-22 00:00:00+00:00,73.24,succeeded,2
CUST-01098,2026-02-20 00:00:00+00:00,82.45,succeeded,0
CUST-01098,2026-01-21 00:00:00+00:00,87.76,succeeded,0
CUST-01098,2025-12-22 00:00:00+00:00,74.91,succeeded,3
CUST-01098,2025-11-22 00:00:00+00:00,81.57,succeeded,1
CUST-01099,2026-04-21 00:00:00+00:00,57.89,succeeded,3
CUST-01099,2026-03-22 00:00:00+00:00,51.27,succeeded,3
CUST-01099,2026-02-20 00:00:00+00:00,62.81,succeeded,0
CUST-01099,2026-01-21 00:00:00+00:00,53.34,succeeded,2
CUST-01099,2025-12-22 00:00:00+00:00,49.81,failed,2
CUST-01099,2025-11-22 00:00:00+00:00,49.05,succeeded,2
CUST-01100,2026-04-21 00:00:00+00:00,83.59,succeeded,3
CUST-01100,2026-03-22 00:00:00+00:00,83.39,succeeded,3
CUST-01100,2026-02-20 00:00:00+00:00,82.47,succeeded,3
CUST-01100,2026-01-21 00:00:00+00:00,81.93,succeeded,2
CUST-01100,2025-12-22 00:00:00+00:00,88.43,succeeded,1
CUST-01100,2025-11-22 00:00:00+00:00,79.33,succeeded,0
CUST-01101,2026-04-21 00:00:00+00:00,33.73,succeeded,1
CUST-01101,2026-03-22 00:00:00+00:00,40.37,succeeded,3
CUST-01101,2026-02-20 00:00:00+00:00,48.87,succeeded,2
CUST-01101,2026-01-21 00:00:00+00:00,31.2,succeeded,0
CUST-01101,2025-12-22 00:00:00+00:00,38.73,succeeded,1
CUST-01101,2025-11-22 00:00:00+00:00,48.11,succeeded,0
CUST-01102,2026-03-22 00:00:00+00:00,209.76,succeeded,0
CUST-01102,2026-02-20 00:00:00+00:00,211.67,failed,10
CUST-01102,2026-01-21 00:00:00+00:00,206.96,failed,6
CUST-01102,2025-12-22 00:00:00+00:00,203.51,failed,0
CUST-01102,2025-11-22 00:00:00+00:00,213.45,succeeded,3
CUST-01103,2026-03-22 00:00:00+00:00,84.11,succeeded,3
CUST-01103,2026-02-20 00:00:00+00:00,89.28,succeeded,2
CUST-01103,2026-01-21 00:00:00+00:00,87.57,succeeded,3
CUST-01103,2025-12-22 00:00:00+00:00,82.42,succeeded,3
CUST-01103,2025-11-22 00:00:00+00:00,82.93,succeeded,1
CUST-01104,2026-03-22 00:00:00+00:00,73.39,succeeded,2
CUST-01104,2026-02-20 00:00:00+00:00,71.43,succeeded,3
CUST-01104,2026-01-21 00:00:00+00:00,67.48,succeeded,0
CUST-01104,2025-12-22 00:00:00+00:00,73.09,succeeded,2
CUST-01104,2025-11-22 00:00:00+00:00,69.82,failed,13
CUST-01105,2026-04-21 00:00:00+00:00,80.17,succeeded,2
CUST-01105,2026-03-22 00:00:00+00:00,77.62,succeeded,0
CUST-01105,2026-02-20 00:00:00+00:00,82.66,succeeded,3
CUST-01105,2026-01-21 00:00:00+00:00,87.46,succeeded,1
CUST-01105,2025-12-22 00:00:00+00:00,92.74,succeeded,2
CUST-01105,2025-11-22 00:00:00+00:00,87.06,succeeded,3
CUST-01106,2026-04-21 00:00:00+00:00,190.06,failed,9
CUST-01106,2026-03-22 00:00:00+00:00,189.7,succeeded,1
CUST-01106,2026-02-20 00:00:00+00:00,177.95,succeeded,0
CUST-01106,2026-01-21 00:00:00+00:00,185.96,succeeded,0
CUST-01106,2025-12-22 00:00:00+00:00,190.69,succeeded,0
CUST-01106,2025-11-22 00:00:00+00:00,189.36,succeeded,2
CUST-01107,2026-04-21 00:00:00+00:00,46.26,succeeded,0
CUST-01107,2026-03-22 00:00:00+00:00,50.47,succeeded,2
CUST-01107,2026-02-20 00:00:00+00:00,37.92,succeeded,3
CUST-01107,2026-01-21 00:00:00+00:00,40.15,succeeded,0
CUST-01107,2025-12-22 00:00:00+00:00,39.7,succeeded,0
CUST-01107,2025-11-22 00:00:00+00:00,41.27,succeeded,2
CUST-01108,2026-04-21 00:00:00+00:00,30.32,succeeded,2
CUST-01108,2026-03-22 00:00:00+00:00,28.52,succeeded,2
CUST-01108,2026-02-20 00:00:00+00:00,30.07,succeeded,1
CUST-01108,2026-01-21 00:00:00+00:00,37.39,failed,14
CUST-01108,2025-12-22 00:00:00+00:00,23.69,succeeded,2
CUST-01108,2025-11-22 00:00:00+00:00,31.55,succeeded,0
CUST-01109,2026-03-22 00:00:00+00:00,10.0,succeeded,3
CUST-01109,2026-02-20 00:00:00+00:00,10.0,succeeded,1
CUST-01109,2026-01-21 00:00:00+00:00,10.0,succeeded,1
CUST-01109,2025-12-22 00:00:00+00:00,10.0,succeeded,3
CUST-01109,2025-11-22 00:00:00+00:00,12.37,succeeded,0
CUST-01110,2026-03-22 00:00:00+00:00,21.17,succeeded,0
CUST-01110,2026-02-20 00:00:00+00:00,26.91,failed,0
CUST-01110,2026-01-21 00:00:00+00:00,29.56,succeeded,0
CUST-01110,2025-12-22 00:00:00+00:00,20.66,succeeded,3
CUST-01110,2025-11-22 00:00:00+00:00,31.11,succeeded,0
CUST-01111,2026-04-21 00:00:00+00:00,87.0,succeeded,3
CUST-01111,2026-03-22 00:00:00+00:00,85.06,succeeded,3
CUST-01111,2026-02-20 00:00:00+00:00,81.21,succeeded,2
CUST-01111,2026-01-21 00:00:00+00:00,88.68,succeeded,0
CUST-01111,2025-12-22 00:00:00+00:00,75.59,succeeded,3
CUST-01111,2025-11-22 00:00:00+00:00,87.84,succeeded,2
CUST-01112,2026-04-21 00:00:00+00:00,194.97,succeeded,2
CUST-01112,2026-03-22 00:00:00+00:00,203.44,failed,8
CUST-01112,2026-02-20 00:00:00+00:00,200.49,succeeded,3
CUST-01112,2026-01-21 00:00:00+00:00,196.07,succeeded,3
CUST-01112,2025-12-22 00:00:00+00:00,190.93,failed,2
CUST-01112,2025-11-22 00:00:00+00:00,193.44,succeeded,0
CUST-01113,2026-04-21 00:00:00+00:00,208.41,succeeded,0
CUST-01113,2026-03-22 00:00:00+00:00,210.36,succeeded,0
CUST-01113,2026-02-20 00:00:00+00:00,210.39,succeeded,3
CUST-01113,2026-01-21 00:00:00+00:00,204.18,succeeded,1
CUST-01113,2025-12-22 00:00:00+00:00,202.0,succeeded,1
CUST-01113,2025-11-22 00:00:00+00:00,207.79,succeeded,3
CUST-01114,2026-04-21 00:00:00+00:00,75.8,failed,13
CUST-01114,2026-03-22 00:00:00+00:00,72.93,succeeded,3
CUST-01114,2026-02-20 00:00:00+00:00,60.77,succeeded,3
CUST-01114,2026-01-21 00:00:00+00:00,73.31,succeeded,1
CUST-01114,2025-12-22 00:00:00+00:00,83.02,succeeded,0
CUST-01114,2025-11-22 00:00:00+00:00,67.75,succeeded,2
CUST-01115,2026-04-21 00:00:00+00:00,72.47,succeeded,0
CUST-01115,2026-03-22 00:00:00+00:00,63.73,succeeded,3
CUST-01115,2026-02-20 00:00:00+00:00,68.85,succeeded,1
CUST-01115,2026-01-21 00:00:00+00:00,59.53,succeeded,1
CUST-01115,2025-12-22 00:00:00+00:00,65.27,succeeded,3
CUST-01115,2025-11-22 00:00:00+00:00,65.91,succeeded,1
CUST-01116,2026-04-21 00:00:00+00:00,193.13,succeeded,1
CUST-01116,2026-03-22 00:00:00+00:00,197.59,succeeded,1
CUST-01116,2026-02-20 00:00:00+00:00,198.23,succeeded,2
CUST-01116,2026-01-21 00:00:00+00:00,200.31,succeeded,1
CUST-01116,2025-12-22 00:00:00+00:00,207.49,succeeded,3
CUST-01116,2025-11-22 00:00:00+00:00,199.83,succeeded,3
CUST-01117,2026-04-21 00:00:00+00:00,201.42,succeeded,2
CUST-01117,2026-03-22 00:00:00+00:00,199.91,succeeded,3
CUST-01117,2026-02-20 00:00:00+00:00,195.41,succeeded,0
CUST-01117,2026-01-21 00:00:00+00:00,207.33,succeeded,0
CUST-01117,2025-12-22 00:00:00+00:00,200.28,succeeded,0
CUST-01117,2025-11-22 00:00:00+00:00,190.28,succeeded,1
CUST-01118,2026-03-22 00:00:00+00:00,25.42,succeeded,3
CUST-01118,2026-02-20 00:00:00+00:00,18.06,succeeded,1
CUST-01118,2026-01-21 00:00:00+00:00,27.0,failed,4
CUST-01118,2025-12-22 00:00:00+00:00,31.83,succeeded,0
CUST-01118,2025-11-22 00:00:00+00:00,26.46,succeeded,0
CUST-01119,2026-04-21 00:00:00+00:00,86.56,failed,8
CUST-01119,2026-03-22 00:00:00+00:00,93.85,succeeded,1
CUST-01119,2026-02-20 00:00:00+00:00,92.32,succeeded,2
CUST-01119,2026-01-21 00:00:00+00:00,87.34,succeeded,0
CUST-01119,2025-12-22 00:00:00+00:00,87.47,succeeded,1
CUST-01119,2025-11-22 00:00:00+00:00,89.28,succeeded,2
CUST-01120,2026-04-21 00:00:00+00:00,76.32,succeeded,2
CUST-01120,2026-03-22 00:00:00+00:00,74.75,succeeded,2
CUST-01120,2026-02-20 00:00:00+00:00,68.7,succeeded,2
CUST-01120,2026-01-21 00:00:00+00:00,72.0,succeeded,3
CUST-01120,2025-12-22 00:00:00+00:00,69.59,succeeded,2
CUST-01120,2025-11-22 00:00:00+00:00,74.5,succeeded,2
CUST-01121,2026-04-21 00:00:00+00:00,36.88,succeeded,2
CUST-01121,2026-03-22 00:00:00+00:00,33.64,succeeded,2
CUST-01121,2026-02-20 00:00:00+00:00,39.38,succeeded,2
CUST-01121,2026-01-21 00:00:00+00:00,27.63,succeeded,3
CUST-01121,2025-12-22 00:00:00+00:00,25.5,succeeded,2
CUST-01121,2025-11-22 00:00:00+00:00,38.34,succeeded,1
CUST-01122,2026-04-21 00:00:00+00:00,16.69,succeeded,3
CUST-01122,2026-03-22 00:00:00+00:00,25.05,succeeded,2
CUST-01122,2026-02-20 00:00:00+00:00,32.26,succeeded,1
CUST-01122,2026-01-21 00:00:00+00:00,25.8,succeeded,3
CUST-01122,2025-12-22 00:00:00+00:00,33.23,failed,6
CUST-01122,2025-11-22 00:00:00+00:00,91.86,succeeded,0
CUST-01123,2026-03-22 00:00:00+00:00,186.76,succeeded,2
CUST-01123,2026-02-20 00:00:00+00:00,177.42,failed,8
CUST-01123,2026-01-21 00:00:00+00:00,179.76,succeeded,2
CUST-01123,2025-12-22 00:00:00+00:00,187.68,succeeded,2
CUST-01123,2025-11-22 00:00:00+00:00,185.85,succeeded,1
CUST-01124,2026-04-21 00:00:00+00:00,185.6,succeeded,3
CUST-01124,2026-03-22 00:00:00+00:00,196.52,succeeded,1
CUST-01124,2026-02-20 00:00:00+00:00,177.23,succeeded,0
CUST-01124,2026-01-21 00:00:00+00:00,190.3,failed,1
CUST-01124,2025-12-22 00:00:00+00:00,188.08,succeeded,1
CUST-01124,2025-11-22 00:00:00+00:00,190.48,succeeded,3
CUST-01125,2026-04-21 00:00:00+00:00,194.62,succeeded,0
CUST-01125,2026-03-22 00:00:00+00:00,197.52,succeeded,3
CUST-01125,2026-02-20 00:00:00+00:00,192.36,succeeded,3
CUST-01125,2026-01-21 00:00:00+00:00,197.68,succeeded,2
CUST-01125,2025-12-22 00:00:00+00:00,197.76,succeeded,2
CUST-01125,2025-11-22 00:00:00+00:00,194.01,succeeded,3
CUST-01126,2026-04-21 00:00:00+00:00,93.82,succeeded,3
CUST-01126,2026-03-22 00:00:00+00:00,92.98,succeeded,0
CUST-01126,2026-02-20 00:00:00+00:00,91.21,succeeded,1
CUST-01126,2026-01-21 00:00:00+00:00,93.64,succeeded,1
CUST-01126,2025-12-22 00:00:00+00:00,273.69,succeeded,1
CUST-01126,2025-11-22 00:00:00+00:00,98.41,succeeded,0
CUST-01127,2026-03-22 00:00:00+00:00,37.85,succeeded,2
CUST-01127,2026-02-20 00:00:00+00:00,31.22,succeeded,1
CUST-01127,2026-01-21 00:00:00+00:00,37.22,succeeded,2
CUST-01127,2025-12-22 00:00:00+00:00,36.34,succeeded,1
CUST-01127,2025-11-22 00:00:00+00:00,47.94,succeeded,2
CUST-01128,2026-03-22 00:00:00+00:00,16.32,succeeded,2
CUST-01128,2026-02-20 00:00:00+00:00,18.42,succeeded,2
CUST-01128,2026-01-21 00:00:00+00:00,11.65,succeeded,3
CUST-01128,2025-12-22 00:00:00+00:00,15.0,succeeded,0
CUST-01128,2025-11-22 00:00:00+00:00,10.0,succeeded,3
CUST-01129,2026-04-21 00:00:00+00:00,44.37,failed,11
CUST-01129,2026-03-22 00:00:00+00:00,53.4,succeeded,2
CUST-01129,2026-02-20 00:00:00+00:00,61.83,failed,1
CUST-01129,2026-01-21 00:00:00+00:00,54.67,succeeded,2
CUST-01129,2025-12-22 00:00:00+00:00,49.64,succeeded,0
CUST-01129,2025-11-22 00:00:00+00:00,56.87,succeeded,3
CUST-01130,2026-04-21 00:00:00+00:00,91.37,succeeded,3
CUST-01130,2026-03-22 00:00:00+00:00,90.29,succeeded,3
CUST-01130,2026-02-20 00:00:00+00:00,91.07,succeeded,2
CUST-01130,2026-01-21 00:00:00+00:00,88.86,succeeded,1
CUST-01130,2025-12-22 00:00:00+00:00,78.4,succeeded,3
CUST-01130,2025-11-22 00:00:00+00:00,80.77,succeeded,1
CUST-01131,2026-04-21 00:00:00+00:00,83.15,succeeded,2
CUST-01131,2026-03-22 00:00:00+00:00,75.02,failed,0
CUST-01131,2026-02-20 00:00:00+00:00,80.57,failed,9
CUST-01131,2026-01-21 00:00:00+00:00,78.72,succeeded,2
CUST-01131,2025-12-22 00:00:00+00:00,67.59,succeeded,0
CUST-01131,2025-11-22 00:00:00+00:00,75.6,succeeded,1
CUST-01132,2026-04-21 00:00:00+00:00,91.88,failed,11
CUST-01132,2026-03-22 00:00:00+00:00,87.63,succeeded,1
CUST-01132,2026-02-20 00:00:00+00:00,86.47,succeeded,2
CUST-01132,2026-01-21 00:00:00+00:00,86.15,succeeded,3
CUST-01132,2025-12-22 00:00:00+00:00,87.07,succeeded,1
CUST-01132,2025-11-22 00:00:00+00:00,84.98,succeeded,2
CUST-01133,2026-04-21 00:00:00+00:00,20.97,succeeded,3
CUST-01133,2026-03-22 00:00:00+00:00,23.14,succeeded,0
CUST-01133,2026-02-20 00:00:00+00:00,12.53,succeeded,2
CUST-01133,2026-01-21 00:00:00+00:00,25.51,succeeded,1
CUST-01133,2025-12-22 00:00:00+00:00,28.44,succeeded,3
CUST-01133,2025-11-22 00:00:00+00:00,23.07,succeeded,3
CUST-01134,2026-04-21 00:00:00+00:00,83.74,succeeded,2
CUST-01134,2026-03-22 00:00:00+00:00,82.0,succeeded,2
CUST-01134,2026-02-20 00:00:00+00:00,72.49,succeeded,0
CUST-01134,2026-01-21 00:00:00+00:00,75.25,succeeded,2
CUST-01134,2025-12-22 00:00:00+00:00,81.84,succeeded,1
CUST-01134,2025-11-22 00:00:00+00:00,86.18,failed,2
CUST-01135,2026-03-22 00:00:00+00:00,30.44,succeeded,1
CUST-01135,2026-02-20 00:00:00+00:00,31.67,succeeded,0
CUST-01135,2026-01-21 00:00:00+00:00,40.81,succeeded,2
CUST-01135,2025-12-22 00:00:00+00:00,29.81,succeeded,0
CUST-01135,2025-11-22 00:00:00+00:00,42.04,succeeded,3
CUST-01136,2026-03-22 00:00:00+00:00,35.8,succeeded,0
CUST-01136,2026-02-20 00:00:00+00:00,17.36,succeeded,1
CUST-01136,2026-01-21 00:00:00+00:00,26.16,succeeded,1
CUST-01136,2025-12-22 00:00:00+00:00,23.49,succeeded,1
CUST-01136,2025-11-22 00:00:00+00:00,17.58,failed,11
CUST-01137,2026-03-22 00:00:00+00:00,30.73,succeeded,1
CUST-01137,2026-02-20 00:00:00+00:00,20.16,succeeded,1
CUST-01137,2026-01-21 00:00:00+00:00,22.7,failed,3
CUST-01137,2025-12-22 00:00:00+00:00,32.07,succeeded,3
CUST-01137,2025-11-22 00:00:00+00:00,20.48,succeeded,1
CUST-01138,2026-04-21 00:00:00+00:00,37.75,succeeded,0
CUST-01138,2026-03-22 00:00:00+00:00,17.53,succeeded,2
CUST-01138,2026-02-20 00:00:00+00:00,24.46,failed,8
CUST-01138,2026-01-21 00:00:00+00:00,24.48,failed,11
CUST-01138,2025-12-22 00:00:00+00:00,37.55,succeeded,3
CUST-01138,2025-11-22 00:00:00+00:00,29.41,succeeded,3
CUST-01139,2026-03-22 00:00:00+00:00,204.3,succeeded,3
CUST-01139,2026-02-20 00:00:00+00:00,199.05,succeeded,0
CUST-01139,2026-01-21 00:00:00+00:00,200.24,succeeded,0
CUST-01139,2025-12-22 00:00:00+00:00,211.13,succeeded,1
CUST-01139,2025-11-22 00:00:00+00:00,199.96,succeeded,0
CUST-01140,2026-04-21 00:00:00+00:00,31.6,succeeded,2
CUST-01140,2026-03-22 00:00:00+00:00,26.87,succeeded,0
CUST-01140,2026-02-20 00:00:00+00:00,26.26,succeeded,3
CUST-01140,2026-01-21 00:00:00+00:00,19.37,succeeded,0
CUST-01140,2025-12-22 00:00:00+00:00,28.93,succeeded,1
CUST-01140,2025-11-22 00:00:00+00:00,38.23,succeeded,2
CUST-01141,2026-04-21 00:00:00+00:00,40.88,succeeded,2
CUST-01141,2026-03-22 00:00:00+00:00,41.73,succeeded,2
CUST-01141,2026-02-20 00:00:00+00:00,39.98,succeeded,2
CUST-01141,2026-01-21 00:00:00+00:00,37.02,succeeded,0
CUST-01141,2025-12-22 00:00:00+00:00,26.92,succeeded,0
CUST-01141,2025-11-22 00:00:00+00:00,44.91,succeeded,3
CUST-01142,2026-04-21 00:00:00+00:00,71.57,succeeded,1
CUST-01142,2026-03-22 00:00:00+00:00,79.69,succeeded,2
CUST-01142,2026-02-20 00:00:00+00:00,73.98,succeeded,2
CUST-01142,2026-01-21 00:00:00+00:00,71.48,succeeded,3
CUST-01142,2025-12-22 00:00:00+00:00,75.36,succeeded,2
CUST-01142,2025-11-22 00:00:00+00:00,78.11,succeeded,3
CUST-01143,2026-04-21 00:00:00+00:00,66.41,succeeded,2
CUST-01143,2026-03-22 00:00:00+00:00,69.72,succeeded,2
CUST-01143,2026-02-20 00:00:00+00:00,74.24,succeeded,1
CUST-01143,2026-01-21 00:00:00+00:00,75.42,succeeded,2
CUST-01143,2025-12-22 00:00:00+00:00,78.13,succeeded,2
CUST-01143,2025-11-22 00:00:00+00:00,66.29,succeeded,3
CUST-01144,2026-04-21 00:00:00+00:00,51.1,succeeded,0
CUST-01144,2026-03-22 00:00:00+00:00,36.41,failed,13
CUST-01144,2026-02-20 00:00:00+00:00,47.97,succeeded,3
CUST-01144,2026-01-21 00:00:00+00:00,50.76,succeeded,2
CUST-01144,2025-12-22 00:00:00+00:00,44.17,succeeded,0
CUST-01144,2025-11-22 00:00:00+00:00,39.72,succeeded,3
CUST-01145,2026-03-22 00:00:00+00:00,23.47,succeeded,0
CUST-01145,2026-02-20 00:00:00+00:00,26.66,succeeded,0
CUST-01145,2026-01-21 00:00:00+00:00,30.27,succeeded,3
CUST-01145,2025-12-22 00:00:00+00:00,21.08,failed,8
CUST-01145,2025-11-22 00:00:00+00:00,22.93,failed,8
CUST-01146,2026-04-21 00:00:00+00:00,21.98,failed,8
CUST-01146,2026-03-22 00:00:00+00:00,28.7,succeeded,2
CUST-01146,2026-02-20 00:00:00+00:00,26.57,succeeded,2
CUST-01146,2026-01-21 00:00:00+00:00,31.32,succeeded,2
CUST-01146,2025-12-22 00:00:00+00:00,23.87,succeeded,1
CUST-01146,2025-11-22 00:00:00+00:00,20.73,succeeded,2
CUST-01147,2026-04-21 00:00:00+00:00,76.86,succeeded,3
CUST-01147,2026-03-22 00:00:00+00:00,87.96,succeeded,3
CUST-01147,2026-02-20 00:00:00+00:00,73.55,succeeded,2
CUST-01147,2026-01-21 00:00:00+00:00,76.3,succeeded,1
CUST-01147,2025-12-22 00:00:00+00:00,75.36,succeeded,1
CUST-01147,2025-11-22 00:00:00+00:00,79.12,succeeded,2
CUST-01148,2026-04-21 00:00:00+00:00,23.27,succeeded,0
CUST-01148,2026-03-22 00:00:00+00:00,23.93,succeeded,1
CUST-01148,2026-02-20 00:00:00+00:00,21.2,succeeded,3
CUST-01148,2026-01-21 00:00:00+00:00,34.92,succeeded,2
CUST-01148,2025-12-22 00:00:00+00:00,30.19,succeeded,3
CUST-01148,2025-11-22 00:00:00+00:00,24.93,succeeded,2
CUST-01149,2026-04-21 00:00:00+00:00,31.31,succeeded,2
CUST-01149,2026-03-22 00:00:00+00:00,26.39,succeeded,0
CUST-01149,2026-02-20 00:00:00+00:00,24.6,succeeded,1
CUST-01149,2026-01-21 00:00:00+00:00,21.65,succeeded,3
CUST-01149,2025-12-22 00:00:00+00:00,24.37,succeeded,2
CUST-01149,2025-11-22 00:00:00+00:00,24.32,succeeded,3
CUST-01150,2026-04-21 00:00:00+00:00,32.24,succeeded,0
CUST-01150,2026-03-22 00:00:00+00:00,19.33,succeeded,0
CUST-01150,2026-02-20 00:00:00+00:00,27.23,succeeded,1
CUST-01150,2026-01-21 00:00:00+00:00,16.01,succeeded,0
CUST-01150,2025-12-22 00:00:00+00:00,30.84,succeeded,3
CUST-01150,2025-11-22 00:00:00+00:00,27.78,succeeded,0
CUST-01151,2026-04-21 00:00:00+00:00,78.65,succeeded,0
CUST-01151,2026-03-22 00:00:00+00:00,77.97,succeeded,3
CUST-01151,2026-02-20 00:00:00+00:00,87.33,succeeded,1
CUST-01151,2026-01-21 00:00:00+00:00,75.3,succeeded,1
CUST-01151,2025-12-22 00:00:00+00:00,73.21,succeeded,0
CUST-01151,2025-11-22 00:00:00+00:00,75.69,succeeded,2
CUST-01152,2026-04-21 00:00:00+00:00,34.68,succeeded,1
CUST-01152,2026-03-22 00:00:00+00:00,23.39,succeeded,3
CUST-01152,2026-02-20 00:00:00+00:00,25.98,failed,4
CUST-01152,2026-01-21 00:00:00+00:00,38.57,succeeded,1
CUST-01152,2025-12-22 00:00:00+00:00,31.6,succeeded,2
CUST-01152,2025-11-22 00:00:00+00:00,22.78,succeeded,1
CUST-01153,2026-03-22 00:00:00+00:00,60.89,succeeded,2
CUST-01153,2026-02-20 00:00:00+00:00,60.48,succeeded,2
CUST-01153,2026-01-21 00:00:00+00:00,62.67,succeeded,1
CUST-01153,2025-12-22 00:00:00+00:00,57.27,succeeded,3
CUST-01153,2025-11-22 00:00:00+00:00,60.38,succeeded,1
CUST-01154,2026-04-21 00:00:00+00:00,45.07,succeeded,1
CUST-01154,2026-03-22 00:00:00+00:00,43.74,succeeded,3
CUST-01154,2026-02-20 00:00:00+00:00,43.89,succeeded,1
CUST-01154,2026-01-21 00:00:00+00:00,42.66,succeeded,0
CUST-01154,2025-12-22 00:00:00+00:00,40.82,succeeded,2
CUST-01154,2025-11-22 00:00:00+00:00,44.11,succeeded,2
CUST-01155,2026-03-22 00:00:00+00:00,70.15,succeeded,3
CUST-01155,2026-02-20 00:00:00+00:00,74.17,succeeded,1
CUST-01155,2026-01-21 00:00:00+00:00,86.33,succeeded,3
CUST-01155,2025-12-22 00:00:00+00:00,75.23,succeeded,2
CUST-01155,2025-11-22 00:00:00+00:00,69.66,failed,3
CUST-01156,2026-04-21 00:00:00+00:00,40.32,succeeded,2
CUST-01156,2026-03-22 00:00:00+00:00,34.18,succeeded,3
CUST-01156,2026-02-20 00:00:00+00:00,33.71,succeeded,1
CUST-01156,2026-01-21 00:00:00+00:00,29.15,succeeded,3
CUST-01156,2025-12-22 00:00:00+00:00,29.49,succeeded,0
CUST-01156,2025-11-22 00:00:00+00:00,34.53,succeeded,0
CUST-01157,2026-03-22 00:00:00+00:00,16.55,succeeded,2
CUST-01157,2026-02-20 00:00:00+00:00,20.35,succeeded,0
CUST-01157,2026-01-21 00:00:00+00:00,23.14,succeeded,3
CUST-01157,2025-12-22 00:00:00+00:00,19.73,succeeded,0
CUST-01157,2025-11-22 00:00:00+00:00,19.45,succeeded,2
CUST-01158,2026-03-22 00:00:00+00:00,22.65,succeeded,3
CUST-01158,2026-02-20 00:00:00+00:00,21.43,failed,10
CUST-01158,2026-01-21 00:00:00+00:00,25.72,succeeded,1
CUST-01158,2025-12-22 00:00:00+00:00,24.29,succeeded,1
CUST-01158,2025-11-22 00:00:00+00:00,24.33,failed,4
CUST-01159,2026-04-21 00:00:00+00:00,76.19,succeeded,0
CUST-01159,2026-03-22 00:00:00+00:00,76.73,succeeded,1
CUST-01159,2026-02-20 00:00:00+00:00,64.93,succeeded,3
CUST-01159,2026-01-21 00:00:00+00:00,76.77,succeeded,2
CUST-01159,2025-12-22 00:00:00+00:00,76.44,succeeded,0
CUST-01159,2025-11-22 00:00:00+00:00,75.0,succeeded,1
CUST-01160,2026-03-22 00:00:00+00:00,216.24,succeeded,2
CUST-01160,2026-02-20 00:00:00+00:00,205.35,succeeded,1
CUST-01160,2026-01-21 00:00:00+00:00,208.06,failed,14
CUST-01160,2025-12-22 00:00:00+00:00,209.61,succeeded,2
CUST-01160,2025-11-22 00:00:00+00:00,207.74,succeeded,1
CUST-01161,2026-03-22 00:00:00+00:00,16.85,failed,4
CUST-01161,2026-02-20 00:00:00+00:00,18.91,failed,4
CUST-01161,2026-01-21 00:00:00+00:00,24.81,succeeded,1
CUST-01161,2025-12-22 00:00:00+00:00,29.28,failed,4
CUST-01161,2025-11-22 00:00:00+00:00,21.59,failed,9
CUST-01162,2026-03-22 00:00:00+00:00,26.66,succeeded,2
CUST-01162,2026-02-20 00:00:00+00:00,33.44,succeeded,2
CUST-01162,2026-01-21 00:00:00+00:00,28.9,succeeded,0
CUST-01162,2025-12-22 00:00:00+00:00,38.6,succeeded,3
CUST-01162,2025-11-22 00:00:00+00:00,30.34,succeeded,0
CUST-01163,2026-04-21 00:00:00+00:00,195.65,succeeded,1
CUST-01163,2026-03-22 00:00:00+00:00,190.73,succeeded,0
CUST-01163,2026-02-20 00:00:00+00:00,193.1,succeeded,2
CUST-01163,2026-01-21 00:00:00+00:00,190.33,succeeded,0
CUST-01163,2025-12-22 00:00:00+00:00,188.39,succeeded,2
CUST-01163,2025-11-22 00:00:00+00:00,203.26,succeeded,3
CUST-01164,2026-04-21 00:00:00+00:00,88.69,succeeded,0
CUST-01164,2026-03-22 00:00:00+00:00,74.02,succeeded,1
CUST-01164,2026-02-20 00:00:00+00:00,71.14,succeeded,0
CUST-01164,2026-01-21 00:00:00+00:00,78.82,succeeded,3
CUST-01164,2025-12-22 00:00:00+00:00,80.72,succeeded,2
CUST-01164,2025-11-22 00:00:00+00:00,78.19,succeeded,2
CUST-01165,2026-03-22 00:00:00+00:00,19.09,failed,10
CUST-01165,2026-02-20 00:00:00+00:00,24.5,succeeded,3
CUST-01165,2026-01-21 00:00:00+00:00,26.38,succeeded,1
CUST-01165,2025-12-22 00:00:00+00:00,19.16,succeeded,0
CUST-01165,2025-11-22 00:00:00+00:00,23.78,failed,10
CUST-01166,2026-03-22 00:00:00+00:00,35.93,succeeded,1
CUST-01166,2026-02-20 00:00:00+00:00,35.43,failed,2
CUST-01166,2026-01-21 00:00:00+00:00,47.13,succeeded,3
CUST-01166,2025-12-22 00:00:00+00:00,46.26,succeeded,2
CUST-01166,2025-11-22 00:00:00+00:00,31.7,succeeded,1
CUST-01167,2026-04-21 00:00:00+00:00,65.25,failed,3
CUST-01167,2026-03-22 00:00:00+00:00,70.74,succeeded,0
CUST-01167,2026-02-20 00:00:00+00:00,52.49,succeeded,1
CUST-01167,2026-01-21 00:00:00+00:00,68.57,succeeded,3
CUST-01167,2025-12-22 00:00:00+00:00,64.17,succeeded,0
CUST-01167,2025-11-22 00:00:00+00:00,53.46,succeeded,2
CUST-01168,2026-04-21 00:00:00+00:00,70.67,succeeded,1
CUST-01168,2026-03-22 00:00:00+00:00,73.3,succeeded,3
CUST-01168,2026-02-20 00:00:00+00:00,69.63,succeeded,3
CUST-01168,2026-01-21 00:00:00+00:00,69.15,succeeded,0
CUST-01168,2025-12-22 00:00:00+00:00,64.63,succeeded,2
CUST-01168,2025-11-22 00:00:00+00:00,73.15,succeeded,1
CUST-01169,2026-03-22 00:00:00+00:00,62.38,succeeded,2
CUST-01169,2026-02-20 00:00:00+00:00,58.99,succeeded,3
CUST-01169,2026-01-21 00:00:00+00:00,48.24,succeeded,2
CUST-01169,2025-12-22 00:00:00+00:00,63.08,succeeded,2
CUST-01169,2025-11-22 00:00:00+00:00,60.63,succeeded,2
CUST-01170,2026-04-21 00:00:00+00:00,188.51,succeeded,0
CUST-01170,2026-03-22 00:00:00+00:00,189.28,succeeded,0
CUST-01170,2026-02-20 00:00:00+00:00,192.2,succeeded,3
CUST-01170,2026-01-21 00:00:00+00:00,187.55,succeeded,1
CUST-01170,2025-12-22 00:00:00+00:00,191.27,succeeded,1
CUST-01170,2025-11-22 00:00:00+00:00,188.93,succeeded,0
CUST-01171,2026-03-22 00:00:00+00:00,16.25,succeeded,3
CUST-01171,2026-02-20 00:00:00+00:00,22.14,succeeded,1
CUST-01171,2026-01-21 00:00:00+00:00,32.79,succeeded,3
CUST-01171,2025-12-22 00:00:00+00:00,26.55,succeeded,2
CUST-01171,2025-11-22 00:00:00+00:00,24.07,succeeded,1
CUST-01172,2026-03-22 00:00:00+00:00,10.0,succeeded,1
CUST-01172,2026-02-20 00:00:00+00:00,17.64,succeeded,3
CUST-01172,2026-01-21 00:00:00+00:00,17.14,succeeded,2
CUST-01172,2025-12-22 00:00:00+00:00,18.57,succeeded,0
CUST-01172,2025-11-22 00:00:00+00:00,25.44,failed,7
CUST-01173,2026-03-22 00:00:00+00:00,24.54,succeeded,2
CUST-01173,2026-02-20 00:00:00+00:00,19.11,failed,10
CUST-01173,2026-01-21 00:00:00+00:00,20.51,succeeded,1
CUST-01173,2025-12-22 00:00:00+00:00,24.37,succeeded,2
CUST-01173,2025-11-22 00:00:00+00:00,20.13,succeeded,0
CUST-01174,2026-03-22 00:00:00+00:00,22.31,succeeded,2
CUST-01174,2026-02-20 00:00:00+00:00,10.54,succeeded,2
CUST-01174,2026-01-21 00:00:00+00:00,11.15,failed,13
CUST-01174,2025-12-22 00:00:00+00:00,21.22,failed,2
CUST-01174,2025-11-22 00:00:00+00:00,17.76,succeeded,1
CUST-01175,2026-04-21 00:00:00+00:00,14.5,succeeded,0
CUST-01175,2026-03-22 00:00:00+00:00,24.69,succeeded,2
CUST-01175,2026-02-20 00:00:00+00:00,23.46,succeeded,3
CUST-01175,2026-01-21 00:00:00+00:00,24.8,failed,4
CUST-01175,2025-12-22 00:00:00+00:00,23.86,succeeded,1
CUST-01175,2025-11-22 00:00:00+00:00,10.38,succeeded,2
CUST-01176,2026-04-21 00:00:00+00:00,33.29,succeeded,2
CUST-01176,2026-03-22 00:00:00+00:00,39.89,succeeded,2
CUST-01176,2026-02-20 00:00:00+00:00,30.59,succeeded,3
CUST-01176,2026-01-21 00:00:00+00:00,43.79,failed,1
CUST-01176,2025-12-22 00:00:00+00:00,42.29,succeeded,2
CUST-01176,2025-11-22 00:00:00+00:00,36.76,succeeded,3
CUST-01177,2026-03-22 00:00:00+00:00,34.68,succeeded,2
CUST-01177,2026-02-20 00:00:00+00:00,21.48,succeeded,3
CUST-01177,2026-01-21 00:00:00+00:00,34.17,succeeded,1
CUST-01177,2025-12-22 00:00:00+00:00,20.8,succeeded,2
CUST-01177,2025-11-22 00:00:00+00:00,19.69,failed,12
CUST-01178,2026-04-21 00:00:00+00:00,78.07,succeeded,1
CUST-01178,2026-03-22 00:00:00+00:00,86.01,succeeded,0
CUST-01178,2026-02-20 00:00:00+00:00,79.36,succeeded,3
CUST-01178,2026-01-21 00:00:00+00:00,73.62,succeeded,0
CUST-01178,2025-12-22 00:00:00+00:00,77.28,succeeded,2
CUST-01178,2025-11-22 00:00:00+00:00,78.02,succeeded,3
CUST-01179,2026-03-22 00:00:00+00:00,13.22,succeeded,0
CUST-01179,2026-02-20 00:00:00+00:00,17.44,succeeded,2
CUST-01179,2026-01-21 00:00:00+00:00,17.77,succeeded,3
CUST-01179,2025-12-22 00:00:00+00:00,25.85,succeeded,3
CUST-01179,2025-11-22 00:00:00+00:00,27.76,succeeded,2
CUST-01180,2026-03-22 00:00:00+00:00,18.8,succeeded,0
CUST-01180,2026-02-20 00:00:00+00:00,11.05,failed,11
CUST-01180,2026-01-21 00:00:00+00:00,10.0,succeeded,1
CUST-01180,2025-12-22 00:00:00+00:00,17.76,succeeded,2
CUST-01180,2025-11-22 00:00:00+00:00,13.99,succeeded,3
CUST-01181,2026-03-22 00:00:00+00:00,78.62,failed,12
CUST-01181,2026-02-20 00:00:00+00:00,67.6,succeeded,0
CUST-01181,2026-01-21 00:00:00+00:00,63.49,failed,3
CUST-01181,2025-12-22 00:00:00+00:00,76.94,succeeded,2
CUST-01181,2025-11-22 00:00:00+00:00,73.49,succeeded,0
CUST-01182,2026-04-21 00:00:00+00:00,76.13,succeeded,0
CUST-01182,2026-03-22 00:00:00+00:00,87.66,failed,9
CUST-01182,2026-02-20 00:00:00+00:00,77.51,succeeded,0
CUST-01182,2026-01-21 00:00:00+00:00,78.62,succeeded,1
CUST-01182,2025-12-22 00:00:00+00:00,84.15,succeeded,3
CUST-01182,2025-11-22 00:00:00+00:00,76.09,succeeded,2
CUST-01183,2026-04-21 00:00:00+00:00,73.51,succeeded,3
CUST-01183,2026-03-22 00:00:00+00:00,86.02,succeeded,3
CUST-01183,2026-02-20 00:00:00+00:00,94.19,succeeded,0
CUST-01183,2026-01-21 00:00:00+00:00,78.64,succeeded,0
CUST-01183,2025-12-22 00:00:00+00:00,81.02,succeeded,2
CUST-01183,2025-11-22 00:00:00+00:00,89.23,succeeded,2
CUST-01184,2026-03-22 00:00:00+00:00,91.04,failed,10
CUST-01184,2026-02-20 00:00:00+00:00,83.52,succeeded,3
CUST-01184,2026-01-21 00:00:00+00:00,83.18,succeeded,2
CUST-01184,2025-12-22 00:00:00+00:00,86.21,succeeded,1
CUST-01184,2025-11-22 00:00:00+00:00,81.49,succeeded,1
CUST-01185,2026-04-21 00:00:00+00:00,85.65,succeeded,1
CUST-01185,2026-03-22 00:00:00+00:00,86.22,failed,13
CUST-01185,2026-02-20 00:00:00+00:00,86.93,failed,11
CUST-01185,2026-01-21 00:00:00+00:00,81.06,succeeded,0
CUST-01185,2025-12-22 00:00:00+00:00,82.8,succeeded,3
CUST-01185,2025-11-22 00:00:00+00:00,84.54,succeeded,2
CUST-01186,2026-04-21 00:00:00+00:00,26.84,succeeded,3
CUST-01186,2026-03-22 00:00:00+00:00,27.9,succeeded,1
CUST-01186,2026-02-20 00:00:00+00:00,17.09,succeeded,2
CUST-01186,2026-01-21 00:00:00+00:00,27.74,succeeded,0
CUST-01186,2025-12-22 00:00:00+00:00,26.95,failed,2
CUST-01186,2025-11-22 00:00:00+00:00,31.56,succeeded,2
CUST-01187,2026-03-22 00:00:00+00:00,31.35,succeeded,2
CUST-01187,2026-02-20 00:00:00+00:00,27.63,succeeded,2
CUST-01187,2026-01-21 00:00:00+00:00,29.47,succeeded,0
CUST-01187,2025-12-22 00:00:00+00:00,30.87,succeeded,3
CUST-01187,2025-11-22 00:00:00+00:00,29.4,succeeded,3
CUST-01188,2026-03-22 00:00:00+00:00,82.85,succeeded,0
CUST-01188,2026-02-20 00:00:00+00:00,82.21,succeeded,2
CUST-01188,2026-01-21 00:00:00+00:00,74.52,succeeded,2
CUST-01188,2025-12-22 00:00:00+00:00,74.44,succeeded,2
CUST-01188,2025-11-22 00:00:00+00:00,77.89,succeeded,1
CUST-01189,2026-04-21 00:00:00+00:00,27.82,succeeded,1
CUST-01189,2026-03-22 00:00:00+00:00,25.75,succeeded,3
CUST-01189,2026-02-20 00:00:00+00:00,20.79,succeeded,0
CUST-01189,2026-01-21 00:00:00+00:00,23.17,succeeded,0
CUST-01189,2025-12-22 00:00:00+00:00,27.14,succeeded,1
CUST-01189,2025-11-22 00:00:00+00:00,23.47,succeeded,3
CUST-01190,2026-04-21 00:00:00+00:00,50.2,succeeded,3
CUST-01190,2026-03-22 00:00:00+00:00,42.99,succeeded,3
CUST-01190,2026-02-20 00:00:00+00:00,37.73,succeeded,1
CUST-01190,2026-01-21 00:00:00+00:00,50.75,failed,4
CUST-01190,2025-12-22 00:00:00+00:00,56.1,succeeded,3
CUST-01190,2025-11-22 00:00:00+00:00,39.59,succeeded,2
CUST-01191,2026-04-21 00:00:00+00:00,24.19,succeeded,3
CUST-01191,2026-03-22 00:00:00+00:00,13.58,succeeded,0
CUST-01191,2026-02-20 00:00:00+00:00,10.0,succeeded,2
CUST-01191,2026-01-21 00:00:00+00:00,13.95,succeeded,2
CUST-01191,2025-12-22 00:00:00+00:00,15.44,succeeded,2
CUST-01191,2025-11-22 00:00:00+00:00,10.0,succeeded,3
CUST-01192,2026-04-21 00:00:00+00:00,25.15,succeeded,2
CUST-01192,2026-03-22 00:00:00+00:00,21.92,succeeded,0
CUST-01192,2026-02-20 00:00:00+00:00,22.15,succeeded,1
CUST-01192,2026-01-21 00:00:00+00:00,31.33,succeeded,2
CUST-01192,2025-12-22 00:00:00+00:00,31.99,succeeded,2
CUST-01192,2025-11-22 00:00:00+00:00,29.45,succeeded,0
CUST-01193,2026-03-22 00:00:00+00:00,39.96,succeeded,1
CUST-01193,2026-02-20 00:00:00+00:00,40.14,succeeded,0
CUST-01193,2026-01-21 00:00:00+00:00,45.29,succeeded,1
CUST-01193,2025-12-22 00:00:00+00:00,42.22,succeeded,1
CUST-01193,2025-11-22 00:00:00+00:00,50.57,failed,2
CUST-01194,2026-04-21 00:00:00+00:00,17.39,succeeded,2
CUST-01194,2026-03-22 00:00:00+00:00,15.44,succeeded,3
CUST-01194,2026-02-20 00:00:00+00:00,23.91,succeeded,2
CUST-01194,2026-01-21 00:00:00+00:00,10.0,succeeded,3
CUST-01194,2025-12-22 00:00:00+00:00,12.97,succeeded,3
CUST-01194,2025-11-22 00:00:00+00:00,19.51,succeeded,0
CUST-01195,2026-04-21 00:00:00+00:00,76.66,succeeded,0
CUST-01195,2026-03-22 00:00:00+00:00,77.15,succeeded,0
CUST-01195,2026-02-20 00:00:00+00:00,64.43,succeeded,3
CUST-01195,2026-01-21 00:00:00+00:00,66.4,succeeded,3
CUST-01195,2025-12-22 00:00:00+00:00,70.99,succeeded,3
CUST-01195,2025-11-22 00:00:00+00:00,71.19,succeeded,1
CUST-01196,2026-04-21 00:00:00+00:00,205.45,succeeded,3
CUST-01196,2026-03-22 00:00:00+00:00,188.98,succeeded,1
CUST-01196,2026-02-20 00:00:00+00:00,187.12,failed,5
CUST-01196,2026-01-21 00:00:00+00:00,193.32,succeeded,0
CUST-01196,2025-12-22 00:00:00+00:00,199.83,succeeded,0
CUST-01196,2025-11-22 00:00:00+00:00,198.63,succeeded,0
CUST-01197,2026-04-21 00:00:00+00:00,32.71,succeeded,3
CUST-01197,2026-03-22 00:00:00+00:00,20.13,succeeded,2
CUST-01197,2026-02-20 00:00:00+00:00,27.77,succeeded,1
CUST-01197,2026-01-21 00:00:00+00:00,25.01,succeeded,3
CUST-01197,2025-12-22 00:00:00+00:00,31.53,succeeded,3
CUST-01197,2025-11-22 00:00:00+00:00,20.76,succeeded,3
CUST-01198,2026-04-21 00:00:00+00:00,181.45,succeeded,1
CUST-01198,2026-03-22 00:00:00+00:00,187.74,succeeded,0
CUST-01198,2026-02-20 00:00:00+00:00,181.62,succeeded,3
CUST-01198,2026-01-21 00:00:00+00:00,186.56,succeeded,3
CUST-01198,2025-12-22 00:00:00+00:00,194.06,succeeded,1
CUST-01198,2025-11-22 00:00:00+00:00,186.17,succeeded,3
CUST-01199,2026-03-22 00:00:00+00:00,37.21,succeeded,3
CUST-01199,2026-02-20 00:00:00+00:00,29.19,succeeded,1
CUST-01199,2026-01-21 00:00:00+00:00,42.87,succeeded,0
CUST-01199,2025-12-22 00:00:00+00:00,31.38,succeeded,2
CUST-01199,2025-11-22 00:00:00+00:00,33.93,succeeded,0
CUST-01200,2026-04-21 00:00:00+00:00,205.8,failed,3
CUST-01200,2026-03-22 00:00:00+00:00,201.44,failed,9
CUST-01200,2026-02-20 00:00:00+00:00,203.78,succeeded,0
CUST-01200,2026-01-21 00:00:00+00:00,199.05,succeeded,0
CUST-01200,2025-12-22 00:00:00+00:00,210.38,succeeded,3
CUST-01200,2025-11-22 00:00:00+00:00,200.63,succeeded,0
CUST-01201,2026-04-21 00:00:00+00:00,207.03,succeeded,0
CUST-01201,2026-03-22 00:00:00+00:00,194.75,succeeded,1
CUST-01201,2026-02-20 00:00:00+00:00,198.48,succeeded,0
CUST-01201,2026-01-21 00:00:00+00:00,201.68,succeeded,2
CUST-01201,2025-12-22 00:00:00+00:00,192.47,succeeded,0
CUST-01201,2025-11-22 00:00:00+00:00,202.15,succeeded,1
CUST-01202,2026-03-22 00:00:00+00:00,17.56,succeeded,0
CUST-01202,2026-02-20 00:00:00+00:00,28.08,succeeded,0
CUST-01202,2026-01-21 00:00:00+00:00,15.7,succeeded,2
CUST-01202,2025-12-22 00:00:00+00:00,25.87,succeeded,2
CUST-01202,2025-11-22 00:00:00+00:00,29.21,succeeded,0
CUST-01203,2026-04-21 00:00:00+00:00,75.39,succeeded,3
CUST-01203,2026-03-22 00:00:00+00:00,74.21,succeeded,3
CUST-01203,2026-02-20 00:00:00+00:00,76.42,succeeded,0
CUST-01203,2026-01-21 00:00:00+00:00,74.13,succeeded,3
CUST-01203,2025-12-22 00:00:00+00:00,72.25,succeeded,2
CUST-01203,2025-11-22 00:00:00+00:00,80.24,succeeded,1
CUST-01204,2026-04-21 00:00:00+00:00,191.32,succeeded,2
CUST-01204,2026-03-22 00:00:00+00:00,549.21,succeeded,3
CUST-01204,2026-02-20 00:00:00+00:00,181.97,succeeded,2
CUST-01204,2026-01-21 00:00:00+00:00,191.12,failed,1
CUST-01204,2025-12-22 00:00:00+00:00,191.56,succeeded,1
CUST-01204,2025-11-22 00:00:00+00:00,192.52,succeeded,0
CUST-01205,2026-04-21 00:00:00+00:00,195.99,succeeded,3
CUST-01205,2026-03-22 00:00:00+00:00,191.18,succeeded,0
CUST-01205,2026-02-20 00:00:00+00:00,201.88,succeeded,1
CUST-01205,2026-01-21 00:00:00+00:00,195.3,succeeded,0
CUST-01205,2025-12-22 00:00:00+00:00,196.37,succeeded,3
CUST-01205,2025-11-22 00:00:00+00:00,198.19,succeeded,0
CUST-01206,2026-04-21 00:00:00+00:00,217.12,failed,14
CUST-01206,2026-03-22 00:00:00+00:00,213.05,failed,9
CUST-01206,2026-02-20 00:00:00+00:00,215.56,succeeded,0
CUST-01206,2026-01-21 00:00:00+00:00,221.39,failed,6
CUST-01206,2025-12-22 00:00:00+00:00,216.76,succeeded,2
CUST-01206,2025-11-22 00:00:00+00:00,213.27,succeeded,1
CUST-01207,2026-04-21 00:00:00+00:00,75.77,succeeded,0
CUST-01207,2026-03-22 00:00:00+00:00,86.44,succeeded,3
CUST-01207,2026-02-20 00:00:00+00:00,78.8,succeeded,1
CUST-01207,2026-01-21 00:00:00+00:00,80.74,succeeded,0
CUST-01207,2025-12-22 00:00:00+00:00,80.93,succeeded,2
CUST-01207,2025-11-22 00:00:00+00:00,81.55,succeeded,0
CUST-01208,2026-04-21 00:00:00+00:00,32.1,succeeded,0
CUST-01208,2026-03-22 00:00:00+00:00,18.88,succeeded,2
CUST-01208,2026-02-20 00:00:00+00:00,19.77,succeeded,1
CUST-01208,2026-01-21 00:00:00+00:00,19.61,succeeded,1
CUST-01208,2025-12-22 00:00:00+00:00,23.18,succeeded,0
CUST-01208,2025-11-22 00:00:00+00:00,23.94,succeeded,1
CUST-01209,2026-04-21 00:00:00+00:00,78.44,succeeded,2
CUST-01209,2026-03-22 00:00:00+00:00,79.34,succeeded,3
CUST-01209,2026-02-20 00:00:00+00:00,77.4,succeeded,1
CUST-01209,2026-01-21 00:00:00+00:00,80.06,succeeded,3
CUST-01209,2025-12-22 00:00:00+00:00,79.25,succeeded,2
CUST-01209,2025-11-22 00:00:00+00:00,83.57,succeeded,0
CUST-01210,2026-04-21 00:00:00+00:00,61.27,failed,8
CUST-01210,2026-03-22 00:00:00+00:00,65.77,succeeded,3
CUST-01210,2026-02-20 00:00:00+00:00,72.16,succeeded,1
CUST-01210,2026-01-21 00:00:00+00:00,73.04,failed,12
CUST-01210,2025-12-22 00:00:00+00:00,67.78,succeeded,3
CUST-01210,2025-11-22 00:00:00+00:00,66.18,succeeded,3
CUST-01211,2026-04-21 00:00:00+00:00,63.98,succeeded,2
CUST-01211,2026-03-22 00:00:00+00:00,66.84,succeeded,2
CUST-01211,2026-02-20 00:00:00+00:00,81.51,succeeded,2
CUST-01211,2026-01-21 00:00:00+00:00,65.56,succeeded,0
CUST-01211,2025-12-22 00:00:00+00:00,75.44,succeeded,2
CUST-01211,2025-11-22 00:00:00+00:00,71.16,succeeded,1
CUST-01212,2026-03-22 00:00:00+00:00,29.23,succeeded,1
CUST-01212,2026-02-20 00:00:00+00:00,18.48,succeeded,0
CUST-01212,2026-01-21 00:00:00+00:00,14.99,succeeded,2
CUST-01212,2025-12-22 00:00:00+00:00,28.62,succeeded,2
CUST-01212,2025-11-22 00:00:00+00:00,28.65,succeeded,2
CUST-01213,2026-04-21 00:00:00+00:00,64.32,failed,13
CUST-01213,2026-03-22 00:00:00+00:00,75.93,succeeded,3
CUST-01213,2026-02-20 00:00:00+00:00,71.75,succeeded,0
CUST-01213,2026-01-21 00:00:00+00:00,71.18,succeeded,0
CUST-01213,2025-12-22 00:00:00+00:00,80.55,succeeded,2
CUST-01213,2025-11-22 00:00:00+00:00,70.58,failed,1
CUST-01214,2026-04-21 00:00:00+00:00,37.63,succeeded,3
CUST-01214,2026-03-22 00:00:00+00:00,35.7,succeeded,1
CUST-01214,2026-02-20 00:00:00+00:00,25.77,succeeded,3
CUST-01214,2026-01-21 00:00:00+00:00,37.09,succeeded,1
CUST-01214,2025-12-22 00:00:00+00:00,30.13,succeeded,0
CUST-01214,2025-11-22 00:00:00+00:00,35.25,succeeded,1
CUST-01215,2026-04-21 00:00:00+00:00,88.68,failed,11
CUST-01215,2026-03-22 00:00:00+00:00,83.53,succeeded,2
CUST-01215,2026-02-20 00:00:00+00:00,80.94,failed,7
CUST-01215,2026-01-21 00:00:00+00:00,88.56,succeeded,0
CUST-01215,2025-12-22 00:00:00+00:00,230.94,succeeded,0
CUST-01215,2025-11-22 00:00:00+00:00,78.31,succeeded,3
CUST-01216,2026-03-22 00:00:00+00:00,35.81,succeeded,2
CUST-01216,2026-02-20 00:00:00+00:00,31.99,succeeded,1
CUST-01216,2026-01-21 00:00:00+00:00,34.04,succeeded,2
CUST-01216,2025-12-22 00:00:00+00:00,29.32,failed,1
CUST-01216,2025-11-22 00:00:00+00:00,45.22,succeeded,3
CUST-01217,2026-04-21 00:00:00+00:00,73.15,succeeded,2
CUST-01217,2026-03-22 00:00:00+00:00,65.38,succeeded,2
CUST-01217,2026-02-20 00:00:00+00:00,60.15,succeeded,3
CUST-01217,2026-01-21 00:00:00+00:00,63.47,failed,3
CUST-01217,2025-12-22 00:00:00+00:00,68.99,succeeded,3
CUST-01217,2025-11-22 00:00:00+00:00,66.64,succeeded,3
CUST-01218,2026-03-22 00:00:00+00:00,72.49,succeeded,1
CUST-01218,2026-02-20 00:00:00+00:00,68.82,succeeded,1
CUST-01218,2026-01-21 00:00:00+00:00,77.35,failed,6
CUST-01218,2025-12-22 00:00:00+00:00,75.26,succeeded,0
CUST-01218,2025-11-22 00:00:00+00:00,73.39,succeeded,3
CUST-01219,2026-03-22 00:00:00+00:00,23.92,succeeded,2
CUST-01219,2026-02-20 00:00:00+00:00,35.78,succeeded,3
CUST-01219,2026-01-21 00:00:00+00:00,25.16,succeeded,0
CUST-01219,2025-12-22 00:00:00+00:00,24.6,succeeded,2
CUST-01219,2025-11-22 00:00:00+00:00,37.26,succeeded,3
CUST-01220,2026-04-21 00:00:00+00:00,76.06,succeeded,2
CUST-01220,2026-03-22 00:00:00+00:00,229.32,succeeded,3
CUST-01220,2026-02-20 00:00:00+00:00,73.31,succeeded,1
CUST-01220,2026-01-21 00:00:00+00:00,73.0,succeeded,0
CUST-01220,2025-12-22 00:00:00+00:00,74.51,succeeded,3
CUST-01220,2025-11-22 00:00:00+00:00,80.85,succeeded,0
CUST-01221,2026-03-22 00:00:00+00:00,31.65,succeeded,0
CUST-01221,2026-02-20 00:00:00+00:00,30.76,succeeded,3
CUST-01221,2026-01-21 00:00:00+00:00,28.01,succeeded,0
CUST-01221,2025-12-22 00:00:00+00:00,20.69,succeeded,2
CUST-01221,2025-11-22 00:00:00+00:00,23.72,succeeded,2
CUST-01222,2026-04-21 00:00:00+00:00,211.23,succeeded,3
CUST-01222,2026-03-22 00:00:00+00:00,205.17,succeeded,2
CUST-01222,2026-02-20 00:00:00+00:00,204.77,succeeded,2
CUST-01222,2026-01-21 00:00:00+00:00,198.44,succeeded,0
CUST-01222,2025-12-22 00:00:00+00:00,211.99,succeeded,0
CUST-01222,2025-11-22 00:00:00+00:00,203.07,succeeded,0
CUST-01223,2026-04-21 00:00:00+00:00,77.25,succeeded,1
CUST-01223,2026-03-22 00:00:00+00:00,68.5,succeeded,3
CUST-01223,2026-02-20 00:00:00+00:00,78.47,succeeded,2
CUST-01223,2026-01-21 00:00:00+00:00,71.45,succeeded,0
CUST-01223,2025-12-22 00:00:00+00:00,67.92,succeeded,1
CUST-01223,2025-11-22 00:00:00+00:00,76.46,failed,11
CUST-01224,2026-04-21 00:00:00+00:00,26.68,succeeded,3
CUST-01224,2026-03-22 00:00:00+00:00,27.8,succeeded,3
CUST-01224,2026-02-20 00:00:00+00:00,29.37,succeeded,3
CUST-01224,2026-01-21 00:00:00+00:00,32.87,succeeded,3
CUST-01224,2025-12-22 00:00:00+00:00,32.75,succeeded,0
CUST-01224,2025-11-22 00:00:00+00:00,22.45,failed,5
CUST-01225,2026-03-22 00:00:00+00:00,33.07,succeeded,0
CUST-01225,2026-02-20 00:00:00+00:00,36.86,succeeded,2
CUST-01225,2026-01-21 00:00:00+00:00,41.47,succeeded,0
CUST-01225,2025-12-22 00:00:00+00:00,39.12,succeeded,2
CUST-01225,2025-11-22 00:00:00+00:00,43.58,succeeded,1
CUST-01226,2026-04-21 00:00:00+00:00,33.71,succeeded,0
CUST-01226,2026-03-22 00:00:00+00:00,38.53,succeeded,3
CUST-01226,2026-02-20 00:00:00+00:00,29.59,succeeded,1
CUST-01226,2026-01-21 00:00:00+00:00,22.86,succeeded,0
CUST-01226,2025-12-22 00:00:00+00:00,26.12,succeeded,2
CUST-01226,2025-11-22 00:00:00+00:00,89.69999999999999,failed,9
CUST-01227,2026-04-21 00:00:00+00:00,41.6,failed,11
CUST-01227,2026-03-22 00:00:00+00:00,27.46,succeeded,1
CUST-01227,2026-02-20 00:00:00+00:00,39.69,succeeded,1
CUST-01227,2026-01-21 00:00:00+00:00,37.62,succeeded,1
CUST-01227,2025-12-22 00:00:00+00:00,33.56,succeeded,0
CUST-01227,2025-11-22 00:00:00+00:00,41.54,succeeded,3
CUST-01228,2026-03-22 00:00:00+00:00,211.72,succeeded,0
CUST-01228,2026-02-20 00:00:00+00:00,204.64,succeeded,2
CUST-01228,2026-01-21 00:00:00+00:00,203.16,succeeded,3
CUST-01228,2025-12-22 00:00:00+00:00,207.78,succeeded,2
CUST-01228,2025-11-22 00:00:00+00:00,202.79,succeeded,3
CUST-01229,2026-03-22 00:00:00+00:00,64.48,succeeded,2
CUST-01229,2026-02-20 00:00:00+00:00,66.88,succeeded,2
CUST-01229,2026-01-21 00:00:00+00:00,67.18,succeeded,1
CUST-01229,2025-12-22 00:00:00+00:00,68.56,succeeded,2
CUST-01229,2025-11-22 00:00:00+00:00,66.0,succeeded,2
CUST-01230,2026-04-21 00:00:00+00:00,22.37,succeeded,0
CUST-01230,2026-03-22 00:00:00+00:00,32.35,succeeded,1
CUST-01230,2026-02-20 00:00:00+00:00,24.2,succeeded,1
CUST-01230,2026-01-21 00:00:00+00:00,20.83,failed,10
CUST-01230,2025-12-22 00:00:00+00:00,25.93,failed,11
CUST-01230,2025-11-22 00:00:00+00:00,16.05,succeeded,0
CUST-01231,2026-03-22 00:00:00+00:00,186.23,succeeded,2
CUST-01231,2026-02-20 00:00:00+00:00,185.3,succeeded,0
CUST-01231,2026-01-21 00:00:00+00:00,190.38,failed,13
CUST-01231,2025-12-22 00:00:00+00:00,192.34,succeeded,3
CUST-01231,2025-11-22 00:00:00+00:00,195.45,succeeded,3
CUST-01232,2026-04-21 00:00:00+00:00,27.91,succeeded,1
CUST-01232,2026-03-22 00:00:00+00:00,18.36,succeeded,2
CUST-01232,2026-02-20 00:00:00+00:00,24.6,succeeded,3
CUST-01232,2026-01-21 00:00:00+00:00,11.31,failed,13
CUST-01232,2025-12-22 00:00:00+00:00,13.3,succeeded,1
CUST-01232,2025-11-22 00:00:00+00:00,25.62,succeeded,3
CUST-01233,2026-04-21 00:00:00+00:00,202.78,succeeded,1
CUST-01233,2026-03-22 00:00:00+00:00,209.77,succeeded,0
CUST-01233,2026-02-20 00:00:00+00:00,193.01,succeeded,1
CUST-01233,2026-01-21 00:00:00+00:00,203.11,succeeded,2
CUST-01233,2025-12-22 00:00:00+00:00,193.93,succeeded,3
CUST-01233,2025-11-22 00:00:00+00:00,202.75,succeeded,3
CUST-01234,2026-04-21 00:00:00+00:00,38.79,succeeded,1
CUST-01234,2026-03-22 00:00:00+00:00,36.02,succeeded,0
CUST-01234,2026-02-20 00:00:00+00:00,29.63,succeeded,1
CUST-01234,2026-01-21 00:00:00+00:00,30.23,succeeded,1
CUST-01234,2025-12-22 00:00:00+00:00,32.93,succeeded,3
CUST-01234,2025-11-22 00:00:00+00:00,32.65,succeeded,0
CUST-01235,2026-03-22 00:00:00+00:00,85.76,succeeded,3
CUST-01235,2026-02-20 00:00:00+00:00,83.4,succeeded,2
CUST-01235,2026-01-21 00:00:00+00:00,85.25,succeeded,0
CUST-01235,2025-12-22 00:00:00+00:00,98.74,succeeded,2
CUST-01235,2025-11-22 00:00:00+00:00,84.37,succeeded,3
CUST-01236,2026-04-21 00:00:00+00:00,202.97,failed,1
CUST-01236,2026-03-22 00:00:00+00:00,206.54,succeeded,3
CUST-01236,2026-02-20 00:00:00+00:00,587.73,succeeded,3
CUST-01236,2026-01-21 00:00:00+00:00,199.31,succeeded,1
CUST-01236,2025-12-22 00:00:00+00:00,195.82,succeeded,2
CUST-01236,2025-11-22 00:00:00+00:00,199.17,succeeded,2
CUST-01237,2026-03-22 00:00:00+00:00,26.93,succeeded,2
CUST-01237,2026-02-20 00:00:00+00:00,34.81,succeeded,0
CUST-01237,2026-01-21 00:00:00+00:00,21.88,succeeded,2
CUST-01237,2025-12-22 00:00:00+00:00,28.78,failed,9
CUST-01237,2025-11-22 00:00:00+00:00,29.28,succeeded,3
CUST-01238,2026-04-21 00:00:00+00:00,66.21,succeeded,3
CUST-01238,2026-03-22 00:00:00+00:00,56.47,succeeded,2
CUST-01238,2026-02-20 00:00:00+00:00,62.12,succeeded,2
CUST-01238,2026-01-21 00:00:00+00:00,61.88,succeeded,2
CUST-01238,2025-12-22 00:00:00+00:00,65.95,succeeded,2
CUST-01238,2025-11-22 00:00:00+00:00,78.3,succeeded,2
CUST-01239,2026-04-21 00:00:00+00:00,193.04,succeeded,1
CUST-01239,2026-03-22 00:00:00+00:00,204.63,succeeded,0
CUST-01239,2026-02-20 00:00:00+00:00,200.65,succeeded,0
CUST-01239,2026-01-21 00:00:00+00:00,195.53,succeeded,3
CUST-01239,2025-12-22 00:00:00+00:00,197.76,succeeded,0
CUST-01239,2025-11-22 00:00:00+00:00,198.56,succeeded,1
CUST-01240,2026-04-21 00:00:00+00:00,31.65,failed,6
CUST-01240,2026-03-22 00:00:00+00:00,59.94,succeeded,1
CUST-01240,2026-02-20 00:00:00+00:00,25.84,succeeded,2
CUST-01240,2026-01-21 00:00:00+00:00,29.5,succeeded,2
CUST-01240,2025-12-22 00:00:00+00:00,31.16,succeeded,0
CUST-01240,2025-11-22 00:00:00+00:00,22.22,succeeded,0
CUST-01241,2026-03-22 00:00:00+00:00,30.24,succeeded,3
CUST-01241,2026-02-20 00:00:00+00:00,21.76,succeeded,1
CUST-01241,2026-01-21 00:00:00+00:00,38.66,succeeded,0
CUST-01241,2025-12-22 00:00:00+00:00,28.19,succeeded,3
CUST-01241,2025-11-22 00:00:00+00:00,35.0,succeeded,3
CUST-01242,2026-04-21 00:00:00+00:00,91.56,succeeded,0
CUST-01242,2026-03-22 00:00:00+00:00,92.89,succeeded,1
CUST-01242,2026-02-20 00:00:00+00:00,91.22,succeeded,3
CUST-01242,2026-01-21 00:00:00+00:00,98.14,succeeded,1
CUST-01242,2025-12-22 00:00:00+00:00,102.69,succeeded,3
CUST-01242,2025-11-22 00:00:00+00:00,87.89,succeeded,1
CUST-01243,2026-04-21 00:00:00+00:00,30.05,succeeded,3
CUST-01243,2026-03-22 00:00:00+00:00,47.27,succeeded,3
CUST-01243,2026-02-20 00:00:00+00:00,39.69,succeeded,2
CUST-01243,2026-01-21 00:00:00+00:00,35.27,succeeded,3
CUST-01243,2025-12-22 00:00:00+00:00,33.98,succeeded,2
CUST-01243,2025-11-22 00:00:00+00:00,38.93,succeeded,3
CUST-01244,2026-04-21 00:00:00+00:00,39.1,succeeded,2
CUST-01244,2026-03-22 00:00:00+00:00,40.31,failed,10
CUST-01244,2026-02-20 00:00:00+00:00,30.11,succeeded,1
CUST-01244,2026-01-21 00:00:00+00:00,32.8,succeeded,0
CUST-01244,2025-12-22 00:00:00+00:00,39.17,succeeded,2
CUST-01244,2025-11-22 00:00:00+00:00,29.62,succeeded,3
CUST-01245,2026-04-21 00:00:00+00:00,20.44,succeeded,2
CUST-01245,2026-03-22 00:00:00+00:00,16.09,succeeded,3
CUST-01245,2026-02-20 00:00:00+00:00,21.52,succeeded,1
CUST-01245,2026-01-21 00:00:00+00:00,21.37,succeeded,3
CUST-01245,2025-12-22 00:00:00+00:00,16.21,succeeded,0
CUST-01245,2025-11-22 00:00:00+00:00,20.11,succeeded,0
CUST-01246,2026-04-21 00:00:00+00:00,80.8,succeeded,1
CUST-01246,2026-03-22 00:00:00+00:00,68.53,succeeded,0
CUST-01246,2026-02-20 00:00:00+00:00,85.02,succeeded,3
CUST-01246,2026-01-21 00:00:00+00:00,70.38,succeeded,0
CUST-01246,2025-12-22 00:00:00+00:00,63.46,succeeded,3
CUST-01246,2025-11-22 00:00:00+00:00,80.91,succeeded,2
CUST-01247,2026-04-21 00:00:00+00:00,31.4,succeeded,2
CUST-01247,2026-03-22 00:00:00+00:00,29.08,succeeded,0
CUST-01247,2026-02-20 00:00:00+00:00,30.55,succeeded,1
CUST-01247,2026-01-21 00:00:00+00:00,29.52,succeeded,0
CUST-01247,2025-12-22 00:00:00+00:00,26.32,succeeded,2
CUST-01247,2025-11-22 00:00:00+00:00,25.09,succeeded,3
CUST-01248,2026-04-21 00:00:00+00:00,20.82,failed,10
CUST-01248,2026-03-22 00:00:00+00:00,20.77,failed,2
CUST-01248,2026-02-20 00:00:00+00:00,25.33,succeeded,2
CUST-01248,2026-01-21 00:00:00+00:00,25.67,succeeded,1
CUST-01248,2025-12-22 00:00:00+00:00,32.3,succeeded,1
CUST-01248,2025-11-22 00:00:00+00:00,18.37,succeeded,1
CUST-01249,2026-04-21 00:00:00+00:00,78.43,succeeded,3
CUST-01249,2026-03-22 00:00:00+00:00,88.92,succeeded,0
CUST-01249,2026-02-20 00:00:00+00:00,81.96,failed,11
CUST-01249,2026-01-21 00:00:00+00:00,86.77,succeeded,1
CUST-01249,2025-12-22 00:00:00+00:00,91.67,succeeded,2
CUST-01249,2025-11-22 00:00:00+00:00,85.23,succeeded,3
CUST-01250,2026-03-22 00:00:00+00:00,78.24,succeeded,1
CUST-01250,2026-02-20 00:00:00+00:00,77.72,succeeded,2
CUST-01250,2026-01-21 00:00:00+00:00,76.96,succeeded,1
CUST-01250,2025-12-22 00:00:00+00:00,76.86,succeeded,3
CUST-01250,2025-11-22 00:00:00+00:00,83.29,succeeded,1
CUST-01251,2026-04-21 00:00:00+00:00,74.25,succeeded,3
CUST-01251,2026-03-22 00:00:00+00:00,66.4,succeeded,0
CUST-01251,2026-02-20 00:00:00+00:00,67.15,succeeded,3
CUST-01251,2026-01-21 00:00:00+00:00,68.92,succeeded,2
CUST-01251,2025-12-22 00:00:00+00:00,66.11,succeeded,2
CUST-01251,2025-11-22 00:00:00+00:00,80.44,succeeded,2
CUST-01252,2026-04-21 00:00:00+00:00,37.75,succeeded,1
CUST-01252,2026-03-22 00:00:00+00:00,36.83,succeeded,1
CUST-01252,2026-02-20 00:00:00+00:00,44.86,succeeded,0
CUST-01252,2026-01-21 00:00:00+00:00,33.61,succeeded,1
CUST-01252,2025-12-22 00:00:00+00:00,36.36,succeeded,2
CUST-01252,2025-11-22 00:00:00+00:00,34.0,succeeded,2
CUST-01253,2026-03-22 00:00:00+00:00,193.56,succeeded,0
CUST-01253,2026-02-20 00:00:00+00:00,191.99,succeeded,1
CUST-01253,2026-01-21 00:00:00+00:00,196.31,succeeded,0
CUST-01253,2025-12-22 00:00:00+00:00,194.28,succeeded,0
CUST-01253,2025-11-22 00:00:00+00:00,197.28,succeeded,3
CUST-01254,2026-04-21 00:00:00+00:00,68.93,succeeded,3
CUST-01254,2026-03-22 00:00:00+00:00,69.61,succeeded,0
CUST-01254,2026-02-20 00:00:00+00:00,61.62,succeeded,2
CUST-01254,2026-01-21 00:00:00+00:00,60.66,succeeded,1
CUST-01254,2025-12-22 00:00:00+00:00,73.01,failed,9
CUST-01254,2025-11-22 00:00:00+00:00,71.04,succeeded,3
CUST-01255,2026-03-22 00:00:00+00:00,31.89,succeeded,0
CUST-01255,2026-02-20 00:00:00+00:00,23.24,succeeded,1
CUST-01255,2026-01-21 00:00:00+00:00,25.5,succeeded,0
CUST-01255,2025-12-22 00:00:00+00:00,30.87,succeeded,3
CUST-01255,2025-11-22 00:00:00+00:00,29.49,succeeded,1
CUST-01256,2026-03-22 00:00:00+00:00,595.86,succeeded,3
CUST-01256,2026-02-20 00:00:00+00:00,201.34,succeeded,3
CUST-01256,2026-01-21 00:00:00+00:00,203.27,succeeded,3
CUST-01256,2025-12-22 00:00:00+00:00,200.57,succeeded,1
CUST-01256,2025-11-22 00:00:00+00:00,189.27,succeeded,3
CUST-01257,2026-04-21 00:00:00+00:00,41.68,succeeded,1
CUST-01257,2026-03-22 00:00:00+00:00,36.13,succeeded,3
CUST-01257,2026-02-20 00:00:00+00:00,34.65,succeeded,2
CUST-01257,2026-01-21 00:00:00+00:00,34.97,failed,6
CUST-01257,2025-12-22 00:00:00+00:00,39.13,failed,10
CUST-01257,2025-11-22 00:00:00+00:00,32.79,succeeded,1
CUST-01258,2026-04-21 00:00:00+00:00,22.13,succeeded,1
CUST-01258,2026-03-22 00:00:00+00:00,24.08,succeeded,0
CUST-01258,2026-02-20 00:00:00+00:00,24.02,succeeded,3
CUST-01258,2026-01-21 00:00:00+00:00,36.94,succeeded,0
CUST-01258,2025-12-22 00:00:00+00:00,27.73,failed,8
CUST-01258,2025-11-22 00:00:00+00:00,26.63,succeeded,2
CUST-01259,2026-04-21 00:00:00+00:00,39.43,succeeded,1
CUST-01259,2026-03-22 00:00:00+00:00,28.22,succeeded,1
CUST-01259,2026-02-20 00:00:00+00:00,35.6,succeeded,2
CUST-01259,2026-01-21 00:00:00+00:00,37.9,succeeded,0
CUST-01259,2025-12-22 00:00:00+00:00,35.73,succeeded,3
CUST-01259,2025-11-22 00:00:00+00:00,31.56,succeeded,1
CUST-01260,2026-04-21 00:00:00+00:00,78.13,succeeded,1
CUST-01260,2026-03-22 00:00:00+00:00,80.88,succeeded,2
CUST-01260,2026-02-20 00:00:00+00:00,78.26,succeeded,3
CUST-01260,2026-01-21 00:00:00+00:00,80.69,succeeded,2
CUST-01260,2025-12-22 00:00:00+00:00,90.08,succeeded,3
CUST-01260,2025-11-22 00:00:00+00:00,73.3,succeeded,0
CUST-01261,2026-04-21 00:00:00+00:00,17.69,succeeded,1
CUST-01261,2026-03-22 00:00:00+00:00,23.47,succeeded,0
CUST-01261,2026-02-20 00:00:00+00:00,21.01,succeeded,3
CUST-01261,2026-01-21 00:00:00+00:00,25.56,succeeded,2
CUST-01261,2025-12-22 00:00:00+00:00,18.5,succeeded,1
CUST-01261,2025-11-22 00:00:00+00:00,13.91,succeeded,1
CUST-01262,2026-03-22 00:00:00+00:00,17.85,succeeded,2
CUST-01262,2026-02-20 00:00:00+00:00,16.68,succeeded,3
CUST-01262,2026-01-21 00:00:00+00:00,18.8,succeeded,0
CUST-01262,2025-12-22 00:00:00+00:00,15.26,succeeded,1
CUST-01262,2025-11-22 00:00:00+00:00,18.7,succeeded,3
CUST-01263,2026-04-21 00:00:00+00:00,36.43,succeeded,0
CUST-01263,2026-03-22 00:00:00+00:00,30.75,succeeded,2
CUST-01263,2026-02-20 00:00:00+00:00,40.36,succeeded,3
CUST-01263,2026-01-21 00:00:00+00:00,37.56,succeeded,3
CUST-01263,2025-12-22 00:00:00+00:00,37.56,succeeded,0
CUST-01263,2025-11-22 00:00:00+00:00,40.24,succeeded,0
CUST-01264,2026-04-21 00:00:00+00:00,38.25,succeeded,1
CUST-01264,2026-03-22 00:00:00+00:00,44.01,succeeded,1
CUST-01264,2026-02-20 00:00:00+00:00,36.9,succeeded,3
CUST-01264,2026-01-21 00:00:00+00:00,35.18,succeeded,3
CUST-01264,2025-12-22 00:00:00+00:00,45.4,succeeded,0
CUST-01264,2025-11-22 00:00:00+00:00,40.48,succeeded,2
CUST-01265,2026-03-22 00:00:00+00:00,30.14,failed,3
CUST-01265,2026-02-20 00:00:00+00:00,25.57,succeeded,0
CUST-01265,2026-01-21 00:00:00+00:00,27.39,succeeded,2
CUST-01265,2025-12-22 00:00:00+00:00,25.78,succeeded,3
CUST-01265,2025-11-22 00:00:00+00:00,25.7,succeeded,1
CUST-01266,2026-04-21 00:00:00+00:00,85.28,failed,3
CUST-01266,2026-03-22 00:00:00+00:00,87.41,failed,4
CUST-01266,2026-02-20 00:00:00+00:00,88.25,succeeded,3
CUST-01266,2026-01-21 00:00:00+00:00,97.49,succeeded,2
CUST-01266,2025-12-22 00:00:00+00:00,95.11,succeeded,3
CUST-01266,2025-11-22 00:00:00+00:00,91.25,succeeded,2
CUST-01267,2026-04-21 00:00:00+00:00,43.99,succeeded,0
CUST-01267,2026-03-22 00:00:00+00:00,32.79,succeeded,1
CUST-01267,2026-02-20 00:00:00+00:00,39.98,succeeded,2
CUST-01267,2026-01-21 00:00:00+00:00,41.37,succeeded,0
CUST-01267,2025-12-22 00:00:00+00:00,36.62,succeeded,2
CUST-01267,2025-11-22 00:00:00+00:00,34.68,succeeded,0
CUST-01268,2026-04-21 00:00:00+00:00,43.3,failed,13
CUST-01268,2026-03-22 00:00:00+00:00,33.83,failed,3
CUST-01268,2026-02-20 00:00:00+00:00,39.87,succeeded,2
CUST-01268,2026-01-21 00:00:00+00:00,29.76,succeeded,1
CUST-01268,2025-12-22 00:00:00+00:00,32.38,succeeded,3
CUST-01268,2025-11-22 00:00:00+00:00,33.45,succeeded,3
CUST-01269,2026-04-21 00:00:00+00:00,67.27,succeeded,2
CUST-01269,2026-03-22 00:00:00+00:00,73.3,succeeded,2
CUST-01269,2026-02-20 00:00:00+00:00,71.52,failed,10
CUST-01269,2026-01-21 00:00:00+00:00,73.2,succeeded,0
CUST-01269,2025-12-22 00:00:00+00:00,70.05,succeeded,0
CUST-01269,2025-11-22 00:00:00+00:00,68.41,succeeded,2
CUST-01270,2026-04-21 00:00:00+00:00,32.38,succeeded,1
CUST-01270,2026-03-22 00:00:00+00:00,49.63,failed,13
CUST-01270,2026-02-20 00:00:00+00:00,35.59,succeeded,1
CUST-01270,2026-01-21 00:00:00+00:00,39.94,failed,11
CUST-01270,2025-12-22 00:00:00+00:00,44.54,failed,5
CUST-01270,2025-11-22 00:00:00+00:00,52.25,failed,14
CUST-01271,2026-03-22 00:00:00+00:00,87.9,succeeded,1
CUST-01271,2026-02-20 00:00:00+00:00,81.74,succeeded,1
CUST-01271,2026-01-21 00:00:00+00:00,82.71,succeeded,1
CUST-01271,2025-12-22 00:00:00+00:00,89.74,succeeded,3
CUST-01271,2025-11-22 00:00:00+00:00,88.51,succeeded,1
CUST-01272,2026-03-22 00:00:00+00:00,23.62,succeeded,3
CUST-01272,2026-02-20 00:00:00+00:00,16.48,succeeded,1
CUST-01272,2026-01-21 00:00:00+00:00,27.71,succeeded,0
CUST-01272,2025-12-22 00:00:00+00:00,24.51,succeeded,3
CUST-01272,2025-11-22 00:00:00+00:00,23.1,succeeded,2
CUST-01273,2026-04-21 00:00:00+00:00,13.95,succeeded,0
CUST-01273,2026-03-22 00:00:00+00:00,26.1,succeeded,0
CUST-01273,2026-02-20 00:00:00+00:00,27.84,succeeded,0
CUST-01273,2026-01-21 00:00:00+00:00,23.2,succeeded,1
CUST-01273,2025-12-22 00:00:00+00:00,27.87,succeeded,0
CUST-01273,2025-11-22 00:00:00+00:00,27.17,succeeded,1
CUST-01274,2026-04-21 00:00:00+00:00,29.03,succeeded,3
CUST-01274,2026-03-22 00:00:00+00:00,27.04,failed,14
CUST-01274,2026-02-20 00:00:00+00:00,33.53,succeeded,1
CUST-01274,2026-01-21 00:00:00+00:00,37.12,succeeded,2
CUST-01274,2025-12-22 00:00:00+00:00,36.76,succeeded,0
CUST-01274,2025-11-22 00:00:00+00:00,25.01,succeeded,2
CUST-01275,2026-04-21 00:00:00+00:00,14.5,succeeded,3
CUST-01275,2026-03-22 00:00:00+00:00,13.59,succeeded,0
CUST-01275,2026-02-20 00:00:00+00:00,10.0,succeeded,3
CUST-01275,2026-01-21 00:00:00+00:00,18.09,succeeded,3
CUST-01275,2025-12-22 00:00:00+00:00,17.85,succeeded,0
CUST-01275,2025-11-22 00:00:00+00:00,18.34,succeeded,3
CUST-01276,2026-03-22 00:00:00+00:00,39.89,succeeded,2
CUST-01276,2026-02-20 00:00:00+00:00,41.1,succeeded,3
CUST-01276,2026-01-21 00:00:00+00:00,29.55,succeeded,1
CUST-01276,2025-12-22 00:00:00+00:00,33.73,succeeded,1
CUST-01276,2025-11-22 00:00:00+00:00,32.29,succeeded,3
CUST-01277,2026-04-21 00:00:00+00:00,60.38,succeeded,0
CUST-01277,2026-03-22 00:00:00+00:00,72.59,succeeded,2
CUST-01277,2026-02-20 00:00:00+00:00,60.12,failed,8
CUST-01277,2026-01-21 00:00:00+00:00,66.35,succeeded,0
CUST-01277,2025-12-22 00:00:00+00:00,81.24,succeeded,2
CUST-01277,2025-11-22 00:00:00+00:00,71.94,succeeded,1
CUST-01278,2026-04-21 00:00:00+00:00,31.49,succeeded,1
CUST-01278,2026-03-22 00:00:00+00:00,34.86,succeeded,3
CUST-01278,2026-02-20 00:00:00+00:00,30.93,succeeded,0
CUST-01278,2026-01-21 00:00:00+00:00,38.32,failed,0
CUST-01278,2025-12-22 00:00:00+00:00,35.81,succeeded,0
CUST-01278,2025-11-22 00:00:00+00:00,34.09,succeeded,2
CUST-01279,2026-03-22 00:00:00+00:00,74.77,failed,14
CUST-01279,2026-02-20 00:00:00+00:00,73.12,succeeded,1
CUST-01279,2026-01-21 00:00:00+00:00,69.64,succeeded,2
CUST-01279,2025-12-22 00:00:00+00:00,64.93,succeeded,0
CUST-01279,2025-11-22 00:00:00+00:00,78.55,succeeded,2
CUST-01280,2026-04-21 00:00:00+00:00,65.65,succeeded,3
CUST-01280,2026-03-22 00:00:00+00:00,70.46,succeeded,2
CUST-01280,2026-02-20 00:00:00+00:00,86.21,succeeded,3
CUST-01280,2026-01-21 00:00:00+00:00,60.19,succeeded,1
CUST-01280,2025-12-22 00:00:00+00:00,75.19,succeeded,1
CUST-01280,2025-11-22 00:00:00+00:00,82.81,succeeded,2
CUST-01281,2026-04-21 00:00:00+00:00,24.83,failed,11
CUST-01281,2026-03-22 00:00:00+00:00,28.32,succeeded,2
CUST-01281,2026-02-20 00:00:00+00:00,16.28,succeeded,0
CUST-01281,2026-01-21 00:00:00+00:00,29.86,succeeded,0
CUST-01281,2025-12-22 00:00:00+00:00,23.28,succeeded,0
CUST-01281,2025-11-22 00:00:00+00:00,21.67,succeeded,3
CUST-01282,2026-03-22 00:00:00+00:00,70.43,succeeded,0
CUST-01282,2026-02-20 00:00:00+00:00,79.61,succeeded,3
CUST-01282,2026-01-21 00:00:00+00:00,80.24,succeeded,3
CUST-01282,2025-12-22 00:00:00+00:00,85.73,succeeded,1
CUST-01282,2025-11-22 00:00:00+00:00,74.33,succeeded,1
CUST-01283,2026-04-21 00:00:00+00:00,43.89,succeeded,1
CUST-01283,2026-03-22 00:00:00+00:00,41.34,succeeded,1
CUST-01283,2026-02-20 00:00:00+00:00,52.63,succeeded,3
CUST-01283,2026-01-21 00:00:00+00:00,47.6,succeeded,2
CUST-01283,2025-12-22 00:00:00+00:00,41.13,succeeded,2
CUST-01283,2025-11-22 00:00:00+00:00,40.06,succeeded,3
CUST-01284,2026-04-21 00:00:00+00:00,38.64,failed,5
CUST-01284,2026-03-22 00:00:00+00:00,43.88,succeeded,2
CUST-01284,2026-02-20 00:00:00+00:00,49.46,succeeded,2
CUST-01284,2026-01-21 00:00:00+00:00,39.14,succeeded,3
CUST-01284,2025-12-22 00:00:00+00:00,31.71,succeeded,0
CUST-01284,2025-11-22 00:00:00+00:00,36.55,succeeded,1
CUST-01285,2026-04-21 00:00:00+00:00,21.33,succeeded,1
CUST-01285,2026-03-22 00:00:00+00:00,33.43,succeeded,2
CUST-01285,2026-02-20 00:00:00+00:00,37.14,succeeded,3
CUST-01285,2026-01-21 00:00:00+00:00,30.2,failed,10
CUST-01285,2025-12-22 00:00:00+00:00,25.68,failed,8
CUST-01285,2025-11-22 00:00:00+00:00,30.14,succeeded,1
CUST-01286,2026-04-21 00:00:00+00:00,75.77,succeeded,0
CUST-01286,2026-03-22 00:00:00+00:00,84.42,succeeded,1
CUST-01286,2026-02-20 00:00:00+00:00,72.94,failed,4
CUST-01286,2026-01-21 00:00:00+00:00,82.79,failed,5
CUST-01286,2025-12-22 00:00:00+00:00,75.0,failed,6
CUST-01286,2025-11-22 00:00:00+00:00,86.13,succeeded,2
CUST-01287,2026-04-21 00:00:00+00:00,212.45,succeeded,2
CUST-01287,2026-03-22 00:00:00+00:00,205.38,succeeded,0
CUST-01287,2026-02-20 00:00:00+00:00,200.25,succeeded,0
CUST-01287,2026-01-21 00:00:00+00:00,201.46,succeeded,2
CUST-01287,2025-12-22 00:00:00+00:00,198.1,succeeded,3
CUST-01287,2025-11-22 00:00:00+00:00,206.81,succeeded,2
CUST-01288,2026-04-21 00:00:00+00:00,44.7,succeeded,1
CUST-01288,2026-03-22 00:00:00+00:00,36.79,succeeded,2
CUST-01288,2026-02-20 00:00:00+00:00,34.38,succeeded,3
CUST-01288,2026-01-21 00:00:00+00:00,32.65,succeeded,1
CUST-01288,2025-12-22 00:00:00+00:00,44.27,succeeded,2
CUST-01288,2025-11-22 00:00:00+00:00,49.84,succeeded,0
CUST-01289,2026-04-21 00:00:00+00:00,73.12,failed,1
CUST-01289,2026-03-22 00:00:00+00:00,77.91,succeeded,1
CUST-01289,2026-02-20 00:00:00+00:00,75.3,succeeded,1
CUST-01289,2026-01-21 00:00:00+00:00,79.0,succeeded,2
CUST-01289,2025-12-22 00:00:00+00:00,71.02,succeeded,1
CUST-01289,2025-11-22 00:00:00+00:00,76.45,succeeded,0
CUST-01290,2026-04-21 00:00:00+00:00,82.46,succeeded,2
CUST-01290,2026-03-22 00:00:00+00:00,77.56,succeeded,3
CUST-01290,2026-02-20 00:00:00+00:00,79.57,succeeded,0
CUST-01290,2026-01-21 00:00:00+00:00,82.72,succeeded,3
CUST-01290,2025-12-22 00:00:00+00:00,75.28,succeeded,3
CUST-01290,2025-11-22 00:00:00+00:00,78.99,succeeded,1
CUST-01291,2026-03-22 00:00:00+00:00,18.74,succeeded,2
CUST-01291,2026-02-20 00:00:00+00:00,10.58,succeeded,2
CUST-01291,2026-01-21 00:00:00+00:00,10.84,succeeded,2
CUST-01291,2025-12-22 00:00:00+00:00,16.07,succeeded,3
CUST-01291,2025-11-22 00:00:00+00:00,10.0,succeeded,3
CUST-01292,2026-04-21 00:00:00+00:00,85.84,succeeded,0
CUST-01292,2026-03-22 00:00:00+00:00,88.29,succeeded,1
CUST-01292,2026-02-20 00:00:00+00:00,89.83,succeeded,3
CUST-01292,2026-01-21 00:00:00+00:00,85.68,succeeded,3
CUST-01292,2025-12-22 00:00:00+00:00,90.53,failed,3
CUST-01292,2025-11-22 00:00:00+00:00,91.82,succeeded,3
CUST-01293,2026-03-22 00:00:00+00:00,97.47,succeeded,0
CUST-01293,2026-02-20 00:00:00+00:00,91.99,succeeded,2
CUST-01293,2026-01-21 00:00:00+00:00,94.61,failed,2
CUST-01293,2025-12-22 00:00:00+00:00,89.29,succeeded,0
CUST-01293,2025-11-22 00:00:00+00:00,96.84,succeeded,3
CUST-01294,2026-04-21 00:00:00+00:00,204.22,succeeded,3
CUST-01294,2026-03-22 00:00:00+00:00,205.5,succeeded,3
CUST-01294,2026-02-20 00:00:00+00:00,198.14,succeeded,2
CUST-01294,2026-01-21 00:00:00+00:00,201.21,succeeded,2
CUST-01294,2025-12-22 00:00:00+00:00,207.51,succeeded,1
CUST-01294,2025-11-22 00:00:00+00:00,198.69,succeeded,1
CUST-01295,2026-03-22 00:00:00+00:00,182.95,succeeded,1
CUST-01295,2026-02-20 00:00:00+00:00,179.21,succeeded,3
CUST-01295,2026-01-21 00:00:00+00:00,185.32,succeeded,1
CUST-01295,2025-12-22 00:00:00+00:00,181.36,succeeded,3
CUST-01295,2025-11-22 00:00:00+00:00,184.39,failed,2
CUST-01296,2026-03-22 00:00:00+00:00,33.03,succeeded,0
CUST-01296,2026-02-20 00:00:00+00:00,32.21,succeeded,0
CUST-01296,2026-01-21 00:00:00+00:00,27.59,succeeded,1
CUST-01296,2025-12-22 00:00:00+00:00,36.17,succeeded,3
CUST-01296,2025-11-22 00:00:00+00:00,30.32,succeeded,1
CUST-01297,2026-03-22 00:00:00+00:00,14.13,succeeded,2
CUST-01297,2026-02-20 00:00:00+00:00,33.7,failed,13
CUST-01297,2026-01-21 00:00:00+00:00,24.48,failed,11
CUST-01297,2025-12-22 00:00:00+00:00,29.61,succeeded,3
CUST-01297,2025-11-22 00:00:00+00:00,23.82,succeeded,2
CUST-01298,2026-04-21 00:00:00+00:00,80.83,succeeded,1
CUST-01298,2026-03-22 00:00:00+00:00,82.93,succeeded,3
CUST-01298,2026-02-20 00:00:00+00:00,74.69,succeeded,3
CUST-01298,2026-01-21 00:00:00+00:00,69.45,succeeded,3
CUST-01298,2025-12-22 00:00:00+00:00,72.08,succeeded,0
CUST-01298,2025-11-22 00:00:00+00:00,68.91,succeeded,0
CUST-01299,2026-04-21 00:00:00+00:00,37.39,succeeded,2
CUST-01299,2026-03-22 00:00:00+00:00,33.22,succeeded,3
CUST-01299,2026-02-20 00:00:00+00:00,26.03,succeeded,1
CUST-01299,2026-01-21 00:00:00+00:00,31.34,succeeded,2
CUST-01299,2025-12-22 00:00:00+00:00,30.37,succeeded,0
CUST-01299,2025-11-22 00:00:00+00:00,36.46,succeeded,3
CUST-01300,2026-04-21 00:00:00+00:00,29.93,succeeded,0
CUST-01300,2026-03-22 00:00:00+00:00,30.96,failed,12
CUST-01300,2026-02-20 00:00:00+00:00,22.75,succeeded,1
CUST-01300,2026-01-21 00:00:00+00:00,23.85,succeeded,3
CUST-01300,2025-12-22 00:00:00+00:00,34.61,succeeded,1
CUST-01300,2025-11-22 00:00:00+00:00,29.51,succeeded,2
CUST-01301,2026-04-21 00:00:00+00:00,193.14,succeeded,0
CUST-01301,2026-03-22 00:00:00+00:00,191.63,succeeded,1
CUST-01301,2026-02-20 00:00:00+00:00,195.98,succeeded,0
CUST-01301,2026-01-21 00:00:00+00:00,185.87,succeeded,3
CUST-01301,2025-12-22 00:00:00+00:00,189.19,succeeded,3
CUST-01301,2025-11-22 00:00:00+00:00,196.95,succeeded,3
CUST-01302,2026-04-21 00:00:00+00:00,10.3,succeeded,1
CUST-01302,2026-03-22 00:00:00+00:00,10.0,succeeded,0
CUST-01302,2026-02-20 00:00:00+00:00,27.44,succeeded,3
CUST-01302,2026-01-21 00:00:00+00:00,25.14,succeeded,0
CUST-01302,2025-12-22 00:00:00+00:00,13.26,succeeded,3
CUST-01302,2025-11-22 00:00:00+00:00,14.73,succeeded,2
CUST-01303,2026-04-21 00:00:00+00:00,36.02,succeeded,0
CUST-01303,2026-03-22 00:00:00+00:00,34.34,failed,1
CUST-01303,2026-02-20 00:00:00+00:00,32.0,succeeded,3
CUST-01303,2026-01-21 00:00:00+00:00,28.43,succeeded,3
CUST-01303,2025-12-22 00:00:00+00:00,29.7,succeeded,1
CUST-01303,2025-11-22 00:00:00+00:00,28.79,succeeded,2
CUST-01304,2026-04-21 00:00:00+00:00,86.39,succeeded,1
CUST-01304,2026-03-22 00:00:00+00:00,70.74,succeeded,2
CUST-01304,2026-02-20 00:00:00+00:00,78.55,failed,3
CUST-01304,2026-01-21 00:00:00+00:00,72.53,succeeded,1
CUST-01304,2025-12-22 00:00:00+00:00,83.74,succeeded,0
CUST-01304,2025-11-22 00:00:00+00:00,73.92,succeeded,3
CUST-01305,2026-04-21 00:00:00+00:00,23.99,succeeded,3
CUST-01305,2026-03-22 00:00:00+00:00,14.63,succeeded,2
CUST-01305,2026-02-20 00:00:00+00:00,18.94,succeeded,2
CUST-01305,2026-01-21 00:00:00+00:00,15.13,succeeded,3
CUST-01305,2025-12-22 00:00:00+00:00,24.06,succeeded,1
CUST-01305,2025-11-22 00:00:00+00:00,25.3,succeeded,3
CUST-01306,2026-04-21 00:00:00+00:00,24.04,succeeded,2
CUST-01306,2026-03-22 00:00:00+00:00,20.82,succeeded,2
CUST-01306,2026-02-20 00:00:00+00:00,19.62,succeeded,0
CUST-01306,2026-01-21 00:00:00+00:00,34.09,succeeded,2
CUST-01306,2025-12-22 00:00:00+00:00,31.84,succeeded,2
CUST-01306,2025-11-22 00:00:00+00:00,19.68,succeeded,2
CUST-01307,2026-04-21 00:00:00+00:00,197.07,succeeded,1
CUST-01307,2026-03-22 00:00:00+00:00,205.87,succeeded,3
CUST-01307,2026-02-20 00:00:00+00:00,198.37,succeeded,2
CUST-01307,2026-01-21 00:00:00+00:00,194.24,succeeded,3
CUST-01307,2025-12-22 00:00:00+00:00,208.46,succeeded,2
CUST-01307,2025-11-22 00:00:00+00:00,204.22,succeeded,3
CUST-01308,2026-04-21 00:00:00+00:00,24.21,succeeded,2
CUST-01308,2026-03-22 00:00:00+00:00,28.81,succeeded,0
CUST-01308,2026-02-20 00:00:00+00:00,26.12,succeeded,1
CUST-01308,2026-01-21 00:00:00+00:00,25.12,succeeded,2
CUST-01308,2025-12-22 00:00:00+00:00,30.62,failed,0
CUST-01308,2025-11-22 00:00:00+00:00,30.91,succeeded,1
CUST-01309,2026-04-21 00:00:00+00:00,11.38,succeeded,1
CUST-01309,2026-03-22 00:00:00+00:00,16.23,succeeded,1
CUST-01309,2026-02-20 00:00:00+00:00,15.65,failed,8
CUST-01309,2026-01-21 00:00:00+00:00,14.06,succeeded,3
CUST-01309,2025-12-22 00:00:00+00:00,15.02,succeeded,2
CUST-01309,2025-11-22 00:00:00+00:00,11.75,succeeded,2
CUST-01310,2026-04-21 00:00:00+00:00,33.9,succeeded,1
CUST-01310,2026-03-22 00:00:00+00:00,33.74,succeeded,2
CUST-01310,2026-02-20 00:00:00+00:00,32.29,succeeded,0
CUST-01310,2026-01-21 00:00:00+00:00,36.49,succeeded,1
CUST-01310,2025-12-22 00:00:00+00:00,44.63,succeeded,2
CUST-01310,2025-11-22 00:00:00+00:00,29.91,succeeded,3
CUST-01311,2026-03-22 00:00:00+00:00,178.06,succeeded,3
CUST-01311,2026-02-20 00:00:00+00:00,172.77,succeeded,3
CUST-01311,2026-01-21 00:00:00+00:00,178.28,succeeded,2
CUST-01311,2025-12-22 00:00:00+00:00,175.96,succeeded,1
CUST-01311,2025-11-22 00:00:00+00:00,174.13,failed,0
CUST-01312,2026-03-22 00:00:00+00:00,32.44,succeeded,0
CUST-01312,2026-02-20 00:00:00+00:00,20.03,succeeded,0
CUST-01312,2026-01-21 00:00:00+00:00,28.54,succeeded,1
CUST-01312,2025-12-22 00:00:00+00:00,27.46,succeeded,0
CUST-01312,2025-11-22 00:00:00+00:00,24.93,succeeded,0
CUST-01313,2026-03-22 00:00:00+00:00,70.4,succeeded,2
CUST-01313,2026-02-20 00:00:00+00:00,76.94,succeeded,0
CUST-01313,2026-01-21 00:00:00+00:00,81.5,succeeded,3
CUST-01313,2025-12-22 00:00:00+00:00,74.09,succeeded,0
CUST-01313,2025-11-22 00:00:00+00:00,74.02,succeeded,0
CUST-01314,2026-04-21 00:00:00+00:00,36.57,succeeded,2
CUST-01314,2026-03-22 00:00:00+00:00,35.51,succeeded,1
CUST-01314,2026-02-20 00:00:00+00:00,28.84,succeeded,1
CUST-01314,2026-01-21 00:00:00+00:00,24.48,failed,14
CUST-01314,2025-12-22 00:00:00+00:00,31.81,succeeded,0
CUST-01314,2025-11-22 00:00:00+00:00,31.04,failed,12
CUST-01315,2026-03-22 00:00:00+00:00,30.54,succeeded,2
CUST-01315,2026-02-20 00:00:00+00:00,30.38,succeeded,0
CUST-01315,2026-01-21 00:00:00+00:00,38.72,succeeded,1
CUST-01315,2025-12-22 00:00:00+00:00,36.66,succeeded,1
CUST-01315,2025-11-22 00:00:00+00:00,38.4,succeeded,0
CUST-01316,2026-04-21 00:00:00+00:00,208.87,succeeded,1
CUST-01316,2026-03-22 00:00:00+00:00,210.0,succeeded,1
CUST-01316,2026-02-20 00:00:00+00:00,212.52,succeeded,1
CUST-01316,2026-01-21 00:00:00+00:00,215.64,succeeded,0
CUST-01316,2025-12-22 00:00:00+00:00,204.19,succeeded,1
CUST-01316,2025-11-22 00:00:00+00:00,201.88,succeeded,3
CUST-01317,2026-04-21 00:00:00+00:00,78.55,succeeded,3
CUST-01317,2026-03-22 00:00:00+00:00,68.59,succeeded,0
CUST-01317,2026-02-20 00:00:00+00:00,73.65,succeeded,2
CUST-01317,2026-01-21 00:00:00+00:00,75.1,succeeded,0
CUST-01317,2025-12-22 00:00:00+00:00,76.1,succeeded,3
CUST-01317,2025-11-22 00:00:00+00:00,73.37,failed,12
CUST-01318,2026-03-22 00:00:00+00:00,208.24,succeeded,0
CUST-01318,2026-02-20 00:00:00+00:00,208.73,failed,14
CUST-01318,2026-01-21 00:00:00+00:00,206.03,succeeded,0
CUST-01318,2025-12-22 00:00:00+00:00,207.43,succeeded,0
CUST-01318,2025-11-22 00:00:00+00:00,202.36,failed,8
CUST-01319,2026-03-22 00:00:00+00:00,36.89,succeeded,1
CUST-01319,2026-02-20 00:00:00+00:00,28.93,succeeded,0
CUST-01319,2026-01-21 00:00:00+00:00,32.69,succeeded,3
CUST-01319,2025-12-22 00:00:00+00:00,31.46,succeeded,2
CUST-01319,2025-11-22 00:00:00+00:00,34.43,succeeded,0
CUST-01320,2026-04-21 00:00:00+00:00,67.81,succeeded,1
CUST-01320,2026-03-22 00:00:00+00:00,70.19,failed,6
CUST-01320,2026-02-20 00:00:00+00:00,61.31,succeeded,0
CUST-01320,2026-01-21 00:00:00+00:00,77.16,succeeded,0
CUST-01320,2025-12-22 00:00:00+00:00,69.01,failed,8
CUST-01320,2025-11-22 00:00:00+00:00,65.12,succeeded,0
CUST-01321,2026-04-21 00:00:00+00:00,220.13,succeeded,2
CUST-01321,2026-03-22 00:00:00+00:00,211.49,succeeded,3
CUST-01321,2026-02-20 00:00:00+00:00,217.47,succeeded,1
CUST-01321,2026-01-21 00:00:00+00:00,210.31,succeeded,2
CUST-01321,2025-12-22 00:00:00+00:00,212.79,succeeded,1
CUST-01321,2025-11-22 00:00:00+00:00,216.42,succeeded,1
CUST-01322,2026-04-21 00:00:00+00:00,18.47,succeeded,2
CUST-01322,2026-03-22 00:00:00+00:00,10.0,succeeded,1
CUST-01322,2026-02-20 00:00:00+00:00,25.14,failed,3
CUST-01322,2026-01-21 00:00:00+00:00,12.95,succeeded,2
CUST-01322,2025-12-22 00:00:00+00:00,19.45,succeeded,3
CUST-01322,2025-11-22 00:00:00+00:00,22.01,succeeded,1
CUST-01323,2026-03-22 00:00:00+00:00,24.35,failed,2
CUST-01323,2026-02-20 00:00:00+00:00,34.5,succeeded,2
CUST-01323,2026-01-21 00:00:00+00:00,30.6,succeeded,1
CUST-01323,2025-12-22 00:00:00+00:00,34.25,failed,10
CUST-01323,2025-11-22 00:00:00+00:00,38.47,succeeded,1
CUST-01324,2026-04-21 00:00:00+00:00,198.81,succeeded,2
CUST-01324,2026-03-22 00:00:00+00:00,205.0,succeeded,3
CUST-01324,2026-02-20 00:00:00+00:00,197.57,succeeded,0
CUST-01324,2026-01-21 00:00:00+00:00,197.72,succeeded,3
CUST-01324,2025-12-22 00:00:00+00:00,197.0,succeeded,0
CUST-01324,2025-11-22 00:00:00+00:00,189.36,succeeded,2
CUST-01325,2026-04-21 00:00:00+00:00,30.18,failed,14
CUST-01325,2026-03-22 00:00:00+00:00,29.11,succeeded,0
CUST-01325,2026-02-20 00:00:00+00:00,37.25,succeeded,1
CUST-01325,2026-01-21 00:00:00+00:00,41.72,succeeded,1
CUST-01325,2025-12-22 00:00:00+00:00,29.03,succeeded,3
CUST-01325,2025-11-22 00:00:00+00:00,25.62,succeeded,1
CUST-01326,2026-03-22 00:00:00+00:00,73.02,succeeded,0
CUST-01326,2026-02-20 00:00:00+00:00,66.76,succeeded,1
CUST-01326,2026-01-21 00:00:00+00:00,77.91,succeeded,2
CUST-01326,2025-12-22 00:00:00+00:00,75.06,succeeded,3
CUST-01326,2025-11-22 00:00:00+00:00,75.31,succeeded,2
CUST-01327,2026-03-22 00:00:00+00:00,207.83,succeeded,3
CUST-01327,2026-02-20 00:00:00+00:00,207.83,succeeded,0
CUST-01327,2026-01-21 00:00:00+00:00,216.38,succeeded,2
CUST-01327,2025-12-22 00:00:00+00:00,205.94,succeeded,1
CUST-01327,2025-11-22 00:00:00+00:00,209.36,succeeded,2
CUST-01328,2026-04-21 00:00:00+00:00,20.71,succeeded,3
CUST-01328,2026-03-22 00:00:00+00:00,12.08,succeeded,2
CUST-01328,2026-02-20 00:00:00+00:00,12.86,succeeded,2
CUST-01328,2026-01-21 00:00:00+00:00,21.98,succeeded,0
CUST-01328,2025-12-22 00:00:00+00:00,12.83,succeeded,1
CUST-01328,2025-11-22 00:00:00+00:00,28.49,succeeded,1
CUST-01329,2026-04-21 00:00:00+00:00,24.72,succeeded,2
CUST-01329,2026-03-22 00:00:00+00:00,29.03,succeeded,0
CUST-01329,2026-02-20 00:00:00+00:00,22.14,succeeded,3
CUST-01329,2026-01-21 00:00:00+00:00,32.81,succeeded,0
CUST-01329,2025-12-22 00:00:00+00:00,65.37,succeeded,0
CUST-01329,2025-11-22 00:00:00+00:00,24.56,succeeded,2
CUST-01330,2026-03-22 00:00:00+00:00,19.7,succeeded,2
CUST-01330,2026-02-20 00:00:00+00:00,31.22,succeeded,1
CUST-01330,2026-01-21 00:00:00+00:00,25.28,succeeded,2
CUST-01330,2025-12-22 00:00:00+00:00,23.38,succeeded,2
CUST-01330,2025-11-22 00:00:00+00:00,25.82,succeeded,0
CUST-01331,2026-04-21 00:00:00+00:00,18.09,succeeded,0
CUST-01331,2026-03-22 00:00:00+00:00,25.79,failed,2
CUST-01331,2026-02-20 00:00:00+00:00,20.91,failed,3
CUST-01331,2026-01-21 00:00:00+00:00,16.71,failed,6
CUST-01331,2025-12-22 00:00:00+00:00,29.52,succeeded,2
CUST-01331,2025-11-22 00:00:00+00:00,25.21,succeeded,0
CUST-01332,2026-04-21 00:00:00+00:00,37.48,succeeded,3
CUST-01332,2026-03-22 00:00:00+00:00,26.95,succeeded,0
CUST-01332,2026-02-20 00:00:00+00:00,31.35,succeeded,2
CUST-01332,2026-01-21 00:00:00+00:00,24.49,succeeded,3
CUST-01332,2025-12-22 00:00:00+00:00,34.47,succeeded,1
CUST-01332,2025-11-22 00:00:00+00:00,40.04,succeeded,3
CUST-01333,2026-03-22 00:00:00+00:00,84.79,failed,9
CUST-01333,2026-02-20 00:00:00+00:00,86.83,succeeded,2
CUST-01333,2026-01-21 00:00:00+00:00,94.27,succeeded,3
CUST-01333,2025-12-22 00:00:00+00:00,93.7,succeeded,2
CUST-01333,2025-11-22 00:00:00+00:00,89.74,succeeded,1
CUST-01334,2026-03-22 00:00:00+00:00,26.66,succeeded,2
CUST-01334,2026-02-20 00:00:00+00:00,26.42,succeeded,1
CUST-01334,2026-01-21 00:00:00+00:00,28.65,succeeded,1
CUST-01334,2025-12-22 00:00:00+00:00,31.04,succeeded,2
CUST-01334,2025-11-22 00:00:00+00:00,21.5,succeeded,1
CUST-01335,2026-04-21 00:00:00+00:00,80.7,succeeded,3
CUST-01335,2026-03-22 00:00:00+00:00,99.23,succeeded,0
CUST-01335,2026-02-20 00:00:00+00:00,245.54999999999998,succeeded,3
CUST-01335,2026-01-21 00:00:00+00:00,87.01,succeeded,1
CUST-01335,2025-12-22 00:00:00+00:00,74.11,failed,4
CUST-01335,2025-11-22 00:00:00+00:00,80.85,succeeded,2
CUST-01336,2026-04-21 00:00:00+00:00,32.62,succeeded,1
CUST-01336,2026-03-22 00:00:00+00:00,24.79,succeeded,0
CUST-01336,2026-02-20 00:00:00+00:00,27.0,succeeded,3
CUST-01336,2026-01-21 00:00:00+00:00,31.71,succeeded,3
CUST-01336,2025-12-22 00:00:00+00:00,38.89,succeeded,2
CUST-01336,2025-11-22 00:00:00+00:00,32.85,succeeded,2
CUST-01337,2026-04-21 00:00:00+00:00,13.82,succeeded,2
CUST-01337,2026-03-22 00:00:00+00:00,19.87,succeeded,3
CUST-01337,2026-02-20 00:00:00+00:00,17.14,failed,9
CUST-01337,2026-01-21 00:00:00+00:00,15.7,succeeded,0
CUST-01337,2025-12-22 00:00:00+00:00,23.14,succeeded,0
CUST-01337,2025-11-22 00:00:00+00:00,16.11,failed,13
CUST-01338,2026-03-22 00:00:00+00:00,27.62,succeeded,1
CUST-01338,2026-02-20 00:00:00+00:00,27.71,succeeded,2
CUST-01338,2026-01-21 00:00:00+00:00,40.3,succeeded,0
CUST-01338,2025-12-22 00:00:00+00:00,25.43,succeeded,3
CUST-01338,2025-11-22 00:00:00+00:00,21.77,failed,6
CUST-01339,2026-04-21 00:00:00+00:00,66.95,succeeded,0
CUST-01339,2026-03-22 00:00:00+00:00,75.82,succeeded,3
CUST-01339,2026-02-20 00:00:00+00:00,70.67,succeeded,3
CUST-01339,2026-01-21 00:00:00+00:00,79.65,succeeded,1
CUST-01339,2025-12-22 00:00:00+00:00,81.8,succeeded,1
CUST-01339,2025-11-22 00:00:00+00:00,74.29,succeeded,0
CUST-01340,2026-04-21 00:00:00+00:00,29.87,succeeded,3
CUST-01340,2026-03-22 00:00:00+00:00,28.34,succeeded,1
CUST-01340,2026-02-20 00:00:00+00:00,16.46,succeeded,2
CUST-01340,2026-01-21 00:00:00+00:00,29.21,succeeded,0
CUST-01340,2025-12-22 00:00:00+00:00,27.77,succeeded,2
CUST-01340,2025-11-22 00:00:00+00:00,26.76,succeeded,3
CUST-01341,2026-04-21 00:00:00+00:00,23.88,succeeded,0
CUST-01341,2026-03-22 00:00:00+00:00,29.47,succeeded,0
CUST-01341,2026-02-20 00:00:00+00:00,34.05,failed,13
CUST-01341,2026-01-21 00:00:00+00:00,29.03,succeeded,1
CUST-01341,2025-12-22 00:00:00+00:00,26.9,succeeded,2
CUST-01341,2025-11-22 00:00:00+00:00,34.87,succeeded,0
CUST-01342,2026-04-21 00:00:00+00:00,191.05,succeeded,0
CUST-01342,2026-03-22 00:00:00+00:00,200.41,succeeded,0
CUST-01342,2026-02-20 00:00:00+00:00,200.23,failed,5
CUST-01342,2026-01-21 00:00:00+00:00,195.62,succeeded,0
CUST-01342,2025-12-22 00:00:00+00:00,202.71,failed,4
CUST-01342,2025-11-22 00:00:00+00:00,202.33,succeeded,3
CUST-01343,2026-04-21 00:00:00+00:00,66.77,succeeded,3
CUST-01343,2026-03-22 00:00:00+00:00,68.93,succeeded,0
CUST-01343,2026-02-20 00:00:00+00:00,69.39,succeeded,1
CUST-01343,2026-01-21 00:00:00+00:00,66.24,succeeded,3
CUST-01343,2025-12-22 00:00:00+00:00,71.26,succeeded,3
CUST-01343,2025-11-22 00:00:00+00:00,67.51,succeeded,1
CUST-01344,2026-03-22 00:00:00+00:00,19.13,failed,5
CUST-01344,2026-02-20 00:00:00+00:00,10.0,succeeded,3
CUST-01344,2026-01-21 00:00:00+00:00,19.26,succeeded,1
CUST-01344,2025-12-22 00:00:00+00:00,18.54,succeeded,0
CUST-01344,2025-11-22 00:00:00+00:00,15.48,succeeded,0
CUST-01345,2026-03-22 00:00:00+00:00,205.04,failed,11
CUST-01345,2026-02-20 00:00:00+00:00,196.81,succeeded,1
CUST-01345,2026-01-21 00:00:00+00:00,198.48,succeeded,2
CUST-01345,2025-12-22 00:00:00+00:00,197.73,succeeded,3
CUST-01345,2025-11-22 00:00:00+00:00,204.94,failed,2
CUST-01346,2026-04-21 00:00:00+00:00,23.68,succeeded,2
CUST-01346,2026-03-22 00:00:00+00:00,19.68,succeeded,2
CUST-01346,2026-02-20 00:00:00+00:00,28.13,failed,7
CUST-01346,2026-01-21 00:00:00+00:00,22.79,succeeded,2
CUST-01346,2025-12-22 00:00:00+00:00,24.0,succeeded,1
CUST-01346,2025-11-22 00:00:00+00:00,25.38,succeeded,0
CUST-01347,2026-03-22 00:00:00+00:00,34.05,succeeded,0
CUST-01347,2026-02-20 00:00:00+00:00,24.95,succeeded,0
CUST-01347,2026-01-21 00:00:00+00:00,30.11,succeeded,0
CUST-01347,2025-12-22 00:00:00+00:00,28.35,succeeded,3
CUST-01347,2025-11-22 00:00:00+00:00,31.49,succeeded,2
CUST-01348,2026-03-22 00:00:00+00:00,33.05,succeeded,0
CUST-01348,2026-02-20 00:00:00+00:00,31.26,succeeded,1
CUST-01348,2026-01-21 00:00:00+00:00,36.64,succeeded,2
CUST-01348,2025-12-22 00:00:00+00:00,34.94,succeeded,0
CUST-01348,2025-11-22 00:00:00+00:00,45.99,succeeded,2
CUST-01349,2026-04-21 00:00:00+00:00,21.24,succeeded,1
CUST-01349,2026-03-22 00:00:00+00:00,16.39,succeeded,2
CUST-01349,2026-02-20 00:00:00+00:00,12.24,succeeded,1
CUST-01349,2026-01-21 00:00:00+00:00,13.93,succeeded,1
CUST-01349,2025-12-22 00:00:00+00:00,21.55,succeeded,0
CUST-01349,2025-11-22 00:00:00+00:00,18.3,succeeded,3
CUST-01350,2026-04-21 00:00:00+00:00,13.82,succeeded,2
CUST-01350,2026-03-22 00:00:00+00:00,12.98,succeeded,1
CUST-01350,2026-02-20 00:00:00+00:00,15.18,succeeded,2
CUST-01350,2026-01-21 00:00:00+00:00,25.3,succeeded,2
CUST-01350,2025-12-22 00:00:00+00:00,16.95,succeeded,3
CUST-01350,2025-11-22 00:00:00+00:00,18.17,succeeded,3
CUST-01351,2026-04-21 00:00:00+00:00,95.09,failed,0
CUST-01351,2026-03-22 00:00:00+00:00,90.95,succeeded,1
CUST-01351,2026-02-20 00:00:00+00:00,93.55,succeeded,2
CUST-01351,2026-01-21 00:00:00+00:00,83.82,succeeded,0
CUST-01351,2025-12-22 00:00:00+00:00,89.61,succeeded,1
CUST-01351,2025-11-22 00:00:00+00:00,90.38,succeeded,1
CUST-01352,2026-03-22 00:00:00+00:00,24.26,succeeded,1
CUST-01352,2026-02-20 00:00:00+00:00,38.35,succeeded,1
CUST-01352,2026-01-21 00:00:00+00:00,27.84,succeeded,0
CUST-01352,2025-12-22 00:00:00+00:00,26.8,succeeded,1
CUST-01352,2025-11-22 00:00:00+00:00,27.59,succeeded,0
CUST-01353,2026-03-22 00:00:00+00:00,75.58,succeeded,0
CUST-01353,2026-02-20 00:00:00+00:00,74.03,succeeded,1
CUST-01353,2026-01-21 00:00:00+00:00,70.03,succeeded,2
CUST-01353,2025-12-22 00:00:00+00:00,79.47,succeeded,0
CUST-01353,2025-11-22 00:00:00+00:00,74.5,succeeded,2
CUST-01354,2026-04-21 00:00:00+00:00,187.13,succeeded,0
CUST-01354,2026-03-22 00:00:00+00:00,192.21,succeeded,3
CUST-01354,2026-02-20 00:00:00+00:00,186.83,succeeded,2
CUST-01354,2026-01-21 00:00:00+00:00,197.07,succeeded,1
CUST-01354,2025-12-22 00:00:00+00:00,194.63,succeeded,3
CUST-01354,2025-11-22 00:00:00+00:00,191.08,succeeded,2
CUST-01355,2026-04-21 00:00:00+00:00,76.19,failed,1
CUST-01355,2026-03-22 00:00:00+00:00,68.24,succeeded,1
CUST-01355,2026-02-20 00:00:00+00:00,74.48,succeeded,1
CUST-01355,2026-01-21 00:00:00+00:00,71.8,succeeded,3
CUST-01355,2025-12-22 00:00:00+00:00,59.3,succeeded,0
CUST-01355,2025-11-22 00:00:00+00:00,74.96,succeeded,0
CUST-01356,2026-03-22 00:00:00+00:00,74.72,succeeded,2
CUST-01356,2026-02-20 00:00:00+00:00,66.63,succeeded,3
CUST-01356,2026-01-21 00:00:00+00:00,66.27,succeeded,2
CUST-01356,2025-12-22 00:00:00+00:00,65.81,succeeded,1
CUST-01356,2025-11-22 00:00:00+00:00,67.21,succeeded,2
CUST-01357,2026-03-22 00:00:00+00:00,85.4,succeeded,1
CUST-01357,2026-02-20 00:00:00+00:00,82.46,succeeded,2
CUST-01357,2026-01-21 00:00:00+00:00,91.52,succeeded,2
CUST-01357,2025-12-22 00:00:00+00:00,97.3,failed,10
CUST-01357,2025-11-22 00:00:00+00:00,88.87,succeeded,1
CUST-01358,2026-04-21 00:00:00+00:00,186.39,succeeded,0
CUST-01358,2026-03-22 00:00:00+00:00,191.02,succeeded,3
CUST-01358,2026-02-20 00:00:00+00:00,199.05,succeeded,1
CUST-01358,2026-01-21 00:00:00+00:00,193.61,succeeded,3
CUST-01358,2025-12-22 00:00:00+00:00,188.48,succeeded,3
CUST-01358,2025-11-22 00:00:00+00:00,197.19,succeeded,0
CUST-01359,2026-03-22 00:00:00+00:00,40.29,succeeded,0
CUST-01359,2026-02-20 00:00:00+00:00,38.45,succeeded,3
CUST-01359,2026-01-21 00:00:00+00:00,36.83,succeeded,0
CUST-01359,2025-12-22 00:00:00+00:00,41.66,succeeded,2
CUST-01359,2025-11-22 00:00:00+00:00,30.74,succeeded,2
CUST-01360,2026-04-21 00:00:00+00:00,36.24,succeeded,0
CUST-01360,2026-03-22 00:00:00+00:00,37.42,succeeded,0
CUST-01360,2026-02-20 00:00:00+00:00,31.97,succeeded,0
CUST-01360,2026-01-21 00:00:00+00:00,27.97,succeeded,2
CUST-01360,2025-12-22 00:00:00+00:00,22.65,succeeded,1
CUST-01360,2025-11-22 00:00:00+00:00,30.42,succeeded,2
CUST-01361,2026-04-21 00:00:00+00:00,73.11,succeeded,2
CUST-01361,2026-03-22 00:00:00+00:00,72.88,succeeded,3
CUST-01361,2026-02-20 00:00:00+00:00,73.18,succeeded,1
CUST-01361,2026-01-21 00:00:00+00:00,68.91,succeeded,2
CUST-01361,2025-12-22 00:00:00+00:00,70.19,succeeded,1
CUST-01361,2025-11-22 00:00:00+00:00,67.77,succeeded,2
CUST-01362,2026-04-21 00:00:00+00:00,75.96,succeeded,0
CUST-01362,2026-03-22 00:00:00+00:00,73.71,succeeded,3
CUST-01362,2026-02-20 00:00:00+00:00,76.41,succeeded,2
CUST-01362,2026-01-21 00:00:00+00:00,72.96,succeeded,1
CUST-01362,2025-12-22 00:00:00+00:00,74.66,succeeded,3
CUST-01362,2025-11-22 00:00:00+00:00,74.94,succeeded,0
CUST-01363,2026-04-21 00:00:00+00:00,10.0,succeeded,0
CUST-01363,2026-03-22 00:00:00+00:00,11.47,succeeded,2
CUST-01363,2026-02-20 00:00:00+00:00,14.06,succeeded,2
CUST-01363,2026-01-21 00:00:00+00:00,10.0,succeeded,3
CUST-01363,2025-12-22 00:00:00+00:00,10.0,succeeded,2
CUST-01363,2025-11-22 00:00:00+00:00,12.23,succeeded,2
CUST-01364,2026-04-21 00:00:00+00:00,69.77,succeeded,3
CUST-01364,2026-03-22 00:00:00+00:00,72.54,succeeded,2
CUST-01364,2026-02-20 00:00:00+00:00,79.67,succeeded,2
CUST-01364,2026-01-21 00:00:00+00:00,70.88,succeeded,1
CUST-01364,2025-12-22 00:00:00+00:00,75.96,succeeded,3
CUST-01364,2025-11-22 00:00:00+00:00,81.34,succeeded,0
CUST-01365,2026-03-22 00:00:00+00:00,23.93,succeeded,3
CUST-01365,2026-02-20 00:00:00+00:00,26.44,succeeded,2
CUST-01365,2026-01-21 00:00:00+00:00,39.68,succeeded,1
CUST-01365,2025-12-22 00:00:00+00:00,27.12,succeeded,1
CUST-01365,2025-11-22 00:00:00+00:00,32.51,succeeded,0
CUST-01366,2026-04-21 00:00:00+00:00,202.41,succeeded,2
CUST-01366,2026-03-22 00:00:00+00:00,208.99,succeeded,2
CUST-01366,2026-02-20 00:00:00+00:00,200.94,failed,9
CUST-01366,2026-01-21 00:00:00+00:00,209.8,succeeded,0
CUST-01366,2025-12-22 00:00:00+00:00,209.87,succeeded,1
CUST-01366,2025-11-22 00:00:00+00:00,193.72,succeeded,0
CUST-01367,2026-04-21 00:00:00+00:00,10.0,succeeded,3
CUST-01367,2026-03-22 00:00:00+00:00,16.39,succeeded,0
CUST-01367,2026-02-20 00:00:00+00:00,10.0,succeeded,2
CUST-01367,2026-01-21 00:00:00+00:00,10.0,succeeded,3
CUST-01367,2025-12-22 00:00:00+00:00,14.04,succeeded,3
CUST-01367,2025-11-22 00:00:00+00:00,10.0,succeeded,1
CUST-01368,2026-04-21 00:00:00+00:00,40.66,failed,4
CUST-01368,2026-03-22 00:00:00+00:00,47.07,failed,10
CUST-01368,2026-02-20 00:00:00+00:00,37.76,succeeded,3
CUST-01368,2026-01-21 00:00:00+00:00,46.39,failed,0
CUST-01368,2025-12-22 00:00:00+00:00,36.41,succeeded,3
CUST-01368,2025-11-22 00:00:00+00:00,45.27,succeeded,2
CUST-01369,2026-04-21 00:00:00+00:00,32.1,succeeded,3
CUST-01369,2026-03-22 00:00:00+00:00,39.07,succeeded,1
CUST-01369,2026-02-20 00:00:00+00:00,33.73,succeeded,2
CUST-01369,2026-01-21 00:00:00+00:00,42.54,succeeded,2
CUST-01369,2025-12-22 00:00:00+00:00,42.96,succeeded,2
CUST-01369,2025-11-22 00:00:00+00:00,42.37,succeeded,2
CUST-01370,2026-04-21 00:00:00+00:00,43.02,succeeded,1
CUST-01370,2026-03-22 00:00:00+00:00,37.09,succeeded,1
CUST-01370,2026-02-20 00:00:00+00:00,33.21,succeeded,1
CUST-01370,2026-01-21 00:00:00+00:00,32.6,succeeded,2
CUST-01370,2025-12-22 00:00:00+00:00,46.91,succeeded,2
CUST-01370,2025-11-22 00:00:00+00:00,35.33,succeeded,1
CUST-01371,2026-04-21 00:00:00+00:00,36.69,succeeded,1
CUST-01371,2026-03-22 00:00:00+00:00,12.84,succeeded,2
CUST-01371,2026-02-20 00:00:00+00:00,27.53,succeeded,0
CUST-01371,2026-01-21 00:00:00+00:00,34.42,succeeded,2
CUST-01371,2025-12-22 00:00:00+00:00,21.82,succeeded,1
CUST-01371,2025-11-22 00:00:00+00:00,27.42,succeeded,1
CUST-01372,2026-04-21 00:00:00+00:00,35.51,succeeded,2
CUST-01372,2026-03-22 00:00:00+00:00,40.92,succeeded,2
CUST-01372,2026-02-20 00:00:00+00:00,40.62,succeeded,1
CUST-01372,2026-01-21 00:00:00+00:00,34.19,succeeded,0
CUST-01372,2025-12-22 00:00:00+00:00,36.07,succeeded,0
CUST-01372,2025-11-22 00:00:00+00:00,36.17,succeeded,1
CUST-01373,2026-04-21 00:00:00+00:00,20.22,succeeded,0
CUST-01373,2026-03-22 00:00:00+00:00,23.73,succeeded,2
CUST-01373,2026-02-20 00:00:00+00:00,10.0,succeeded,2
CUST-01373,2026-01-21 00:00:00+00:00,19.51,succeeded,2
CUST-01373,2025-12-22 00:00:00+00:00,10.0,succeeded,0
CUST-01373,2025-11-22 00:00:00+00:00,19.68,succeeded,1
CUST-01374,2026-04-21 00:00:00+00:00,42.9,succeeded,2
CUST-01374,2026-03-22 00:00:00+00:00,38.11,succeeded,1
CUST-01374,2026-02-20 00:00:00+00:00,41.85,succeeded,3
CUST-01374,2026-01-21 00:00:00+00:00,28.32,failed,4
CUST-01374,2025-12-22 00:00:00+00:00,42.68,succeeded,2
CUST-01374,2025-11-22 00:00:00+00:00,40.85,succeeded,2
CUST-01375,2026-03-22 00:00:00+00:00,23.79,succeeded,0
CUST-01375,2026-02-20 00:00:00+00:00,23.93,succeeded,0
CUST-01375,2026-01-21 00:00:00+00:00,23.16,succeeded,3
CUST-01375,2025-12-22 00:00:00+00:00,12.99,succeeded,1
CUST-01375,2025-11-22 00:00:00+00:00,10.88,failed,1
CUST-01376,2026-04-21 00:00:00+00:00,13.04,succeeded,3
CUST-01376,2026-03-22 00:00:00+00:00,19.7,failed,14
CUST-01376,2026-02-20 00:00:00+00:00,16.34,succeeded,1
CUST-01376,2026-01-21 00:00:00+00:00,19.66,succeeded,2
CUST-01376,2025-12-22 00:00:00+00:00,13.81,failed,10
CUST-01376,2025-11-22 00:00:00+00:00,11.38,succeeded,0
CUST-01377,2026-04-21 00:00:00+00:00,16.55,failed,4
CUST-01377,2026-03-22 00:00:00+00:00,19.59,succeeded,0
CUST-01377,2026-02-20 00:00:00+00:00,17.24,succeeded,1
CUST-01377,2026-01-21 00:00:00+00:00,28.25,succeeded,0
CUST-01377,2025-12-22 00:00:00+00:00,16.76,succeeded,2
CUST-01377,2025-11-22 00:00:00+00:00,15.21,failed,0
CUST-01378,2026-03-22 00:00:00+00:00,37.58,succeeded,0
CUST-01378,2026-02-20 00:00:00+00:00,22.96,succeeded,3
CUST-01378,2026-01-21 00:00:00+00:00,32.54,succeeded,2
CUST-01378,2025-12-22 00:00:00+00:00,34.85,failed,11
CUST-01378,2025-11-22 00:00:00+00:00,34.08,succeeded,2
CUST-01379,2026-04-21 00:00:00+00:00,27.48,succeeded,2
CUST-01379,2026-03-22 00:00:00+00:00,21.01,succeeded,2
CUST-01379,2026-02-20 00:00:00+00:00,16.48,failed,3
CUST-01379,2026-01-21 00:00:00+00:00,22.36,succeeded,3
CUST-01379,2025-12-22 00:00:00+00:00,27.74,succeeded,1
CUST-01379,2025-11-22 00:00:00+00:00,23.04,succeeded,1
CUST-01380,2026-04-21 00:00:00+00:00,33.54,succeeded,1
CUST-01380,2026-03-22 00:00:00+00:00,36.06,succeeded,2
CUST-01380,2026-02-20 00:00:00+00:00,29.8,succeeded,2
CUST-01380,2026-01-21 00:00:00+00:00,30.75,succeeded,2
CUST-01380,2025-12-22 00:00:00+00:00,29.96,succeeded,2
CUST-01380,2025-11-22 00:00:00+00:00,31.87,succeeded,1
CUST-01381,2026-04-21 00:00:00+00:00,23.42,succeeded,2
CUST-01381,2026-03-22 00:00:00+00:00,13.17,succeeded,2
CUST-01381,2026-02-20 00:00:00+00:00,13.22,succeeded,0
CUST-01381,2026-01-21 00:00:00+00:00,10.0,succeeded,3
CUST-01381,2025-12-22 00:00:00+00:00,13.0,succeeded,0
CUST-01381,2025-11-22 00:00:00+00:00,10.0,succeeded,3
CUST-01382,2026-04-21 00:00:00+00:00,60.56,succeeded,0
CUST-01382,2026-03-22 00:00:00+00:00,65.51,failed,13
CUST-01382,2026-02-20 00:00:00+00:00,56.87,succeeded,0
CUST-01382,2026-01-21 00:00:00+00:00,62.59,succeeded,0
CUST-01382,2025-12-22 00:00:00+00:00,64.79,succeeded,2
CUST-01382,2025-11-22 00:00:00+00:00,63.69,failed,11
CUST-01383,2026-04-21 00:00:00+00:00,210.55,succeeded,1
CUST-01383,2026-03-22 00:00:00+00:00,215.98,succeeded,3
CUST-01383,2026-02-20 00:00:00+00:00,208.52,succeeded,1
CUST-01383,2026-01-21 00:00:00+00:00,203.44,succeeded,2
CUST-01383,2025-12-22 00:00:00+00:00,199.96,succeeded,1
CUST-01383,2025-11-22 00:00:00+00:00,210.86,succeeded,0
CUST-01384,2026-04-21 00:00:00+00:00,211.12,succeeded,2
CUST-01384,2026-03-22 00:00:00+00:00,205.91,succeeded,3
CUST-01384,2026-02-20 00:00:00+00:00,214.61,succeeded,0
CUST-01384,2026-01-21 00:00:00+00:00,202.88,succeeded,2
CUST-01384,2025-12-22 00:00:00+00:00,195.29,succeeded,0
CUST-01384,2025-11-22 00:00:00+00:00,204.97,succeeded,3
CUST-01385,2026-04-21 00:00:00+00:00,62.55,succeeded,1
CUST-01385,2026-03-22 00:00:00+00:00,69.19,succeeded,1
CUST-01385,2026-02-20 00:00:00+00:00,71.01,succeeded,0
CUST-01385,2026-01-21 00:00:00+00:00,68.57,succeeded,1
CUST-01385,2025-12-22 00:00:00+00:00,75.29,succeeded,1
CUST-01385,2025-11-22 00:00:00+00:00,78.05,succeeded,1
CUST-01386,2026-04-21 00:00:00+00:00,81.31,succeeded,0
CUST-01386,2026-03-22 00:00:00+00:00,81.96,succeeded,1
CUST-01386,2026-02-20 00:00:00+00:00,75.45,succeeded,0
CUST-01386,2026-01-21 00:00:00+00:00,76.55,succeeded,2
CUST-01386,2025-12-22 00:00:00+00:00,74.53,succeeded,2
CUST-01386,2025-11-22 00:00:00+00:00,83.02,succeeded,1
CUST-01387,2026-03-22 00:00:00+00:00,29.74,succeeded,1
CUST-01387,2026-02-20 00:00:00+00:00,28.17,succeeded,2
CUST-01387,2026-01-21 00:00:00+00:00,35.42,succeeded,2
CUST-01387,2025-12-22 00:00:00+00:00,37.45,succeeded,2
CUST-01387,2025-11-22 00:00:00+00:00,41.47,succeeded,1
CUST-01388,2026-04-21 00:00:00+00:00,81.42,succeeded,3
CUST-01388,2026-03-22 00:00:00+00:00,83.37,succeeded,2
CUST-01388,2026-02-20 00:00:00+00:00,71.93,succeeded,3
CUST-01388,2026-01-21 00:00:00+00:00,70.92,succeeded,3
CUST-01388,2025-12-22 00:00:00+00:00,85.81,succeeded,0
CUST-01388,2025-11-22 00:00:00+00:00,84.32,succeeded,3
CUST-01389,2026-03-22 00:00:00+00:00,82.03,succeeded,0
CUST-01389,2026-02-20 00:00:00+00:00,77.4,succeeded,1
CUST-01389,2026-01-21 00:00:00+00:00,73.56,succeeded,2
CUST-01389,2025-12-22 00:00:00+00:00,89.74,succeeded,0
CUST-01389,2025-11-22 00:00:00+00:00,80.09,succeeded,0
CUST-01390,2026-04-21 00:00:00+00:00,93.03,succeeded,1
CUST-01390,2026-03-22 00:00:00+00:00,88.4,succeeded,0
CUST-01390,2026-02-20 00:00:00+00:00,85.37,succeeded,0
CUST-01390,2026-01-21 00:00:00+00:00,89.21,succeeded,2
CUST-01390,2025-12-22 00:00:00+00:00,92.22,succeeded,2
CUST-01390,2025-11-22 00:00:00+00:00,93.65,succeeded,3
CUST-01391,2026-04-21 00:00:00+00:00,190.62,succeeded,0
CUST-01391,2026-03-22 00:00:00+00:00,191.48,succeeded,3
CUST-01391,2026-02-20 00:00:00+00:00,197.94,failed,3
CUST-01391,2026-01-21 00:00:00+00:00,195.54,succeeded,3
CUST-01391,2025-12-22 00:00:00+00:00,194.57,succeeded,3
CUST-01391,2025-11-22 00:00:00+00:00,195.36,succeeded,3
CUST-01392,2026-03-22 00:00:00+00:00,19.23,succeeded,2
CUST-01392,2026-02-20 00:00:00+00:00,35.79,succeeded,3
CUST-01392,2026-01-21 00:00:00+00:00,37.96,succeeded,1
CUST-01392,2025-12-22 00:00:00+00:00,23.19,succeeded,3
CUST-01392,2025-11-22 00:00:00+00:00,38.55,succeeded,2
CUST-01393,2026-04-21 00:00:00+00:00,81.88,succeeded,1
CUST-01393,2026-03-22 00:00:00+00:00,73.08,succeeded,3
CUST-01393,2026-02-20 00:00:00+00:00,82.64,succeeded,1
CUST-01393,2026-01-21 00:00:00+00:00,75.85,succeeded,1
CUST-01393,2025-12-22 00:00:00+00:00,83.59,succeeded,2
CUST-01393,2025-11-22 00:00:00+00:00,85.48,succeeded,0
CUST-01394,2026-03-22 00:00:00+00:00,80.71,succeeded,2
CUST-01394,2026-02-20 00:00:00+00:00,78.79,succeeded,3
CUST-01394,2026-01-21 00:00:00+00:00,73.93,succeeded,3
CUST-01394,2025-12-22 00:00:00+00:00,79.67,succeeded,1
CUST-01394,2025-11-22 00:00:00+00:00,78.66,succeeded,1
CUST-01395,2026-04-21 00:00:00+00:00,29.18,succeeded,2
CUST-01395,2026-03-22 00:00:00+00:00,24.8,succeeded,2
CUST-01395,2026-02-20 00:00:00+00:00,28.15,succeeded,0
CUST-01395,2026-01-21 00:00:00+00:00,29.63,succeeded,0
CUST-01395,2025-12-22 00:00:00+00:00,34.36,succeeded,1
CUST-01395,2025-11-22 00:00:00+00:00,28.86,succeeded,3
CUST-01396,2026-03-22 00:00:00+00:00,200.91,succeeded,0
CUST-01396,2026-02-20 00:00:00+00:00,199.85,succeeded,1
CUST-01396,2026-01-21 00:00:00+00:00,199.2,succeeded,0
CUST-01396,2025-12-22 00:00:00+00:00,205.79,succeeded,0
CUST-01396,2025-11-22 00:00:00+00:00,207.3,succeeded,1
CUST-01397,2026-03-22 00:00:00+00:00,33.43,succeeded,2
CUST-01397,2026-02-20 00:00:00+00:00,18.74,succeeded,1
CUST-01397,2026-01-21 00:00:00+00:00,33.41,succeeded,0
CUST-01397,2025-12-22 00:00:00+00:00,29.57,failed,14
CUST-01397,2025-11-22 00:00:00+00:00,15.82,succeeded,3
CUST-01398,2026-04-21 00:00:00+00:00,193.53,succeeded,1
CUST-01398,2026-03-22 00:00:00+00:00,187.76,succeeded,3
CUST-01398,2026-02-20 00:00:00+00:00,183.25,succeeded,1
CUST-01398,2026-01-21 00:00:00+00:00,188.37,succeeded,2
CUST-01398,2025-12-22 00:00:00+00:00,192.06,succeeded,3
CUST-01398,2025-11-22 00:00:00+00:00,190.65,succeeded,2
CUST-01399,2026-04-21 00:00:00+00:00,83.15,succeeded,1
CUST-01399,2026-03-22 00:00:00+00:00,85.55,succeeded,1
CUST-01399,2026-02-20 00:00:00+00:00,92.51,succeeded,2
CUST-01399,2026-01-21 00:00:00+00:00,81.51,succeeded,3
CUST-01399,2025-12-22 00:00:00+00:00,82.76,succeeded,2
CUST-01399,2025-11-22 00:00:00+00:00,98.13,succeeded,2
CUST-01400,2026-04-21 00:00:00+00:00,18.33,failed,11
CUST-01400,2026-03-22 00:00:00+00:00,20.08,succeeded,3
CUST-01400,2026-02-20 00:00:00+00:00,11.18,succeeded,1
CUST-01400,2026-01-21 00:00:00+00:00,11.57,succeeded,0
CUST-01400,2025-12-22 00:00:00+00:00,26.33,succeeded,0
CUST-01400,2025-11-22 00:00:00+00:00,16.85,succeeded,3
CUST-01401,2026-04-21 00:00:00+00:00,74.13,failed,14
CUST-01401,2026-03-22 00:00:00+00:00,89.07,succeeded,2
CUST-01401,2026-02-20 00:00:00+00:00,78.18,succeeded,1
CUST-01401,2026-01-21 00:00:00+00:00,75.46,succeeded,1
CUST-01401,2025-12-22 00:00:00+00:00,79.26,succeeded,3
CUST-01401,2025-11-22 00:00:00+00:00,80.84,succeeded,3
CUST-01402,2026-04-21 00:00:00+00:00,28.44,succeeded,3
CUST-01402,2026-03-22 00:00:00+00:00,30.05,failed,3
CUST-01402,2026-02-20 00:00:00+00:00,35.61,failed,2
CUST-01402,2026-01-21 00:00:00+00:00,19.7,succeeded,3
CUST-01402,2025-12-22 00:00:00+00:00,22.3,succeeded,0
CUST-01402,2025-11-22 00:00:00+00:00,28.12,succeeded,2
CUST-01403,2026-04-21 00:00:00+00:00,76.02,succeeded,3
CUST-01403,2026-03-22 00:00:00+00:00,76.32,succeeded,3
CUST-01403,2026-02-20 00:00:00+00:00,75.92,succeeded,1
CUST-01403,2026-01-21 00:00:00+00:00,77.76,succeeded,2
CUST-01403,2025-12-22 00:00:00+00:00,73.99,succeeded,3
CUST-01403,2025-11-22 00:00:00+00:00,84.21,failed,12
CUST-01404,2026-04-21 00:00:00+00:00,60.15,succeeded,0
CUST-01404,2026-03-22 00:00:00+00:00,63.03,succeeded,3
CUST-01404,2026-02-20 00:00:00+00:00,61.94,succeeded,2
CUST-01404,2026-01-21 00:00:00+00:00,59.94,succeeded,0
CUST-01404,2025-12-22 00:00:00+00:00,65.35,succeeded,1
CUST-01404,2025-11-22 00:00:00+00:00,68.36,succeeded,3
CUST-01405,2026-03-22 00:00:00+00:00,95.47,succeeded,2
CUST-01405,2026-02-20 00:00:00+00:00,84.08,succeeded,1
CUST-01405,2026-01-21 00:00:00+00:00,81.27,succeeded,0
CUST-01405,2025-12-22 00:00:00+00:00,99.27,succeeded,1
CUST-01405,2025-11-22 00:00:00+00:00,86.6,succeeded,1
CUST-01406,2026-04-21 00:00:00+00:00,190.08,succeeded,1
CUST-01406,2026-03-22 00:00:00+00:00,193.25,failed,12
CUST-01406,2026-02-20 00:00:00+00:00,187.56,succeeded,1
CUST-01406,2026-01-21 00:00:00+00:00,191.85,succeeded,0
CUST-01406,2025-12-22 00:00:00+00:00,196.25,succeeded,0
CUST-01406,2025-11-22 00:00:00+00:00,189.02,succeeded,1
CUST-01407,2026-04-21 00:00:00+00:00,32.51,succeeded,1
CUST-01407,2026-03-22 00:00:00+00:00,38.07,succeeded,3
CUST-01407,2026-02-20 00:00:00+00:00,41.66,succeeded,3
CUST-01407,2026-01-21 00:00:00+00:00,47.35,succeeded,2
CUST-01407,2025-12-22 00:00:00+00:00,41.93,succeeded,1
CUST-01407,2025-11-22 00:00:00+00:00,36.37,succeeded,0
CUST-01408,2026-03-22 00:00:00+00:00,31.99,succeeded,1
CUST-01408,2026-02-20 00:00:00+00:00,31.76,failed,2
CUST-01408,2026-01-21 00:00:00+00:00,20.3,succeeded,3
CUST-01408,2025-12-22 00:00:00+00:00,29.65,succeeded,2
CUST-01408,2025-11-22 00:00:00+00:00,36.03,succeeded,1
CUST-01409,2026-04-21 00:00:00+00:00,29.41,succeeded,1
CUST-01409,2026-03-22 00:00:00+00:00,28.65,succeeded,2
CUST-01409,2026-02-20 00:00:00+00:00,23.54,succeeded,2
CUST-01409,2026-01-21 00:00:00+00:00,28.43,succeeded,0
CUST-01409,2025-12-22 00:00:00+00:00,23.31,succeeded,3
CUST-01409,2025-11-22 00:00:00+00:00,32.14,succeeded,2
CUST-01410,2026-04-21 00:00:00+00:00,41.62,failed,11
CUST-01410,2026-03-22 00:00:00+00:00,40.43,failed,12
CUST-01410,2026-02-20 00:00:00+00:00,47.06,succeeded,0
CUST-01410,2026-01-21 00:00:00+00:00,47.0,failed,12
CUST-01410,2025-12-22 00:00:00+00:00,38.38,succeeded,2
CUST-01410,2025-11-22 00:00:00+00:00,46.14,succeeded,3
CUST-01411,2026-03-22 00:00:00+00:00,22.29,succeeded,0
CUST-01411,2026-02-20 00:00:00+00:00,29.28,succeeded,3
CUST-01411,2026-01-21 00:00:00+00:00,30.05,succeeded,0
CUST-01411,2025-12-22 00:00:00+00:00,34.64,succeeded,1
CUST-01411,2025-11-22 00:00:00+00:00,27.71,succeeded,0
CUST-01412,2026-04-21 00:00:00+00:00,41.59,succeeded,0
CUST-01412,2026-03-22 00:00:00+00:00,36.07,succeeded,0
CUST-01412,2026-02-20 00:00:00+00:00,45.78,succeeded,0
CUST-01412,2026-01-21 00:00:00+00:00,36.27,succeeded,1
CUST-01412,2025-12-22 00:00:00+00:00,41.18,succeeded,1
CUST-01412,2025-11-22 00:00:00+00:00,34.43,succeeded,2
CUST-01413,2026-04-21 00:00:00+00:00,20.02,succeeded,1
CUST-01413,2026-03-22 00:00:00+00:00,32.95,succeeded,2
CUST-01413,2026-02-20 00:00:00+00:00,34.3,succeeded,0
CUST-01413,2026-01-21 00:00:00+00:00,28.33,succeeded,0
CUST-01413,2025-12-22 00:00:00+00:00,37.65,succeeded,0
CUST-01413,2025-11-22 00:00:00+00:00,28.5,succeeded,3
CUST-01414,2026-04-21 00:00:00+00:00,21.9,succeeded,0
CUST-01414,2026-03-22 00:00:00+00:00,25.18,succeeded,3
CUST-01414,2026-02-20 00:00:00+00:00,31.33,succeeded,3
CUST-01414,2026-01-21 00:00:00+00:00,28.85,succeeded,1
CUST-01414,2025-12-22 00:00:00+00:00,33.59,succeeded,2
CUST-01414,2025-11-22 00:00:00+00:00,29.69,succeeded,2
CUST-01415,2026-03-22 00:00:00+00:00,202.1,failed,2
CUST-01415,2026-02-20 00:00:00+00:00,201.54,succeeded,3
CUST-01415,2026-01-21 00:00:00+00:00,209.64,succeeded,1
CUST-01415,2025-12-22 00:00:00+00:00,199.87,succeeded,2
CUST-01415,2025-11-22 00:00:00+00:00,205.3,succeeded,1
CUST-01416,2026-03-22 00:00:00+00:00,44.55,succeeded,2
CUST-01416,2026-02-20 00:00:00+00:00,36.76,succeeded,2
CUST-01416,2026-01-21 00:00:00+00:00,35.89,succeeded,3
CUST-01416,2025-12-22 00:00:00+00:00,36.39,succeeded,1
CUST-01416,2025-11-22 00:00:00+00:00,39.7,failed,12
CUST-01417,2026-04-21 00:00:00+00:00,192.32,succeeded,1
CUST-01417,2026-03-22 00:00:00+00:00,193.31,succeeded,2
CUST-01417,2026-02-20 00:00:00+00:00,191.64,succeeded,1
CUST-01417,2026-01-21 00:00:00+00:00,189.14,succeeded,1
CUST-01417,2025-12-22 00:00:00+00:00,199.36,succeeded,1
CUST-01417,2025-11-22 00:00:00+00:00,194.07,succeeded,2
CUST-01418,2026-03-22 00:00:00+00:00,21.21,succeeded,0
CUST-01418,2026-02-20 00:00:00+00:00,24.91,failed,7
CUST-01418,2026-01-21 00:00:00+00:00,21.24,succeeded,2
CUST-01418,2025-12-22 00:00:00+00:00,22.48,failed,14
CUST-01418,2025-11-22 00:00:00+00:00,54.21,succeeded,3
CUST-01419,2026-04-21 00:00:00+00:00,26.13,succeeded,1
CUST-01419,2026-03-22 00:00:00+00:00,21.54,succeeded,3
CUST-01419,2026-02-20 00:00:00+00:00,14.72,succeeded,2
CUST-01419,2026-01-21 00:00:00+00:00,23.96,succeeded,1
CUST-01419,2025-12-22 00:00:00+00:00,24.49,succeeded,1
CUST-01419,2025-11-22 00:00:00+00:00,25.1,succeeded,1
CUST-01420,2026-04-21 00:00:00+00:00,75.85,succeeded,3
CUST-01420,2026-03-22 00:00:00+00:00,83.49,failed,12
CUST-01420,2026-02-20 00:00:00+00:00,264.29999999999995,failed,1
CUST-01420,2026-01-21 00:00:00+00:00,77.65,failed,11
CUST-01420,2025-12-22 00:00:00+00:00,70.91,succeeded,0
CUST-01420,2025-11-22 00:00:00+00:00,83.62,succeeded,2
CUST-01421,2026-04-21 00:00:00+00:00,29.47,succeeded,2
CUST-01421,2026-03-22 00:00:00+00:00,30.39,succeeded,0
CUST-01421,2026-02-20 00:00:00+00:00,26.12,succeeded,2
CUST-01421,2026-01-21 00:00:00+00:00,35.03,succeeded,2
CUST-01421,2025-12-22 00:00:00+00:00,29.92,succeeded,1
CUST-01421,2025-11-22 00:00:00+00:00,21.82,succeeded,0
CUST-01422,2026-04-21 00:00:00+00:00,37.86,succeeded,0
CUST-01422,2026-03-22 00:00:00+00:00,33.15,succeeded,0
CUST-01422,2026-02-20 00:00:00+00:00,30.11,succeeded,0
CUST-01422,2026-01-21 00:00:00+00:00,30.22,failed,13
CUST-01422,2025-12-22 00:00:00+00:00,26.76,succeeded,2
CUST-01422,2025-11-22 00:00:00+00:00,31.62,succeeded,3
CUST-01423,2026-04-21 00:00:00+00:00,94.08,succeeded,3
CUST-01423,2026-03-22 00:00:00+00:00,99.35,succeeded,2
CUST-01423,2026-02-20 00:00:00+00:00,82.29,succeeded,3
CUST-01423,2026-01-21 00:00:00+00:00,86.87,succeeded,0
CUST-01423,2025-12-22 00:00:00+00:00,86.73,succeeded,1
CUST-01423,2025-11-22 00:00:00+00:00,86.87,succeeded,1
CUST-01424,2026-03-22 00:00:00+00:00,14.29,succeeded,2
CUST-01424,2026-02-20 00:00:00+00:00,17.23,failed,9
CUST-01424,2026-01-21 00:00:00+00:00,19.47,succeeded,1
CUST-01424,2025-12-22 00:00:00+00:00,19.83,succeeded,0
CUST-01424,2025-11-22 00:00:00+00:00,16.97,succeeded,3
CUST-01425,2026-04-21 00:00:00+00:00,24.15,succeeded,0
CUST-01425,2026-03-22 00:00:00+00:00,26.67,succeeded,1
CUST-01425,2026-02-20 00:00:00+00:00,22.38,succeeded,2
CUST-01425,2026-01-21 00:00:00+00:00,28.4,failed,5
CUST-01425,2025-12-22 00:00:00+00:00,18.7,failed,2
CUST-01425,2025-11-22 00:00:00+00:00,17.44,failed,5
CUST-01426,2026-04-21 00:00:00+00:00,71.11,succeeded,1
CUST-01426,2026-03-22 00:00:00+00:00,61.14,succeeded,2
CUST-01426,2026-02-20 00:00:00+00:00,70.02,succeeded,1
CUST-01426,2026-01-21 00:00:00+00:00,71.09,succeeded,0
CUST-01426,2025-12-22 00:00:00+00:00,62.95,succeeded,0
CUST-01426,2025-11-22 00:00:00+00:00,58.67,succeeded,3
CUST-01427,2026-04-21 00:00:00+00:00,46.98,succeeded,2
CUST-01427,2026-03-22 00:00:00+00:00,40.93,succeeded,3
CUST-01427,2026-02-20 00:00:00+00:00,50.63,succeeded,3
CUST-01427,2026-01-21 00:00:00+00:00,42.21,failed,12
CUST-01427,2025-12-22 00:00:00+00:00,50.38,succeeded,3
CUST-01427,2025-11-22 00:00:00+00:00,48.07,succeeded,3
CUST-01428,2026-04-21 00:00:00+00:00,78.79,succeeded,1
CUST-01428,2026-03-22 00:00:00+00:00,87.34,succeeded,2
CUST-01428,2026-02-20 00:00:00+00:00,80.66,succeeded,0
CUST-01428,2026-01-21 00:00:00+00:00,75.69,succeeded,1
CUST-01428,2025-12-22 00:00:00+00:00,74.29,succeeded,1
CUST-01428,2025-11-22 00:00:00+00:00,90.99,failed,11
CUST-01429,2026-04-21 00:00:00+00:00,30.1,succeeded,2
CUST-01429,2026-03-22 00:00:00+00:00,28.35,failed,5
CUST-01429,2026-02-20 00:00:00+00:00,25.99,succeeded,0
CUST-01429,2026-01-21 00:00:00+00:00,39.99,succeeded,2
CUST-01429,2025-12-22 00:00:00+00:00,29.95,failed,5
CUST-01429,2025-11-22 00:00:00+00:00,41.8,failed,2
CUST-01430,2026-04-21 00:00:00+00:00,190.89,succeeded,0
CUST-01430,2026-03-22 00:00:00+00:00,187.78,succeeded,2
CUST-01430,2026-02-20 00:00:00+00:00,192.03,failed,6
CUST-01430,2026-01-21 00:00:00+00:00,197.48,succeeded,0
CUST-01430,2025-12-22 00:00:00+00:00,194.06,failed,10
CUST-01430,2025-11-22 00:00:00+00:00,188.69,succeeded,1
CUST-01431,2026-04-21 00:00:00+00:00,79.15,succeeded,1
CUST-01431,2026-03-22 00:00:00+00:00,83.03,succeeded,2
CUST-01431,2026-02-20 00:00:00+00:00,78.16,succeeded,1
CUST-01431,2026-01-21 00:00:00+00:00,79.81,succeeded,3
CUST-01431,2025-12-22 00:00:00+00:00,82.8,succeeded,2
CUST-01431,2025-11-22 00:00:00+00:00,73.66,succeeded,0
CUST-01432,2026-03-22 00:00:00+00:00,202.01,succeeded,0
CUST-01432,2026-02-20 00:00:00+00:00,201.61,succeeded,2
CUST-01432,2026-01-21 00:00:00+00:00,203.61,succeeded,1
CUST-01432,2025-12-22 00:00:00+00:00,202.84,succeeded,3
CUST-01432,2025-11-22 00:00:00+00:00,206.73,succeeded,3
CUST-01433,2026-04-21 00:00:00+00:00,68.57,succeeded,0
CUST-01433,2026-03-22 00:00:00+00:00,76.62,succeeded,2
CUST-01433,2026-02-20 00:00:00+00:00,69.6,succeeded,0
CUST-01433,2026-01-21 00:00:00+00:00,78.02,succeeded,2
CUST-01433,2025-12-22 00:00:00+00:00,78.56,succeeded,3
CUST-01433,2025-11-22 00:00:00+00:00,75.28,succeeded,2
CUST-01434,2026-03-22 00:00:00+00:00,30.55,succeeded,0
CUST-01434,2026-02-20 00:00:00+00:00,42.16,succeeded,0
CUST-01434,2026-01-21 00:00:00+00:00,42.11,failed,14
CUST-01434,2025-12-22 00:00:00+00:00,39.21,succeeded,3
CUST-01434,2025-11-22 00:00:00+00:00,33.25,succeeded,2
CUST-01435,2026-04-21 00:00:00+00:00,96.66,succeeded,2
CUST-01435,2026-03-22 00:00:00+00:00,101.5,succeeded,1
CUST-01435,2026-02-20 00:00:00+00:00,102.05,succeeded,1
CUST-01435,2026-01-21 00:00:00+00:00,100.71,succeeded,3
CUST-01435,2025-12-22 00:00:00+00:00,94.18,failed,7
CUST-01435,2025-11-22 00:00:00+00:00,98.87,succeeded,2
CUST-01436,2026-04-21 00:00:00+00:00,16.35,succeeded,3
CUST-01436,2026-03-22 00:00:00+00:00,15.18,succeeded,2
CUST-01436,2026-02-20 00:00:00+00:00,20.83,succeeded,0
CUST-01436,2026-01-21 00:00:00+00:00,19.26,succeeded,0
CUST-01436,2025-12-22 00:00:00+00:00,25.9,succeeded,2
CUST-01436,2025-11-22 00:00:00+00:00,17.98,succeeded,1
CUST-01437,2026-04-21 00:00:00+00:00,75.29,succeeded,1
CUST-01437,2026-03-22 00:00:00+00:00,73.62,succeeded,1
CUST-01437,2026-02-20 00:00:00+00:00,69.86,succeeded,1
CUST-01437,2026-01-21 00:00:00+00:00,73.39,succeeded,2
CUST-01437,2025-12-22 00:00:00+00:00,75.98,succeeded,2
CUST-01437,2025-11-22 00:00:00+00:00,63.07,succeeded,1
CUST-01438,2026-03-22 00:00:00+00:00,73.63,succeeded,1
CUST-01438,2026-02-20 00:00:00+00:00,72.45,failed,12
CUST-01438,2026-01-21 00:00:00+00:00,65.5,succeeded,2
CUST-01438,2025-12-22 00:00:00+00:00,68.22,succeeded,2
CUST-01438,2025-11-22 00:00:00+00:00,71.88,failed,0
CUST-01439,2026-03-22 00:00:00+00:00,31.18,succeeded,1
CUST-01439,2026-02-20 00:00:00+00:00,37.79,succeeded,2
CUST-01439,2026-01-21 00:00:00+00:00,43.15,succeeded,1
CUST-01439,2025-12-22 00:00:00+00:00,32.07,succeeded,0
CUST-01439,2025-11-22 00:00:00+00:00,49.69,succeeded,0
CUST-01440,2026-04-21 00:00:00+00:00,209.21,succeeded,2
CUST-01440,2026-03-22 00:00:00+00:00,210.25,succeeded,3
CUST-01440,2026-02-20 00:00:00+00:00,200.05,succeeded,0
CUST-01440,2026-01-21 00:00:00+00:00,203.9,succeeded,0
CUST-01440,2025-12-22 00:00:00+00:00,205.82,succeeded,2
CUST-01440,2025-11-22 00:00:00+00:00,221.07,succeeded,0
CUST-01441,2026-04-21 00:00:00+00:00,25.73,succeeded,1
CUST-01441,2026-03-22 00:00:00+00:00,27.68,succeeded,2
CUST-01441,2026-02-20 00:00:00+00:00,33.16,succeeded,0
CUST-01441,2026-01-21 00:00:00+00:00,24.21,failed,13
CUST-01441,2025-12-22 00:00:00+00:00,21.76,succeeded,2
CUST-01441,2025-11-22 00:00:00+00:00,25.31,succeeded,0
CUST-01442,2026-03-22 00:00:00+00:00,77.1,succeeded,2
CUST-01442,2026-02-20 00:00:00+00:00,77.12,succeeded,3
CUST-01442,2026-01-21 00:00:00+00:00,82.49,succeeded,2
CUST-01442,2025-12-22 00:00:00+00:00,82.33,succeeded,2
CUST-01442,2025-11-22 00:00:00+00:00,82.77,succeeded,0
CUST-01443,2026-04-21 00:00:00+00:00,77.39,succeeded,1
CUST-01443,2026-03-22 00:00:00+00:00,73.46,succeeded,0
CUST-01443,2026-02-20 00:00:00+00:00,70.03,succeeded,3
CUST-01443,2026-01-21 00:00:00+00:00,215.34,succeeded,3
CUST-01443,2025-12-22 00:00:00+00:00,66.7,succeeded,2
CUST-01443,2025-11-22 00:00:00+00:00,65.93,succeeded,2
CUST-01444,2026-03-22 00:00:00+00:00,40.06,succeeded,1
CUST-01444,2026-02-20 00:00:00+00:00,33.4,succeeded,2
CUST-01444,2026-01-21 00:00:00+00:00,43.37,succeeded,2
CUST-01444,2025-12-22 00:00:00+00:00,39.36,succeeded,3
CUST-01444,2025-11-22 00:00:00+00:00,36.46,succeeded,0
CUST-01445,2026-04-21 00:00:00+00:00,74.83,succeeded,2
CUST-01445,2026-03-22 00:00:00+00:00,72.02,succeeded,3
CUST-01445,2026-02-20 00:00:00+00:00,76.18,succeeded,3
CUST-01445,2026-01-21 00:00:00+00:00,75.16,succeeded,2
CUST-01445,2025-12-22 00:00:00+00:00,69.36,succeeded,3
CUST-01445,2025-11-22 00:00:00+00:00,76.22,succeeded,2
CUST-01446,2026-04-21 00:00:00+00:00,73.81,succeeded,3
CUST-01446,2026-03-22 00:00:00+00:00,78.91,succeeded,1
CUST-01446,2026-02-20 00:00:00+00:00,85.7,succeeded,0
CUST-01446,2026-01-21 00:00:00+00:00,77.76,succeeded,2
CUST-01446,2025-12-22 00:00:00+00:00,73.72,failed,5
CUST-01446,2025-11-22 00:00:00+00:00,74.6,failed,12
CUST-01447,2026-04-21 00:00:00+00:00,31.9,succeeded,2
CUST-01447,2026-03-22 00:00:00+00:00,42.17,succeeded,1
CUST-01447,2026-02-20 00:00:00+00:00,38.74,succeeded,0
CUST-01447,2026-01-21 00:00:00+00:00,30.88,failed,11
CUST-01447,2025-12-22 00:00:00+00:00,31.68,failed,10
CUST-01447,2025-11-22 00:00:00+00:00,27.21,succeeded,0
CUST-01448,2026-03-22 00:00:00+00:00,79.37,succeeded,1
CUST-01448,2026-02-20 00:00:00+00:00,76.75,succeeded,2
CUST-01448,2026-01-21 00:00:00+00:00,82.02,succeeded,2
CUST-01448,2025-12-22 00:00:00+00:00,77.67,succeeded,2
CUST-01448,2025-11-22 00:00:00+00:00,79.43,succeeded,1
CUST-01449,2026-04-21 00:00:00+00:00,30.07,succeeded,1
CUST-01449,2026-03-22 00:00:00+00:00,30.33,succeeded,1
CUST-01449,2026-02-20 00:00:00+00:00,31.86,succeeded,1
CUST-01449,2026-01-21 00:00:00+00:00,27.93,succeeded,0
CUST-01449,2025-12-22 00:00:00+00:00,21.7,succeeded,1
CUST-01449,2025-11-22 00:00:00+00:00,25.98,succeeded,3
CUST-01450,2026-04-21 00:00:00+00:00,73.65,succeeded,3
CUST-01450,2026-03-22 00:00:00+00:00,80.52,succeeded,0
CUST-01450,2026-02-20 00:00:00+00:00,72.57,succeeded,3
CUST-01450,2026-01-21 00:00:00+00:00,72.97,succeeded,1
CUST-01450,2025-12-22 00:00:00+00:00,79.84,succeeded,0
CUST-01450,2025-11-22 00:00:00+00:00,82.04,succeeded,1
CUST-01451,2026-04-21 00:00:00+00:00,40.85,failed,0
CUST-01451,2026-03-22 00:00:00+00:00,38.05,succeeded,0
CUST-01451,2026-02-20 00:00:00+00:00,41.27,succeeded,1
CUST-01451,2026-01-21 00:00:00+00:00,37.79,succeeded,3
CUST-01451,2025-12-22 00:00:00+00:00,40.71,succeeded,3
CUST-01451,2025-11-22 00:00:00+00:00,33.25,failed,2
CUST-01452,2026-04-21 00:00:00+00:00,212.41,failed,0
CUST-01452,2026-03-22 00:00:00+00:00,215.4,succeeded,1
CUST-01452,2026-02-20 00:00:00+00:00,218.69,succeeded,1
CUST-01452,2026-01-21 00:00:00+00:00,214.44,succeeded,3
CUST-01452,2025-12-22 00:00:00+00:00,214.57,succeeded,3
CUST-01452,2025-11-22 00:00:00+00:00,207.72,succeeded,0
CUST-01453,2026-03-22 00:00:00+00:00,206.47,succeeded,2
CUST-01453,2026-02-20 00:00:00+00:00,195.65,failed,12
CUST-01453,2026-01-21 00:00:00+00:00,206.06,failed,13
CUST-01453,2025-12-22 00:00:00+00:00,214.16,succeeded,3
CUST-01453,2025-11-22 00:00:00+00:00,203.57,succeeded,2
CUST-01454,2026-04-21 00:00:00+00:00,32.5,succeeded,0
CUST-01454,2026-03-22 00:00:00+00:00,50.91,succeeded,0
CUST-01454,2026-02-20 00:00:00+00:00,31.76,succeeded,3
CUST-01454,2026-01-21 00:00:00+00:00,34.61,succeeded,2
CUST-01454,2025-12-22 00:00:00+00:00,39.31,succeeded,2
CUST-01454,2025-11-22 00:00:00+00:00,44.12,succeeded,3
CUST-01455,2026-04-21 00:00:00+00:00,26.49,succeeded,3
CUST-01455,2026-03-22 00:00:00+00:00,27.16,failed,6
CUST-01455,2026-02-20 00:00:00+00:00,25.5,succeeded,1
CUST-01455,2026-01-21 00:00:00+00:00,27.49,failed,13
CUST-01455,2025-12-22 00:00:00+00:00,30.65,succeeded,3
CUST-01455,2025-11-22 00:00:00+00:00,18.44,succeeded,2
CUST-01456,2026-04-21 00:00:00+00:00,69.42,succeeded,0
CUST-01456,2026-03-22 00:00:00+00:00,64.25,succeeded,2
CUST-01456,2026-02-20 00:00:00+00:00,70.82,succeeded,2
CUST-01456,2026-01-21 00:00:00+00:00,76.5,succeeded,1
CUST-01456,2025-12-22 00:00:00+00:00,73.47,succeeded,3
CUST-01456,2025-11-22 00:00:00+00:00,72.32,succeeded,3
CUST-01457,2026-03-22 00:00:00+00:00,86.22,failed,4
CUST-01457,2026-02-20 00:00:00+00:00,86.67,succeeded,0
CUST-01457,2026-01-21 00:00:00+00:00,72.15,succeeded,0
CUST-01457,2025-12-22 00:00:00+00:00,88.58,failed,4
CUST-01457,2025-11-22 00:00:00+00:00,86.33,failed,13
CUST-01458,2026-04-21 00:00:00+00:00,21.81,succeeded,3
CUST-01458,2026-03-22 00:00:00+00:00,30.97,succeeded,1
CUST-01458,2026-02-20 00:00:00+00:00,29.12,succeeded,3
CUST-01458,2026-01-21 00:00:00+00:00,36.08,succeeded,0
CUST-01458,2025-12-22 00:00:00+00:00,35.06,succeeded,3
CUST-01458,2025-11-22 00:00:00+00:00,26.27,failed,12
CUST-01459,2026-03-22 00:00:00+00:00,20.56,succeeded,2
CUST-01459,2026-02-20 00:00:00+00:00,19.17,succeeded,2
CUST-01459,2026-01-21 00:00:00+00:00,15.75,succeeded,2
CUST-01459,2025-12-22 00:00:00+00:00,20.53,succeeded,3
CUST-01459,2025-11-22 00:00:00+00:00,17.15,succeeded,1
CUST-01460,2026-04-21 00:00:00+00:00,31.06,succeeded,1
CUST-01460,2026-03-22 00:00:00+00:00,29.82,succeeded,1
CUST-01460,2026-02-20 00:00:00+00:00,25.33,succeeded,3
CUST-01460,2026-01-21 00:00:00+00:00,21.5,succeeded,2
CUST-01460,2025-12-22 00:00:00+00:00,36.74,succeeded,0
CUST-01460,2025-11-22 00:00:00+00:00,29.02,succeeded,3
CUST-01461,2026-04-21 00:00:00+00:00,197.75,succeeded,3
CUST-01461,2026-03-22 00:00:00+00:00,197.65,succeeded,3
CUST-01461,2026-02-20 00:00:00+00:00,196.44,succeeded,0
CUST-01461,2026-01-21 00:00:00+00:00,202.49,failed,6
CUST-01461,2025-12-22 00:00:00+00:00,197.81,succeeded,2
CUST-01461,2025-11-22 00:00:00+00:00,206.0,succeeded,3
CUST-01462,2026-03-22 00:00:00+00:00,22.8,succeeded,0
CUST-01462,2026-02-20 00:00:00+00:00,28.46,succeeded,3
CUST-01462,2026-01-21 00:00:00+00:00,22.15,succeeded,2
CUST-01462,2025-12-22 00:00:00+00:00,30.02,succeeded,3
CUST-01462,2025-11-22 00:00:00+00:00,30.66,succeeded,1
CUST-01463,2026-04-21 00:00:00+00:00,214.17,succeeded,2
CUST-01463,2026-03-22 00:00:00+00:00,205.54,succeeded,1
CUST-01463,2026-02-20 00:00:00+00:00,205.9,succeeded,0
CUST-01463,2026-01-21 00:00:00+00:00,208.94,succeeded,2
CUST-01463,2025-12-22 00:00:00+00:00,210.94,succeeded,0
CUST-01463,2025-11-22 00:00:00+00:00,211.32,succeeded,1
CUST-01464,2026-04-21 00:00:00+00:00,28.8,succeeded,1
CUST-01464,2026-03-22 00:00:00+00:00,31.58,succeeded,2
CUST-01464,2026-02-20 00:00:00+00:00,28.12,succeeded,0
CUST-01464,2026-01-21 00:00:00+00:00,31.86,succeeded,0
CUST-01464,2025-12-22 00:00:00+00:00,34.16,succeeded,2
CUST-01464,2025-11-22 00:00:00+00:00,36.82,succeeded,3
CUST-01465,2026-04-21 00:00:00+00:00,212.25,succeeded,3
CUST-01465,2026-03-22 00:00:00+00:00,214.26,succeeded,0
CUST-01465,2026-02-20 00:00:00+00:00,208.74,succeeded,2
CUST-01465,2026-01-21 00:00:00+00:00,211.74,succeeded,0
CUST-01465,2025-12-22 00:00:00+00:00,206.24,failed,12
CUST-01465,2025-11-22 00:00:00+00:00,207.23,failed,11
CUST-01466,2026-04-21 00:00:00+00:00,31.64,succeeded,1
CUST-01466,2026-03-22 00:00:00+00:00,34.22,succeeded,2
CUST-01466,2026-02-20 00:00:00+00:00,33.39,succeeded,0
CUST-01466,2026-01-21 00:00:00+00:00,29.8,succeeded,1
CUST-01466,2025-12-22 00:00:00+00:00,40.54,succeeded,2
CUST-01466,2025-11-22 00:00:00+00:00,26.32,succeeded,0
CUST-01467,2026-04-21 00:00:00+00:00,31.44,succeeded,1
CUST-01467,2026-03-22 00:00:00+00:00,36.48,succeeded,1
CUST-01467,2026-02-20 00:00:00+00:00,31.31,succeeded,2
CUST-01467,2026-01-21 00:00:00+00:00,34.33,succeeded,1
CUST-01467,2025-12-22 00:00:00+00:00,34.61,succeeded,3
CUST-01467,2025-11-22 00:00:00+00:00,35.39,succeeded,2
CUST-01468,2026-04-21 00:00:00+00:00,189.2,succeeded,1
CUST-01468,2026-03-22 00:00:00+00:00,191.48,succeeded,0
CUST-01468,2026-02-20 00:00:00+00:00,194.06,succeeded,2
CUST-01468,2026-01-21 00:00:00+00:00,192.72,succeeded,3
CUST-01468,2025-12-22 00:00:00+00:00,192.56,succeeded,2
CUST-01468,2025-11-22 00:00:00+00:00,198.78,succeeded,3
CUST-01469,2026-03-22 00:00:00+00:00,201.18,succeeded,0
CUST-01469,2026-02-20 00:00:00+00:00,197.47,succeeded,3
CUST-01469,2026-01-21 00:00:00+00:00,193.72,succeeded,3
CUST-01469,2025-12-22 00:00:00+00:00,201.67,succeeded,3
CUST-01469,2025-11-22 00:00:00+00:00,204.73,succeeded,0
CUST-01470,2026-03-22 00:00:00+00:00,25.49,succeeded,2
CUST-01470,2026-02-20 00:00:00+00:00,34.38,succeeded,3
CUST-01470,2026-01-21 00:00:00+00:00,25.77,succeeded,2
CUST-01470,2025-12-22 00:00:00+00:00,27.31,succeeded,0
CUST-01470,2025-11-22 00:00:00+00:00,26.54,succeeded,3
CUST-01471,2026-03-22 00:00:00+00:00,22.02,succeeded,3
CUST-01471,2026-02-20 00:00:00+00:00,13.96,succeeded,3
CUST-01471,2026-01-21 00:00:00+00:00,10.92,succeeded,1
CUST-01471,2025-12-22 00:00:00+00:00,12.66,succeeded,0
CUST-01471,2025-11-22 00:00:00+00:00,17.58,succeeded,2
CUST-01472,2026-03-22 00:00:00+00:00,32.11,failed,3
CUST-01472,2026-02-20 00:00:00+00:00,22.87,succeeded,0
CUST-01472,2026-01-21 00:00:00+00:00,23.0,succeeded,0
CUST-01472,2025-12-22 00:00:00+00:00,29.0,succeeded,3
CUST-01472,2025-11-22 00:00:00+00:00,16.46,failed,5
CUST-01473,2026-04-21 00:00:00+00:00,26.57,succeeded,2
CUST-01473,2026-03-22 00:00:00+00:00,26.59,succeeded,3
CUST-01473,2026-02-20 00:00:00+00:00,24.09,succeeded,0
CUST-01473,2026-01-21 00:00:00+00:00,30.56,succeeded,3
CUST-01473,2025-12-22 00:00:00+00:00,27.21,succeeded,2
CUST-01473,2025-11-22 00:00:00+00:00,27.19,succeeded,1
CUST-01474,2026-04-21 00:00:00+00:00,27.02,succeeded,0
CUST-01474,2026-03-22 00:00:00+00:00,33.72,succeeded,3
CUST-01474,2026-02-20 00:00:00+00:00,34.49,succeeded,1
CUST-01474,2026-01-21 00:00:00+00:00,37.9,succeeded,3
CUST-01474,2025-12-22 00:00:00+00:00,35.88,succeeded,0
CUST-01474,2025-11-22 00:00:00+00:00,41.96,succeeded,1
CUST-01475,2026-04-21 00:00:00+00:00,210.25,succeeded,1
CUST-01475,2026-03-22 00:00:00+00:00,199.23,succeeded,0
CUST-01475,2026-02-20 00:00:00+00:00,205.14,succeeded,0
CUST-01475,2026-01-21 00:00:00+00:00,205.2,succeeded,3
CUST-01475,2025-12-22 00:00:00+00:00,214.71,succeeded,1
CUST-01475,2025-11-22 00:00:00+00:00,206.74,succeeded,0
CUST-01476,2026-03-22 00:00:00+00:00,26.11,succeeded,1
CUST-01476,2026-02-20 00:00:00+00:00,31.32,succeeded,3
CUST-01476,2026-01-21 00:00:00+00:00,28.05,succeeded,0
CUST-01476,2025-12-22 00:00:00+00:00,30.05,succeeded,2
CUST-01476,2025-11-22 00:00:00+00:00,31.69,succeeded,1
CUST-01477,2026-04-21 00:00:00+00:00,78.03,succeeded,2
CUST-01477,2026-03-22 00:00:00+00:00,78.75,succeeded,3
CUST-01477,2026-02-20 00:00:00+00:00,80.04,succeeded,3
CUST-01477,2026-01-21 00:00:00+00:00,89.36,failed,5
CUST-01477,2025-12-22 00:00:00+00:00,81.22,succeeded,2
CUST-01477,2025-11-22 00:00:00+00:00,81.22,succeeded,2
CUST-01478,2026-04-21 00:00:00+00:00,35.47,succeeded,3
CUST-01478,2026-03-22 00:00:00+00:00,32.35,succeeded,3
CUST-01478,2026-02-20 00:00:00+00:00,27.57,succeeded,0
CUST-01478,2026-01-21 00:00:00+00:00,34.39,failed,6
CUST-01478,2025-12-22 00:00:00+00:00,27.71,failed,8
CUST-01478,2025-11-22 00:00:00+00:00,34.97,succeeded,3
CUST-01479,2026-03-22 00:00:00+00:00,15.19,succeeded,2
CUST-01479,2026-02-20 00:00:00+00:00,10.42,succeeded,3
CUST-01479,2026-01-21 00:00:00+00:00,10.0,succeeded,1
CUST-01479,2025-12-22 00:00:00+00:00,10.0,succeeded,2
CUST-01479,2025-11-22 00:00:00+00:00,11.72,succeeded,3
CUST-01480,2026-03-22 00:00:00+00:00,60.54,succeeded,3
CUST-01480,2026-02-20 00:00:00+00:00,70.62,failed,9
CUST-01480,2026-01-21 00:00:00+00:00,77.1,succeeded,3
CUST-01480,2025-12-22 00:00:00+00:00,70.67,succeeded,0
CUST-01480,2025-11-22 00:00:00+00:00,78.45,failed,4
CUST-01481,2026-04-21 00:00:00+00:00,31.2,succeeded,2
CUST-01481,2026-03-22 00:00:00+00:00,41.59,succeeded,3
CUST-01481,2026-02-20 00:00:00+00:00,44.43,succeeded,3
CUST-01481,2026-01-21 00:00:00+00:00,38.65,failed,8
CUST-01481,2025-12-22 00:00:00+00:00,40.72,succeeded,0
CUST-01481,2025-11-22 00:00:00+00:00,38.73,succeeded,3
CUST-01482,2026-03-22 00:00:00+00:00,61.95,succeeded,2
CUST-01482,2026-02-20 00:00:00+00:00,63.91,failed,7
CUST-01482,2026-01-21 00:00:00+00:00,70.15,succeeded,2
CUST-01482,2025-12-22 00:00:00+00:00,58.99,succeeded,2
CUST-01482,2025-11-22 00:00:00+00:00,68.48,succeeded,0
CUST-01483,2026-03-22 00:00:00+00:00,23.08,succeeded,2
CUST-01483,2026-02-20 00:00:00+00:00,31.36,succeeded,1
CUST-01483,2026-01-21 00:00:00+00:00,32.79,succeeded,3
CUST-01483,2025-12-22 00:00:00+00:00,33.17,succeeded,1
CUST-01483,2025-11-22 00:00:00+00:00,29.86,succeeded,2
CUST-01484,2026-04-21 00:00:00+00:00,212.33,succeeded,0
CUST-01484,2026-03-22 00:00:00+00:00,213.11,succeeded,0
CUST-01484,2026-02-20 00:00:00+00:00,216.57,failed,12
CUST-01484,2026-01-21 00:00:00+00:00,211.54,succeeded,3
CUST-01484,2025-12-22 00:00:00+00:00,223.26,succeeded,0
CUST-01484,2025-11-22 00:00:00+00:00,214.18,succeeded,0
CUST-01485,2026-04-21 00:00:00+00:00,73.13,failed,5
CUST-01485,2026-03-22 00:00:00+00:00,70.75,failed,8
CUST-01485,2026-02-20 00:00:00+00:00,85.69,succeeded,1
CUST-01485,2026-01-21 00:00:00+00:00,67.75,succeeded,3
CUST-01485,2025-12-22 00:00:00+00:00,62.78,succeeded,1
CUST-01485,2025-11-22 00:00:00+00:00,76.01,succeeded,1
CUST-01486,2026-03-22 00:00:00+00:00,203.86,succeeded,1
CUST-01486,2026-02-20 00:00:00+00:00,203.42,succeeded,1
CUST-01486,2026-01-21 00:00:00+00:00,209.84,succeeded,2
CUST-01486,2025-12-22 00:00:00+00:00,194.13,succeeded,1
CUST-01486,2025-11-22 00:00:00+00:00,204.37,succeeded,1
CUST-01487,2026-03-22 00:00:00+00:00,19.69,succeeded,0
CUST-01487,2026-02-20 00:00:00+00:00,15.27,succeeded,1
CUST-01487,2026-01-21 00:00:00+00:00,22.67,succeeded,2
CUST-01487,2025-12-22 00:00:00+00:00,20.0,succeeded,0
CUST-01487,2025-11-22 00:00:00+00:00,21.85,succeeded,2
CUST-01488,2026-04-21 00:00:00+00:00,35.78,succeeded,2
CUST-01488,2026-03-22 00:00:00+00:00,54.52,failed,1
CUST-01488,2026-02-20 00:00:00+00:00,29.49,failed,8
CUST-01488,2026-01-21 00:00:00+00:00,34.96,failed,9
CUST-01488,2025-12-22 00:00:00+00:00,44.86,failed,8
CUST-01488,2025-11-22 00:00:00+00:00,38.37,succeeded,3
CUST-01489,2026-04-21 00:00:00+00:00,23.83,succeeded,0
CUST-01489,2026-03-22 00:00:00+00:00,30.63,succeeded,0
CUST-01489,2026-02-20 00:00:00+00:00,29.78,failed,9
CUST-01489,2026-01-21 00:00:00+00:00,36.06,succeeded,2
CUST-01489,2025-12-22 00:00:00+00:00,24.4,succeeded,3
CUST-01489,2025-11-22 00:00:00+00:00,25.16,succeeded,1
CUST-01490,2026-04-21 00:00:00+00:00,75.62,succeeded,1
CUST-01490,2026-03-22 00:00:00+00:00,80.77,succeeded,1
CUST-01490,2026-02-20 00:00:00+00:00,75.14,succeeded,3
CUST-01490,2026-01-21 00:00:00+00:00,80.82,succeeded,3
CUST-01490,2025-12-22 00:00:00+00:00,75.66,succeeded,1
CUST-01490,2025-11-22 00:00:00+00:00,74.29,succeeded,2
CUST-01491,2026-03-22 00:00:00+00:00,43.39,succeeded,3
CUST-01491,2026-02-20 00:00:00+00:00,36.84,succeeded,1
CUST-01491,2026-01-21 00:00:00+00:00,31.07,succeeded,0
CUST-01491,2025-12-22 00:00:00+00:00,39.49,succeeded,0
CUST-01491,2025-11-22 00:00:00+00:00,43.33,succeeded,0
CUST-01492,2026-03-22 00:00:00+00:00,35.72,succeeded,1
CUST-01492,2026-02-20 00:00:00+00:00,31.17,succeeded,3
CUST-01492,2026-01-21 00:00:00+00:00,32.76,succeeded,0
CUST-01492,2025-12-22 00:00:00+00:00,32.74,succeeded,2
CUST-01492,2025-11-22 00:00:00+00:00,49.22,succeeded,3
CUST-01493,2026-04-21 00:00:00+00:00,19.56,succeeded,0
CUST-01493,2026-03-22 00:00:00+00:00,34.82,succeeded,0
CUST-01493,2026-02-20 00:00:00+00:00,19.92,succeeded,0
CUST-01493,2026-01-21 00:00:00+00:00,31.34,succeeded,3
CUST-01493,2025-12-22 00:00:00+00:00,24.39,failed,10
CUST-01493,2025-11-22 00:00:00+00:00,18.72,succeeded,3
CUST-01494,2026-04-21 00:00:00+00:00,17.38,succeeded,0
CUST-01494,2026-03-22 00:00:00+00:00,16.93,succeeded,0
CUST-01494,2026-02-20 00:00:00+00:00,20.82,succeeded,3
CUST-01494,2026-01-21 00:00:00+00:00,29.9,succeeded,3
CUST-01494,2025-12-22 00:00:00+00:00,24.28,succeeded,3
CUST-01494,2025-11-22 00:00:00+00:00,30.67,succeeded,0
CUST-01495,2026-04-21 00:00:00+00:00,23.73,succeeded,0
CUST-01495,2026-03-22 00:00:00+00:00,36.46,succeeded,3
CUST-01495,2026-02-20 00:00:00+00:00,33.35,succeeded,0
CUST-01495,2026-01-21 00:00:00+00:00,25.38,succeeded,2
CUST-01495,2025-12-22 00:00:00+00:00,34.43,succeeded,3
CUST-01495,2025-11-22 00:00:00+00:00,33.72,succeeded,2
CUST-01496,2026-04-21 00:00:00+00:00,25.61,failed,2
CUST-01496,2026-03-22 00:00:00+00:00,20.4,succeeded,1
CUST-01496,2026-02-20 00:00:00+00:00,20.93,succeeded,2
CUST-01496,2026-01-21 00:00:00+00:00,24.36,succeeded,2
CUST-01496,2025-12-22 00:00:00+00:00,15.04,succeeded,1
CUST-01496,2025-11-22 00:00:00+00:00,25.18,succeeded,3
CUST-01497,2026-04-21 00:00:00+00:00,10.0,succeeded,3
CUST-01497,2026-03-22 00:00:00+00:00,10.0,succeeded,0
CUST-01497,2026-02-20 00:00:00+00:00,13.5,succeeded,2
CUST-01497,2026-01-21 00:00:00+00:00,22.51,succeeded,3
CUST-01497,2025-12-22 00:00:00+00:00,10.62,succeeded,2
CUST-01497,2025-11-22 00:00:00+00:00,10.0,succeeded,0
CUST-01498,2026-04-21 00:00:00+00:00,80.34,succeeded,1
CUST-01498,2026-03-22 00:00:00+00:00,79.21,succeeded,2
CUST-01498,2026-02-20 00:00:00+00:00,76.31,succeeded,2
CUST-01498,2026-01-21 00:00:00+00:00,83.24,succeeded,3
CUST-01498,2025-12-22 00:00:00+00:00,73.96,failed,13
CUST-01498,2025-11-22 00:00:00+00:00,73.97,succeeded,0
CUST-01499,2026-03-22 00:00:00+00:00,11.34,succeeded,2
CUST-01499,2026-02-20 00:00:00+00:00,12.75,succeeded,1
CUST-01499,2026-01-21 00:00:00+00:00,10.0,succeeded,2
CUST-01499,2025-12-22 00:00:00+00:00,14.62,succeeded,1
CUST-01499,2025-11-22 00:00:00+00:00,23.69,succeeded,0
CUST-01500,2026-04-21 00:00:00+00:00,46.79,succeeded,0
CUST-01500,2026-03-22 00:00:00+00:00,44.14,succeeded,1
CUST-01500,2026-02-20 00:00:00+00:00,30.66,succeeded,3
CUST-01500,2026-01-21 00:00:00+00:00,38.59,succeeded,0
CUST-01500,2025-12-22 00:00:00+00:00,41.72,succeeded,1
CUST-01500,2025-11-22 00:00:00+00:00,39.47,succeeded,3
